{
"type": "FeatureCollection",
"name": "QuyiAmudaryoIqtisodiyUmumiy",
"crs": { "type": "name", "properties": { "name": "urn:ogc:def:crs:EPSG::32642" } },
"features": [
{ "type": "Feature", "properties": { "fid_": 0, "id": "ffc4fe45-5d52-46ee-b8ef-2f44f80135cb", "prefix": "22", "region": "Xorazm viloyati", "st_area_sh": 11277408383.9, "st_length_": 994388.77492800006, "SHAPE__Len": 750210.60677199997, "SHAPE__Are": 6415429303.3399992 }, "geometry": { "type": "MultiPolygon", "coordinates": [ [ [ [ -241443.291500000283122, 4663210.457600001245737 ], [ -241523.761900001205504, 4663295.562900001183152 ], [ -241566.232199999503791, 4663358.474999999627471 ], [ -241581.506299998611212, 4663381.093400001525879 ], [ -241599.940199999138713, 4663408.401599999517202 ], [ -241634.756799998693168, 4663511.320900000631809 ], [ -241640.69990000128746, 4663545.86879999935627 ], [ -241645.388500000350177, 4663573.124099999666214 ], [ -241656.313299999572337, 4663636.674100002273917 ], [ -241657.902199999429286, 4663706.173900000751019 ], [ -241660.326100001111627, 4663812.199699999764562 ], [ -241658.863599998876452, 4663999.02110000140965 ], [ -241655.338200000114739, 4664115.600300000980496 ], [ -241662.783900000154972, 4664242.298900002613664 ], [ -241638.399299999698997, 4664422.835000002756715 ], [ -241603.569700000807643, 4664618.993300000205636 ], [ -241564.744800000451505, 4664805.529200000688434 ], [ -241505.977699998766184, 4664976.635300001129508 ], [ -241441.629999999888241, 4665060.896999999880791 ], [ -241346.60840000025928, 4665182.725099999457598 ], [ -241308.655200000852346, 4665257.159500000998378 ], [ -241294.120599999092519, 4665330.903300002217293 ], [ -241295.753100000321865, 4665343.034600000828505 ], [ -241303.331299999728799, 4665399.309100003913045 ], [ -241317.424099999479949, 4665443.280500002205372 ], [ -241333.984800000675023, 4665494.931500000879169 ], [ -241360.860100001096725, 4665566.425600001588464 ], [ -241377.283500000834465, 4665610.135900001972914 ], [ -241429.528099999763072, 4665863.825099999085069 ], [ -241430.149400001391768, 4665869.512499997392297 ], [ -241441.749900000169873, 4665976.925799999386072 ], [ -241450.516900000162423, 4666058.052599998190999 ], [ -241452.170400001108646, 4666073.368700003251433 ], [ -241442.381399999372661, 4666156.82039999961853 ], [ -241440.48240000102669, 4666173.021600004285574 ], [ -241385.638299999758601, 4666288.320300001651049 ], [ -241299.262000000104308, 4666420.1042 ], [ -241185.794299999251962, 4666538.289700001478195 ], [ -241089.680099999532104, 4666636.915900001302361 ], [ -241047.285000000149012, 4666680.42030000127852 ], [ -241040.814999999478459, 4666691.363199999555945 ], [ -241010.153300000354648, 4666743.228800002485514 ], [ -240964.676800000481308, 4666924.615199999883771 ], [ -240940.548199999146163, 4667035.069200001657009 ], [ -240897.95299999974668, 4667275.075600001960993 ], [ -240832.070300000719726, 4667480.72550000064075 ], [ -240769.858900000341237, 4667617.707400001585484 ], [ -240732.758700001053512, 4667630.283800000324845 ], [ -240661.172100001014769, 4667618.23789999820292 ], [ -240655.55420000012964, 4667615.047000002115965 ], [ -240609.497599999420345, 4667588.899000000208616 ], [ -240494.358599999919534, 4667531.728700000792742 ], [ -240409.282000000588596, 4667479.0044 ], [ -240339.953499998897314, 4667401.696100004017353 ], [ -240247.640800000168383, 4667290.9167 ], [ -240236.533400000073016, 4667277.58840000256896 ], [ -240142.288499998860061, 4667189.174599999561906 ], [ -240050.399400000460446, 4667133.64300000295043 ], [ -239894.6239, 4667122.676599999889731 ], [ -239810.953099998645484, 4667149.500200001522899 ], [ -239771.632099999114871, 4667179.014300001785159 ], [ -239736.950699999928474, 4667205.039900001138449 ], [ -239700.057199998758733, 4667234.965500002726912 ], [ -239648.14710000064224, 4667277.063000001013279 ], [ -239622.963499998673797, 4667297.48870000243187 ], [ -239545.419900000095367, 4667303.711800001561642 ], [ -239473.512499999254942, 4667296.317900000140071 ], [ -239427.469999998807907, 4667253.35499999858439 ], [ -239398.647300000302494, 4667164.875199999660254 ], [ -239404.04939999897033, 4667088.153699999675155 ], [ -239436.857499999925494, 4667020.36430000141263 ], [ -239491.572400000877678, 4666940.104600001126528 ], [ -239545.266099998727441, 4666860.520000003278255 ], [ -239569.830199998803437, 4666824.112400000914931 ], [ -239640.136399999260902, 4666721.578499998897314 ], [ -239663.082000000402331, 4666594.683800000697374 ], [ -239659.270200000144541, 4666563.545200001448393 ], [ -239652.699899999424815, 4666509.843500001356006 ], [ -239610.086100000888109, 4666418.055800002068281 ], [ -239532.572200000286102, 4666291.10080000013113 ], [ -239416.380699999630451, 4666182.452900001779199 ], [ -239266.501499999314547, 4666087.796700002625585 ], [ -239001.018400000408292, 4665975.653799999505281 ], [ -238733.052999999374151, 4665865.678600003942847 ], [ -238567.744099999777973, 4665790.960400000214577 ], [ -238541.776700001209974, 4665782.888400001451373 ], [ -238490.009599999524653, 4665766.800000004470348 ], [ -238320.882399998605251, 4665684.472900001332164 ], [ -238306.067599999718368, 4665677.962600003927946 ], [ -238126.684199999086559, 4665603.204000001773238 ], [ -238079.988499999977648, 4665583.7412 ], [ -237872.469399998895824, 4665478.01860000193119 ], [ -237750.385400000959635, 4665448.459800003096461 ], [ -237695.5795, 4665435.199500001966953 ], [ -237580.838200000114739, 4665438.806199999526143 ], [ -237512.956500000320375, 4665473.750600002706051 ], [ -237441.117700000293553, 4665531.778300002217293 ], [ -237369.804999999701977, 4665615.544900001958013 ], [ -237366.846599999815226, 4665623.868699999526143 ], [ -237340.668200000189245, 4665697.610500002279878 ], [ -237337.261199999600649, 4665779.146299999207258 ], [ -237315.390999998897314, 4665824.33250000141561 ], [ -237261.794199999421835, 4665855.607200002297759 ], [ -237203.375099998898804, 4665888.878699999302626 ], [ -237103.274600000120699, 4665916.881699999794364 ], [ -236998.526099999435246, 4665944.5603 ], [ -236989.284299999475479, 4665952.15510000102222 ], [ -236940.743800000287592, 4665992.068499997258186 ], [ -236904.287700000219047, 4666022.041500002145767 ], [ -236845.798600000329316, 4666064.374200003221631 ], [ -236783.659899999387562, 4666109.344799999147654 ], [ -236738.94510000012815, 4666114.590700000524521 ], [ -236696.49409999884665, 4666119.568 ], [ -236598.190500000491738, 4666121.997700002044439 ], [ -236556.800699998624623, 4666137.477600000798702 ], [ -236487.811499998904765, 4666163.294700000435114 ], [ -236363.768899998627603, 4666166.242499999701977 ], [ -236333.796400001272559, 4666150.140599999576807 ], [ -236318.745900001376867, 4666142.05290000140667 ], [ -236301.744599998928607, 4666084.777599999681115 ], [ -236300.88469999935478, 4665897.805500002577901 ], [ -236281.526999998837709, 4665807.656200001016259 ], [ -236214.65889999922365, 4665695.481200002133846 ], [ -236048.397699999623001, 4665501.539900003001094 ], [ -235819.296400000341237, 4665237.766600001603365 ], [ -235689.126899998635054, 4665095.429100001230836 ], [ -235615.027999999932945, 4665052.836300002411008 ], [ -235568.851899999193847, 4665044.913800001144409 ], [ -235520.263100000098348, 4665104.574700001627207 ], [ -235515.848900000564754, 4665167.351399999111891 ], [ -235535.501899998635054, 4665220.133300002664328 ], [ -235573.943400000222027, 4665304.611500000581145 ], [ -235586.131799998693168, 4665363.879799999296665 ], [ -235560.596499999053776, 4665394.791300002485514 ], [ -235482.403199998661876, 4665410.320299999788404 ], [ -235168.284699999727309, 4665458.307400001212955 ], [ -234974.503999999724329, 4665456.359400002285838 ], [ -234739.984000000171363, 4665402.47130000218749 ], [ -234509.787700000219047, 4665353.569399999454618 ], [ -234360.142400000244379, 4665322.012900004163384 ], [ -234292.52860000077635, 4665286.880500001832843 ], [ -234266.556200000457466, 4665224.308199999853969 ], [ -234201.249099998734891, 4665023.46309999935329 ], [ -234097.003999999724329, 4664745.114100001752377 ], [ -234035.147400001063943, 4664661.319900000467896 ], [ -233842.390599999576807, 4664379.084400001913309 ], [ -233664.058799999766052, 4664113.505100002512336 ], [ -233626.685299999080598, 4664057.846500001847744 ], [ -233560.008200000971556, 4663976.059600001201034 ], [ -233536.941200000233948, 4663937.624900002032518 ], [ -233489.100700000301003, 4663857.892100000753999 ], [ -233457.539900000207126, 4663805.31050000153482 ], [ -233432.699000000953674, 4663730.989199999719858 ], [ -233401.563699999824166, 4663637.833399999886751 ], [ -233394.031399998813868, 4663578.89299999922514 ], [ -233397.134200000204146, 4663534.719600001350045 ], [ -233396.269700000062585, 4663497.277900001034141 ], [ -233339.795599999837577, 4663486.297399997711182 ], [ -233264.42329999897629, 4663495.016100002452731 ], [ -233252.067499999888241, 4663496.959699999541044 ], [ -233177.128899998962879, 4663508.794700000435114 ], [ -233172.283300000242889, 4663509.558100001886487 ], [ -233137.927799998782575, 4663525.912799999117851 ], [ -233116.690199999138713, 4663536.022299999371171 ], [ -233085.518700000829995, 4663580.552400000393391 ], [ -233040.108999999240041, 4663661.465700000524521 ], [ -232998.244300001300871, 4663791.691999999806285 ], [ -232947.040699999779463, 4663888.552699999883771 ], [ -232898.649299999698997, 4663978.606200000271201 ], [ -232841.257000001147389, 4664030.63539999909699 ], [ -232777.863699999637902, 4664068.23509999923408 ], [ -232698.042300000786781, 4664107.00450000166893 ], [ -232635.994600000791252, 4664158.718000002205372 ], [ -232575.135599999688566, 4664226.861200001090765 ], [ -232510.176099998876452, 4664353.125 ], [ -232415.363699999637902, 4664505.318 ], [ -232323.563999999314547, 4664681.092599997296929 ], [ -232269.6418999992311, 4664717.020400002598763 ], [ -232227.630000000819564, 4664716.397900002077222 ], [ -232177.106999999843538, 4664670.795200001448393 ], [ -232128.544400000013411, 4664597.283399999141693 ], [ -232025.749300001189113, 4664431.185700001195073 ], [ -231912.633600001223385, 4664245.676300004124641 ], [ -231751.290900001302361, 4663982.007200002670288 ], [ -231698.404399999417365, 4663903.525499999523163 ], [ -231646.823399999178946, 4663806.448200004175305 ], [ -231590.067099999636412, 4663683.303000001236796 ], [ -231554.074399999342859, 4663563.954500002786517 ], [ -231497.338100000284612, 4663307.650700001046062 ], [ -231479.487200000323355, 4663229.295399999246001 ], [ -231454.175699999555945, 4663157.424900004640222 ], [ -231424.403299999423325, 4663115.618899999186397 ], [ -231337.665400000289083, 4663053.443900002166629 ], [ -231286.713800000958145, 4663017.243699999526143 ], [ -231246.432299999520183, 4662988.623800003901124 ], [ -231043.216599998995662, 4662855.185300001874566 ], [ -230869.243599999696016, 4662737.81560000218451 ], [ -230676.6727, 4662619.144000001251698 ], [ -230561.703499999828637, 4662559.662000000476837 ], [ -230431.612299999222159, 4662482.759800001978874 ], [ -230282.918299999088049, 4662404.554500000551343 ], [ -230258.513699999079108, 4662388.96169999986887 ], [ -230194.357399999164045, 4662347.978000000119209 ], [ -230130.888799998909235, 4662307.426900003105402 ], [ -229989.458399998955429, 4662192.351600000634789 ], [ -229921.609299999661744, 4662094.128800002858043 ], [ -229872.118499998934567, 4661934.12049999833107 ], [ -229848.0489999987185, 4661815.366500001400709 ], [ -229829.17439999897033, 4661742.900200003758073 ], [ -229787.405699999071658, 4661610.438500000163913 ], [ -229740.264200000092387, 4661509.923900000751019 ], [ -229728.491600000299513, 4661484.815199999138713 ], [ -229711.236500000581145, 4661464.456800004467368 ], [ -229640.036700000055134, 4661380.473300002515316 ], [ -229576.748900000937283, 4661350.323899999260902 ], [ -229464.829800000414252, 4661347.127900002524257 ], [ -229405.857699999585748, 4661321.955100001767278 ], [ -229393.019000000320375, 4661271.996000003069639 ], [ -229389.079300000332296, 4661161.914100000634789 ], [ -229419.350499999709427, 4661063.589099999517202 ], [ -229495.508000001311302, 4661010.536399999633431 ], [ -229591.910500000230968, 4660931.148900002241135 ], [ -229592.216200000606477, 4660930.894300004467368 ], [ -229617.877100000157952, 4660864.949500001966953 ], [ -229623.270199999213219, 4660788.23369999974966 ], [ -229608.641200000420213, 4660726.501400001347065 ], [ -229605.25239999871701, 4660712.204300001263618 ], [ -229543.932099999859929, 4660594.408400001004338 ], [ -229515.043299999088049, 4660538.925499999895692 ], [ -229510.576400000602007, 4660530.336300004273653 ], [ -229384.455300000496209, 4660297.192099999636412 ], [ -229280.601599998772144, 4660079.635200001299381 ], [ -229220.098600000143051, 4659876.804300002753735 ], [ -229180.828400000929832, 4659768.562599999830127 ], [ -229165.967299998737872, 4659727.624700002372265 ], [ -229157.468999999575317, 4659704.19649999961257 ], [ -229104.996599999256432, 4659553.3256 ], [ -229048.400299998931587, 4659427.868000000715256 ], [ -228959.134199999272823, 4659335.148700000718236 ], [ -228889.805100000463426, 4659257.855400001630187 ], [ -228839.968999999575317, 4659235.6645 ], [ -228801.961399999447167, 4659244.67540000192821 ], [ -228766.797600000165403, 4659279.58390000090003 ], [ -228764.48369999974966, 4659284.089600002393126 ], [ -228734.329700000584126, 4659342.715700002387166 ], [ -228677.832500000484288, 4659448.545100001618266 ], [ -228640.634499999694526, 4659533.113000001758337 ], [ -228625.003000000491738, 4659568.646900001913309 ], [ -228573.93019999936223, 4659630.476600002497435 ], [ -228496.602500000037253, 4659667.087100001052022 ], [ -228434.199699998833239, 4659690.737400002777576 ], [ -228315.839699999429286, 4659712.78800000436604 ], [ -228238.995099999941885, 4659742.433400001376867 ], [ -228192.541899999603629, 4659771.869000000879169 ], [ -228161.375399999320507, 4659816.407899998128414 ], [ -228124.907399999909103, 4659869.910700000822544 ], [ -228085.413800001144409, 4660033.0022 ], [ -228083.966699999757111, 4660039.892200002446771 ], [ -228060.805900000035763, 4660150.417899997904897 ], [ -228037.508399998769164, 4660249.237500000745058 ], [ -228001.398799998685718, 4660330.79839999973774 ], [ -227955.142500000074506, 4660390.624900002032518 ], [ -227895.066300000995398, 4660414.438100000843406 ], [ -227827.133899999782443, 4660419.892300004139543 ], [ -227817.534999999217689, 4660420.66190000064671 ], [ -227669.083799999207258, 4660405.554700000211596 ], [ -227636.214299999177456, 4660400.130200004205108 ], [ -227627.603500000201166, 4660398.70550000295043 ], [ -227521.283400001004338, 4660381.153400003910065 ], [ -227403.381299998611212, 4660363.522600000724196 ], [ -227254.401900000870228, 4660322.679800003767014 ], [ -227053.789499999955297, 4660285.215400002896786 ], [ -226908.287899999879301, 4660241.01799999922514 ], [ -226895.530500000342727, 4660237.144900001585484 ], [ -226813.623499998822808, 4660212.265900000929832 ], [ -226673.744399999268353, 4660141.694399999454618 ], [ -226421.191399999894202, 4659979.0987 ], [ -226196.07969999872148, 4659858.15230000205338 ], [ -226163.93879999872297, 4659831.70299999974668 ], [ -226141.226599999703467, 4659813.015500001609325 ], [ -226081.24519999884069, 4659763.643500000238419 ], [ -225947.283700000494719, 4659642.098899999633431 ], [ -225840.237700000405312, 4659536.458500001579523 ], [ -225802.968700000084937, 4659468.42339999973774 ], [ -225793.273699999786913, 4659407.008100001141429 ], [ -225816.567199999466538, 4659308.194300003349781 ], [ -225833.709800000302494, 4659197.262800002470613 ], [ -225833.267699998803437, 4659103.788599999621511 ], [ -225821.442699998617172, 4659072.58840000256896 ], [ -225705.144800000824034, 4658969.372199999168515 ], [ -225671.168500000610948, 4658936.646000001579523 ], [ -225620.482999999076128, 4658873.91440000385046 ], [ -225578.36500000115484, 4658775.170100001618266 ], [ -225544.363699999637902, 4658660.6469 ], [ -225488.022099999710917, 4658465.130400000140071 ], [ -225379.443699999712408, 4658181.843499999493361 ], [ -225324.967400000430644, 4658034.626000002026558 ], [ -225314.656299998983741, 4658006.755300000309944 ], [ -225309.336499999277294, 4657994.391699999570847 ], [ -225282.523100000806153, 4657932.077500002458692 ], [ -225261.448500000871718, 4657799.779100000858307 ], [ -225234.230500000528991, 4657522.206599999219179 ], [ -225225.882999999448657, 4657341.73960000090301 ], [ -225191.443399999290705, 4657212.36710000038147 ], [ -225181.521999999880791, 4657175.09910000115633 ], [ -225121.785499999299645, 4657061.108999999240041 ], [ -225110.608599999919534, 4657055.021300001069903 ], [ -225048.248699999414384, 4657021.083699999377131 ], [ -225037.858799999579787, 4657015.430400002747774 ], [ -225018.28169999923557, 4657004.780999999493361 ], [ -224944.061099998652935, 4656997.230900002643466 ], [ -224869.48689999897033, 4657001.888800002634525 ], [ -224803.280399999581277, 4657006.023100001737475 ], [ -224604.541699999943376, 4657008.41780000180006 ], [ -224505.275400000624359, 4657024.807299999520183 ], [ -224437.932000000961125, 4657054.338900001719594 ], [ -224408.864699999801815, 4657067.089499998837709 ], [ -224314.076700000092387, 4657118.4527000002563 ], [ -224302.005400001071393, 4657124.992500003427267 ], [ -224220.890499998815358, 4657182.365299999713898 ], [ -224210.206100000068545, 4657193.541600001975894 ], [ -224165.928100001066923, 4657239.866300003603101 ], [ -224122.555100000463426, 4657285.251599999144673 ], [ -224070.347199999727309, 4657363.346300004050136 ], [ -224041.86530000064522, 4657431.329800000414252 ], [ -224011.4054000005126, 4657504.04250000230968 ], [ -223962.576100001111627, 4657633.765500001609325 ], [ -223956.561200000345707, 4657719.409499999135733 ], [ -223951.638700000941753, 4657789.5118000023067 ], [ -223992.735599999316037, 4657869.490800000727177 ], [ -224049.783099999651313, 4657955.258500002324581 ], [ -224194.094300000928342, 4658128.925800001248717 ], [ -224373.974999999627471, 4658328.445100001990795 ], [ -224498.465599999763072, 4658451.664500001817942 ], [ -224590.583600000478327, 4658570.265100002288818 ], [ -224581.071499998681247, 4658672.383400002494454 ], [ -224524.042299999855459, 4658885.632900001481175 ], [ -224431.557699999772012, 4659171.142600001767278 ], [ -224352.093299999833107, 4659371.127800000831485 ], [ -224296.902599998749793, 4659458.359700001776218 ], [ -224244.295400000177324, 4659475.687300000339746 ], [ -224160.932400001212955, 4659465.151899999007583 ], [ -224114.283699999563396, 4659454.583200002089143 ], [ -224064.791899998672307, 4659443.371200000867248 ], [ -224041.360600000247359, 4659438.061200002208352 ], [ -223890.884600000455976, 4659385.436500001698732 ], [ -223652.319500000216067, 4659256.545 ], [ -223424.823500000871718, 4659126.102300001308322 ], [ -223387.010300000198185, 4659109.551700003445148 ], [ -223336.512300000526011, 4659089.210100000724196 ], [ -223318.178199999034405, 4659079.838000001385808 ], [ -223195.66370000038296, 4659039.900200003758073 ], [ -223063.491499998606741, 4659025.94339999742806 ], [ -222952.173600000329316, 4659026.072699999436736 ], [ -222867.250400001183152, 4659026.165900001302361 ], [ -222849.244800001382828, 4659029.075000002980232 ], [ -222823.749599998816848, 4659033.193800000473857 ], [ -222717.789300001226366, 4659050.325899999588728 ], [ -222675.856199999339879, 4659057.100100001320243 ], [ -222646.913200000301003, 4659066.965300001204014 ], [ -222584.912399998866022, 4659088.083600003272295 ], [ -222545.465300000272691, 4659052.539400001987815 ], [ -222507.214399999938905, 4659018.080600002780557 ], [ -222444.311699999496341, 4658961.40820000320673 ], [ -222352.533300001174212, 4658874.792100001126528 ], [ -222238.38329999987036, 4658767.061200000345707 ], [ -222146.673300000838935, 4658709.222600003704429 ], [ -222125.718899998813868, 4658706.211100002750754 ], [ -222114.109899998642504, 4658704.541400000452995 ], [ -222019.479399998672307, 4658690.945300001651049 ], [ -221918.2182, 4658702.516699999570847 ], [ -221840.074400000274181, 4658750.754600003361702 ], [ -221816.370500000193715, 4658781.410900000482798 ], [ -221783.541999999433756, 4658823.867600001394749 ], [ -221700.014499998651445, 4658948.812699997797608 ], [ -221629.534300001338124, 4659055.791100000962615 ], [ -221605.872699999250472, 4659091.696500001475215 ], [ -221599.664399999193847, 4659101.715600002557039 ], [ -221567.154400000348687, 4659154.145400000736117 ], [ -221476.784400000236928, 4659299.877100000157952 ], [ -221405.222699999809265, 4659427.8136 ], [ -221369.915200000628829, 4659490.9222 ], [ -221331.014400000683963, 4659565.0143 ], [ -221319.306799999438226, 4659587.305700002238154 ], [ -221302.492799999192357, 4659619.336000001057982 ], [ -221283.2204, 4659674.077700002118945 ], [ -221238.285499999299645, 4659801.702199999243021 ], [ -221224.471199999563396, 4659839.530000001192093 ], [ -221171.747699999250472, 4659983.902000000700355 ], [ -221124.792999999597669, 4660094.104900004342198 ], [ -221118.602300000376999, 4660108.647100001573563 ], [ -221104.480799999088049, 4660160.137900002300739 ], [ -221093.464900000020862, 4660200.317399999126792 ], [ -221082.934599999338388, 4660283.672700002789497 ], [ -221102.131799998693168, 4660376.119800001382828 ], [ -221193.880799999460578, 4660466.667099999263883 ], [ -221266.868299999274313, 4660558.228100001811981 ], [ -221278.762699999846518, 4660571.920800000429153 ], [ -221281.669999999925494, 4660575.271299999207258 ], [ -221379.244100000709295, 4660687.602000001817942 ], [ -221536.818799999542534, 4660861.859500002115965 ], [ -221656.684799999929965, 4660994.427599998190999 ], [ -221727.786000000312924, 4661066.919399999082088 ], [ -221732.972900000400841, 4661072.21000000089407 ], [ -221833.445900000631809, 4661186.050100000575185 ], [ -221836.371399998664856, 4661189.365000003948808 ], [ -221871.443499999120831, 4661229.110499998554587 ], [ -221972.943999999202788, 4661280.626000002026558 ], [ -222076.161799999885261, 4661301.301999999210238 ], [ -222152.621700000017881, 4661316.622700003907084 ], [ -222270.922299998812377, 4661395.0219 ], [ -222296.925799999386072, 4661490.286599999293685 ], [ -222340.620199999772012, 4661666.220300002023578 ], [ -222369.292999999597669, 4661796.432700004428625 ], [ -222400.726599998772144, 4661945.869600001722574 ], [ -222409.210600000806153, 4661986.4070999994874 ], [ -222452.66679999884218, 4662099.258400002494454 ], [ -222550.207099999301136, 4662173.85950000397861 ], [ -222588.477900001220405, 4662194.716300001367927 ], [ -222707.696899999864399, 4662259.685500003397465 ], [ -222907.880099998787045, 4662369.540300004184246 ], [ -222935.685899999924004, 4662388.880999999120831 ], [ -223023.686099998652935, 4662450.0945999994874 ], [ -223139.506399999372661, 4662561.596599999815226 ], [ -223165.781899998895824, 4662586.898800002411008 ], [ -223170.27970000077039, 4662591.224500002339482 ], [ -223278.341500000096858, 4662703.750200001522899 ], [ -223282.081799998879433, 4662707.65260000154376 ], [ -223307.402299999259412, 4662734.016300002112985 ], [ -223340.64299999922514, 4662777.348200004547834 ], [ -223343.39640000090003, 4662780.931800000369549 ], [ -223422.960899999365211, 4662884.646299999207258 ], [ -223468.779799998737872, 4663030.3662 ], [ -223537.508099999278784, 4663118.710700001567602 ], [ -223540.118800000287592, 4663122.061499999836087 ], [ -223543.763999999500811, 4663126.744200004264712 ], [ -223628.135800001211464, 4663156.041500000283122 ], [ -223777.924699999392033, 4663185.260299999266863 ], [ -223931.34639999922365, 4663196.052900003269315 ], [ -224064.082099999301136, 4663247.333100000396371 ], [ -224064.626600001007318, 4663247.546700002625585 ], [ -224138.29829999897629, 4663276.013699999079108 ], [ -224155.483799999579787, 4663284.456700000911951 ], [ -224159.460799999535084, 4663286.40510000102222 ], [ -224404.754399999044836, 4663406.88230000063777 ], [ -224489.060399999842048, 4663466.795400001108646 ], [ -224494.580199998803437, 4663470.714700002223253 ], [ -224495.974699999205768, 4663471.699799999594688 ], [ -224582.180299999192357, 4663508.132799999788404 ], [ -224616.028400000184774, 4663528.939900001510978 ], [ -224685.188900001347065, 4663571.441500004380941 ], [ -224678.774799999780953, 4663629.397900002077222 ], [ -224611.595100000500679, 4663687.741400001570582 ], [ -224457.794199999421835, 4663782.046900002285838 ], [ -224429.312599998898804, 4663798.447800002992153 ], [ -224338.49309999961406, 4663850.749900002032518 ], [ -224278.451999998651445, 4663907.264700002968311 ], [ -224279.668899999000132, 4663956.406000003218651 ], [ -224301.315200000070035, 4664013.998100003227592 ], [ -224359.010999999940395, 4664090.475900001823902 ], [ -224515.914200001396239, 4664251.014000002294779 ], [ -224704.069999999366701, 4664440.790999999269843 ], [ -224835.537799999117851, 4664584.629000000655651 ], [ -224991.309899998828769, 4664765.690700000151992 ], [ -225121.663599999621511, 4664938.384100001305342 ], [ -225377.195700000040233, 4665257.721500001847744 ], [ -225568.090399999171495, 4665532.791200000792742 ], [ -225777.820899998769164, 4665872.26799999922514 ], [ -226014.035800000652671, 4666300.050000002607703 ], [ -226153.714899999089539, 4666506.113000003620982 ], [ -226165.646000000648201, 4666526.325500002130866 ], [ -226220.349399999715388, 4666619.058800002560019 ], [ -226283.122999998740852, 4666725.463999999687076 ], [ -226415.82880000025034, 4666931.04360000230372 ], [ -226534.853099999949336, 4667065.567500000819564 ], [ -226602.542299998924136, 4667099.530899999663234 ], [ -226672.724499998614192, 4667131.336700001731515 ], [ -226818.034899999387562, 4667157.91750000230968 ], [ -226935.933699999935925, 4667175.559000000357628 ], [ -227118.601199999451637, 4667202.430800000205636 ], [ -227381.32050000037998, 4667253.629000004380941 ], [ -227612.839499999769032, 4667292.133899999782443 ], [ -227695.021099998615682, 4667307.036900002509356 ], [ -227801.299599999561906, 4667327.575500003993511 ], [ -227961.373499998822808, 4667343.514800000935793 ], [ -228175.928399998694658, 4667381.972300002351403 ], [ -228443.627499999478459, 4667428.850400000810623 ], [ -228807.818100000731647, 4667498.866300001740456 ], [ -228997.299499999731779, 4667528.557700000703335 ], [ -229241.25889999885112, 4667580.769900003448129 ], [ -229465.647099998779595, 4667645.625300001353025 ], [ -229644.19469999987632, 4667697.906200001016259 ], [ -229790.684800000861287, 4667740.924500001594424 ], [ -229945.653999999165535, 4667796.221200000494719 ], [ -230106.861700001172721, 4667865.897399999201298 ], [ -230201.965099998749793, 4667907.003900004550815 ], [ -230242.66569999884814, 4667924.595000002533197 ], [ -230499.207799999974668, 4668036.811800001189113 ], [ -230510.858799998648465, 4668041.901800001040101 ], [ -230541.83729999884963, 4668055.45350000448525 ], [ -230778.93030000012368, 4668205.315200001001358 ], [ -230893.893500000238419, 4668264.800700001418591 ], [ -231095.236299999989569, 4668358.40739999897778 ], [ -231350.104500001296401, 4668521.201600002124906 ], [ -231476.193900000303984, 4668595.74379999935627 ], [ -231520.833999999798834, 4668622.134800001978874 ], [ -231596.832200000993907, 4668667.062700001522899 ], [ -231730.233199999667704, 4668736.845100000500679 ], [ -231766.567900000140071, 4668757.400800002738833 ], [ -231917.32149999961257, 4668860.174499999731779 ], [ -232079.501500000245869, 4668979.06050000153482 ], [ -232184.223500000312924, 4669084.554400000721216 ], [ -232284.77589999884367, 4669182.752200001850724 ], [ -232426.593800000846386, 4669358.615299999713898 ], [ -232486.905399998649955, 4669397.906199999153614 ], [ -232542.114099999889731, 4669423.629900000989437 ], [ -232542.308799999766052, 4669423.717700002714992 ], [ -232593.224899998866022, 4669447.448600001633167 ], [ -232765.68089999910444, 4669553.041600001975894 ], [ -232852.290300000458956, 4669650.253400001674891 ], [ -232970.33739999961108, 4669798.742200003936887 ], [ -233109.447599998675287, 4669966.588100001215935 ], [ -233120.906599999405444, 4669980.415400002151728 ], [ -233198.590299999341369, 4670074.147900000214577 ], [ -233351.91499999910593, 4670257.446900002658367 ], [ -233402.663599998690188, 4670318.11600000038743 ], [ -233427.013299999758601, 4670347.227900002151728 ], [ -233525.605899998918176, 4670473.326100001111627 ], [ -233627.241800000891089, 4670655.712000001221895 ], [ -233633.548999999649823, 4670683.757700001820922 ], [ -233633.652099999599159, 4670684.2195999994874 ], [ -233659.265000000596046, 4670798.148300003260374 ], [ -233685.263000000268221, 4670893.43130000308156 ], [ -233773.705299999564886, 4670997.783500000834465 ], [ -233960.872999998740852, 4671193.20299999974668 ], [ -234047.837600000202656, 4671318.485400004312396 ], [ -234120.558199998922646, 4671443.770700002089143 ], [ -234122.650700001046062, 4671447.386200001463294 ], [ -234206.187899999320507, 4671591.3037 ], [ -234275.63370000012219, 4671700.6776 ], [ -234280.667399999685585, 4671708.598099999129772 ], [ -234307.129099998623133, 4671750.2818 ], [ -234355.48549999948591, 4671859.38289999961853 ], [ -234396.033399999141693, 4671951.080200001597404 ], [ -234430.673999999649823, 4672061.49269999936223 ], [ -234437.808800000697374, 4672084.239800000563264 ], [ -234434.793599999509752, 4672226.545900002121925 ], [ -234487.606199999339879, 4672405.493699999526143 ], [ -234590.450300000607967, 4672637.030200000852346 ], [ -234696.569500001147389, 4672822.070600001141429 ], [ -234885.954899999313056, 4673085.405500002205372 ], [ -235006.677699999883771, 4673262.130400002002716 ], [ -235076.873499998822808, 4673360.040600001811981 ], [ -235151.33559999987483, 4673463.906199999153614 ], [ -235333.7137999990955, 4673694.040900001302361 ], [ -235459.332499999552965, 4673850.155099999159575 ], [ -235499.131000000052154, 4673899.617400001734495 ], [ -235619.985399998724461, 4674041.308200001716614 ], [ -235776.235299999825656, 4674211.194100003689528 ], [ -235935.855499998666346, 4674432.719100004062057 ], [ -235979.302299999631941, 4674545.592400003224611 ], [ -236008.729199999012053, 4674757.943500000983477 ], [ -235997.361900000832975, 4674852.9353 ], [ -235961.271200001239777, 4674967.212600002065301 ], [ -235921.403199999593198, 4675070.951500002294779 ], [ -235898.326900000683963, 4675130.998200001195073 ], [ -235819.89670000039041, 4675249.300200002267957 ], [ -235788.393400000408292, 4675298.480800000950694 ], [ -235712.7489, 4675377.259999999776483 ], [ -235545.021599999628961, 4675535.995700001716614 ], [ -235410.006199999712408, 4675694.700099999085069 ], [ -235373.392400000244379, 4675783.23870000243187 ], [ -235358.551900000311434, 4675894.339900003746152 ], [ -235369.909599998965859, 4675965.232400001958013 ], [ -235416.63160000089556, 4676031.608500001952052 ], [ -235482.802200000733137, 4676120.383200000971556 ], [ -235562.788599998690188, 4676245.178100001066923 ], [ -235671.031299998983741, 4676400.002000000327826 ], [ -235836.041299999691546, 4676710.695000000298023 ], [ -235950.080599999986589, 4676849.573699999600649 ], [ -236160.482699998654425, 4677046.648 ], [ -236382.01759999897331, 4677251.517300004139543 ], [ -236483.716500000096858, 4677333.453500002622604 ], [ -236674.774100000038743, 4677440.381700001657009 ], [ -236932.464200000278652, 4677596.40090000256896 ], [ -237140.872000001370907, 4677709.101399999111891 ], [ -237195.787999999709427, 4677738.79980000294745 ], [ -237270.463299999944866, 4677788.185900002717972 ], [ -237334.193900001235306, 4677830.334899999201298 ], [ -237523.911600000225008, 4677923.152000002563 ], [ -237660.454900000244379, 4677974.836600001901388 ], [ -237756.655299999751151, 4678035.358800001442432 ], [ -237897.90809999871999, 4678152.797000002115965 ], [ -238093.483500000089407, 4678295.094600001350045 ], [ -238338.403800000436604, 4678466.574100000783801 ], [ -238481.588800000026822, 4678536.486200001090765 ], [ -238559.09260000102222, 4678574.330300001427531 ], [ -238573.309899998828769, 4678581.272600002586842 ], [ -238698.229899998754263, 4678632.1392 ], [ -238788.902399999089539, 4678638.533700002357364 ], [ -238882.883600000292063, 4678631.142399998381734 ], [ -239048.059399998746812, 4678575.032400004565716 ], [ -239071.288399999961257, 4678551.25 ], [ -239139.902499998919666, 4678481.002800000831485 ], [ -239146.274199998937547, 4678474.479400001466274 ], [ -239168.644899998791516, 4678422.31730000115931 ], [ -239172.058400000445545, 4678340.780200000852346 ], [ -239176.172799999825656, 4678116.76549999974668 ], [ -239152.938800000585616, 4677949.235000001266599 ], [ -239146.490600000135601, 4677845.62190000154078 ], [ -239146.366499998606741, 4677843.628700001165271 ], [ -239184.683299999684095, 4677797.263899998739362 ], [ -239283.091399999335408, 4677727.097899999469519 ], [ -239412.305099999532104, 4677750.228200003504753 ], [ -239498.174699999392033, 4677794.117499999701977 ], [ -239608.510800000280142, 4677850.514400001615286 ], [ -239816.341500000096858, 4677951.621000001206994 ], [ -239971.426600000821054, 4678004.913800001144409 ], [ -240055.872899998910725, 4678033.934300001710653 ], [ -240180.139100001193583, 4678081.657300001010299 ], [ -240271.991099999286234, 4678116.933799998834729 ], [ -240486.231799999251962, 4678198.210899999365211 ], [ -240551.897799999453127, 4678223.124400002881885 ], [ -240685.435499999672174, 4678251.23369999974966 ], [ -240817.468100000172853, 4678267.554300002753735 ], [ -241053.634100000374019, 4678298.227900002151728 ], [ -241276.863999999128282, 4678346.682000001892447 ], [ -241550.588999999687076, 4678408.043700003996491 ], [ -241842.259099999442697, 4678480.017500001937151 ], [ -241922.188699999824166, 4678539.396000001579523 ], [ -242084.537100000306964, 4678655.991900004446507 ], [ -242258.703999999910593, 4678803.797700002789497 ], [ -242447.342499999329448, 4678978.32740000076592 ], [ -242681.005999999120831, 4679177.063000001013279 ], [ -242921.152900000102818, 4679383.26690000295639 ], [ -243140.509300000965595, 4679552.956199999898672 ], [ -243254.33119999896735, 4679628.74689999781549 ], [ -243280.373599998652935, 4679650.718400001525879 ], [ -243335.930399999953806, 4679697.591600002720952 ], [ -243481.840099999681115, 4679815.369000002741814 ], [ -243613.307600000873208, 4679939.137900002300739 ], [ -243787.598999999463558, 4680115.057800002396107 ], [ -243807.445700000971556, 4680135.09090000204742 ], [ -243949.775899999774992, 4680336.736500000581145 ], [ -244050.090499999001622, 4680537.755300000309944 ], [ -244067.971499999053776, 4680576.232100000604987 ], [ -244105.4671, 4680656.917600000277162 ], [ -244165.72440000064671, 4680786.588600002229214 ], [ -244239.698800000362098, 4681062.859800001606345 ], [ -244286.506400000303984, 4681227.391699999570847 ], [ -244286.75069999974221, 4681252.184700002893806 ], [ -244288.509300000965595, 4681430.822300000116229 ], [ -244247.183699999004602, 4681652.22550000064075 ], [ -244225.742499998770654, 4681823.625300001353025 ], [ -244219.396499999798834, 4681997.11739999987185 ], [ -244215.682300000451505, 4682098.640900002792478 ], [ -244225.670699998736382, 4682321.328100001439452 ], [ -244200.99900000076741, 4682406.043500002473593 ], [ -244143.119900000281632, 4682497.761600002646446 ], [ -244032.639899999834597, 4682639.510599998757243 ], [ -243906.760500000789762, 4682833.915200002491474 ], [ -243898.988400000147521, 4682855.095400001853704 ], [ -243869.150299998931587, 4682936.410000002011657 ], [ -243848.819999999366701, 4683037.026700001209974 ], [ -243844.0135000012815, 4683060.814899999648333 ], [ -243842.646899999119341, 4683212.60050000064075 ], [ -243860.372999999672174, 4683358.723900001496077 ], [ -243919.660400001332164, 4683568.195600001141429 ], [ -243925.669999999925494, 4683589.429199999198318 ], [ -243925.831299999728799, 4683589.999100001528859 ], [ -243949.328300000168383, 4683687.460400000214577 ], [ -243943.747899998910725, 4683965.12810000218451 ], [ -243943.440299999900162, 4684075.846599999815226 ], [ -243942.980899998918176, 4684240.798799999058247 ], [ -243979.332699999213219, 4684420.95070000179112 ], [ -244032.233900000341237, 4684532.171400001272559 ], [ -244043.364099998958409, 4684540.861400002613664 ], [ -244147.392300001345575, 4684622.084300000220537 ], [ -244325.518899999558926, 4684746.819700000807643 ], [ -244523.559499999508262, 4684854.268200002610683 ], [ -244601.674599999561906, 4684874.6996 ], [ -244707.103699998930097, 4684902.276800001040101 ], [ -244823.193899999372661, 4684912.809800000861287 ], [ -244933.622199999168515, 4684904.249500002712011 ], [ -244957.770899998955429, 4684899.814800001680851 ], [ -245089.868900001049042, 4684875.557300001382828 ], [ -245109.117600000463426, 4684869.063400000333786 ], [ -245149.29450000077486, 4684855.509399998933077 ], [ -245250.246899999678135, 4684821.453099999576807 ], [ -245319.288800001144409, 4684802.287500001490116 ], [ -245365.602399999275804, 4684789.43160000257194 ], [ -245505.270999998785555, 4684750.663900002837181 ], [ -245533.480599999427795, 4684742.148900002241135 ], [ -245558.812499999068677, 4684734.502900000661612 ], [ -245579.912899998947978, 4684728.134100001305342 ], [ -245755.227599998936057, 4684675.220900001004338 ], [ -245775.067200000397861, 4684669.233300000429153 ], [ -245830.107400000095367, 4684647.578300002962351 ], [ -246002.005300000309944, 4684579.950200000777841 ], [ -246092.324599999003112, 4684544.4189000017941 ], [ -246131.597000000067055, 4684533.5998 ], [ -246248.93790000025183, 4684501.275300001725554 ], [ -246254.372799999080598, 4684499.778200000524521 ], [ -246448.273600000888109, 4684444.638300001621246 ], [ -246505.792900000698864, 4684428.282600000500679 ], [ -246784.616799999959767, 4684387.684499999508262 ], [ -246892.674700001254678, 4684339.40820000320673 ], [ -246975.367599999532104, 4684304.022600002586842 ], [ -247100.493300001136959, 4684201.6601 ], [ -247250.693300000391901, 4684040.600299999117851 ], [ -247269.823400000110269, 4684020.087600002065301 ], [ -247280.874999999068677, 4684008.237500000745058 ], [ -247351.087600000202656, 4683923.439300002530217 ], [ -247405.197999998927116, 4683858.0899 ], [ -247448.387599999085069, 4683805.930500000715256 ], [ -247605.035699998959899, 4683613.856100000441074 ], [ -247689.858799998648465, 4683529.612600000575185 ], [ -247810.45549999922514, 4683409.844800001010299 ], [ -247959.635999999940395, 4683277.869200002402067 ], [ -248028.417700000107288, 4683217.022300001233816 ], [ -248131.162200000137091, 4683139.73900000192225 ], [ -248256.311499999836087, 4683053.852800004184246 ], [ -248429.254299999214709, 4682962.954199999570847 ], [ -248586.740399999544024, 4682898.119600001722574 ], [ -248764.696399999782443, 4682855.013299999758601 ], [ -248913.673600000329316, 4682833.705200001597404 ], [ -249036.655899998731911, 4682846.388900002464652 ], [ -249156.374299999326468, 4682882.153800003230572 ], [ -249297.588399999774992, 4682965.690100001171231 ], [ -249434.559299998916686, 4683079.232599999755621 ], [ -249537.607300000265241, 4683216.229800002649426 ], [ -249618.29600000102073, 4683394.7971 ], [ -249672.941499998793006, 4683574.390300001949072 ], [ -249710.449899999424815, 4683758.623200001195073 ], [ -249738.702200000174344, 4683925.067100003361702 ], [ -249742.961100000888109, 4684144.621099999174476 ], [ -249743.886099999770522, 4684337.806199999526143 ], [ -249722.33659999910742, 4684490.143000001087785 ], [ -249700.719100000336766, 4684593.029500002041459 ], [ -249638.383799999020994, 4684735.072200000286102 ], [ -249627.759499998763204, 4684759.282199999317527 ], [ -249570.888799998909235, 4684878.369899999350309 ], [ -249521.921900000423193, 4684991.512600002810359 ], [ -249497.995099999010563, 4685094.07180000282824 ], [ -249496.778099998831749, 4685169.237700000405312 ], [ -249541.114799998700619, 4685288.517699999734759 ], [ -249602.543099999427795, 4685370.192700000479817 ], [ -249694.652399999089539, 4685467.980399999767542 ], [ -249819.750900000333786, 4685582.207700001075864 ], [ -249924.424800000153482, 4685707.672000002115965 ], [ -250007.880400001071393, 4685778.733999999240041 ], [ -250030.535200000740588, 4685798.024899998679757 ], [ -250190.712899999693036, 4685888.965500000864267 ], [ -250316.094399998895824, 4685967.920000003650784 ], [ -250328.493300000205636, 4685976.479400001466274 ], [ -250393.309299998916686, 4686021.224400002509356 ], [ -250550.09150000102818, 4686161.128200000151992 ], [ -250638.586600000970066, 4686267.825899999588728 ], [ -250747.615799999795854, 4686445.707699999213219 ], [ -250763.738199998624623, 4686473.307 ], [ -250848.065100000239909, 4686617.667300002649426 ], [ -250959.336500000208616, 4686746.425500001758337 ], [ -251110.522200000472367, 4686892.605100004002452 ], [ -251182.162700000219047, 4686968.667700000107288 ], [ -251221.161799999885261, 4687042.465399999171495 ], [ -251250.339200001209974, 4687169.025300001725554 ], [ -251279.214300000108778, 4687271.03490000218153 ], [ -251286.440900000743568, 4687296.565300000831485 ], [ -251336.00040000025183, 4687378.921599999070168 ], [ -251457.17860000114888, 4687520.858000002801418 ], [ -251527.227800000458956, 4687641.431700002402067 ], [ -251564.062499999068677, 4687726.517300000414252 ], [ -251599.975599999539554, 4687809.477300001308322 ], [ -251667.473999999463558, 4687997.970600001513958 ], [ -251730.355399999767542, 4688185.811000000685453 ], [ -251799.096300000324845, 4688315.619599997997284 ], [ -251916.351800000295043, 4688485.259100001305342 ], [ -252040.183899999596179, 4688641.7039 ], [ -252090.089500000700355, 4688738.239600002765656 ], [ -252128.168600001372397, 4688868.418800000101328 ], [ -252146.453399999067187, 4688988.732500001788139 ], [ -252140.57139999885112, 4689030.280899999663234 ], [ -252092.61189999897033, 4689169.470300000160933 ], [ -252044.304499998688698, 4689294.483299998566508 ], [ -251954.878399999812245, 4689493.727400001138449 ], [ -251903.628799999132752, 4689639.513699999079108 ], [ -251854.646099999547005, 4689752.657500000670552 ], [ -251848.296299998648465, 4689759.213000001385808 ], [ -251799.49409999884665, 4689809.597200002521276 ], [ -251798.189999999478459, 4689814.730399999767542 ], [ -251762.256199998781085, 4689956.189299998804927 ], [ -251697.931499999947846, 4690194.302800001576543 ], [ -251629.23509999923408, 4690363.516400001943111 ], [ -251555.881400001235306, 4690499.107400001958013 ], [ -251551.569199999794364, 4690503.269400000572205 ], [ -251449.518599999137223, 4690601.769500000402331 ], [ -251367.464600000530481, 4690632.530400002375245 ], [ -251278.139299998991191, 4690648.134600002318621 ], [ -251194.391099998727441, 4690640.983800001442432 ], [ -250989.536799998953938, 4690541.340300001204014 ], [ -250761.5614, 4690405.461500002071261 ], [ -250677.806700000539422, 4690369.796900002285838 ], [ -250546.168800000101328, 4690313.745400000363588 ], [ -250359.536500000394881, 4690284.96310000307858 ], [ -250196.700399999506772, 4690304.284300001338124 ], [ -250186.435499998740852, 4690308.300100004300475 ], [ -250002.286100000143051, 4690380.347700003534555 ], [ -249947.065200000070035, 4690415.194400003179908 ], [ -249831.647599998861551, 4690488.029999999329448 ], [ -249708.785499999299645, 4690574.224300000816584 ], [ -249596.626799999736249, 4690651.339300002902746 ], [ -249436.878600001335144, 4690632.248200001195073 ], [ -249296.721600000746548, 4690599.670300003141165 ], [ -249022.039700000546873, 4690535.832300003618002 ], [ -248752.30460000038147, 4690478.800300000235438 ], [ -248565.333499999716878, 4690435.843100002035499 ], [ -248370.111499999649823, 4690384.655000003054738 ], [ -248225.646600000560284, 4690324.174499999731779 ], [ -248111.125300001353025, 4690218.494700003415346 ], [ -248022.176900000311434, 4689998.722500003874302 ], [ -247950.323100000619888, 4689741.349199999123812 ], [ -247905.939799999818206, 4689633.939300000667572 ], [ -247892.459399999119341, 4689601.317100001499057 ], [ -247842.992499999701977, 4689561.226800002157688 ], [ -247786.863099999725819, 4689515.738000003620982 ], [ -247577.407599998638034, 4689415.454200001433492 ], [ -247350.183900000527501, 4689340.906800001859665 ], [ -247183.662999998778105, 4689303.204899998381734 ], [ -247057.72620000038296, 4689294.791400000452995 ], [ -247015.000799999572337, 4689285.0143 ], [ -246895.822299999184906, 4689257.74349999986589 ], [ -246821.600199999287724, 4689216.630400000140071 ], [ -246615.375099999830127, 4689060.30660000257194 ], [ -246540.744599998928607, 4689009.754700001329184 ], [ -246422.038700001314282, 4688929.3509 ], [ -246263.58570000063628, 4688751.543200001120567 ], [ -246121.225300000049174, 4688526.577500004321337 ], [ -246062.622299999929965, 4688398.34910000115633 ], [ -246006.190399998798966, 4688274.877800000831485 ], [ -245918.933299999684095, 4688093.02760000154376 ], [ -245875.367799999192357, 4688051.54869999922812 ], [ -245864.665299999527633, 4688031.528800001367927 ], [ -245768.295199998654425, 4687851.269300000742078 ], [ -245765.662199999205768, 4687846.344499999657273 ], [ -245755.356000000610948, 4687827.067700000479817 ], [ -245700.513199998997152, 4687776.459500003606081 ], [ -245652.481599999591708, 4687728.669300001114607 ], [ -245525.863400001078844, 4687635.604200001806021 ], [ -245370.851399999111891, 4687547.543700002133846 ], [ -245353.769000000320375, 4687541.13399999961257 ], [ -245163.702299999073148, 4687469.821100000292063 ], [ -244989.623299999162555, 4687420.138099998235703 ], [ -244888.987899999134243, 4687422.37670000270009 ], [ -244795.189399999566376, 4687460.148299997672439 ], [ -244722.835199999623001, 4687525.138000000268221 ], [ -244666.099600000306964, 4687600.577300000935793 ], [ -244638.250300000421703, 4687664.037200000137091 ], [ -244585.862199999392033, 4687777.170399999246001 ], [ -244546.879999999888241, 4687832.833500001579523 ], [ -244484.975799999199808, 4687882.204199999570847 ], [ -244418.724200000986457, 4687893.881000000983477 ], [ -244378.406299998983741, 4687891.032800002023578 ], [ -244358.27240000013262, 4687889.610700003802776 ], [ -244270.058599999174476, 4687848.32940000295639 ], [ -244174.679699999280274, 4687776.165400002151728 ], [ -244096.502399999648333, 4687700.483300002291799 ], [ -244065.324499999172986, 4687670.301100002601743 ], [ -243960.973799999803305, 4687592.83049999922514 ], [ -243870.106599999591708, 4687556.035800000652671 ], [ -243799.533900000154972, 4687562.734000001102686 ], [ -243776.774000000208616, 4687573.354000002145767 ], [ -243756.040799998678267, 4687583.028400003910065 ], [ -243740.84360000025481, 4687603.704700000584126 ], [ -243725.019799999892712, 4687625.233600001782179 ], [ -243690.714199999347329, 4687713.939700001850724 ], [ -243641.852799999527633, 4687876.390100002288818 ], [ -243618.898599999025464, 4687955.273299997672439 ], [ -243583.223799999803305, 4688077.873500000685453 ], [ -243536.799800000153482, 4688172.733100002631545 ], [ -243466.771200000308454, 4688237.88539999909699 ], [ -243357.217000000178814, 4688300.245400000363588 ], [ -243247.801799999549985, 4688327.565300000831485 ], [ -243118.118400000967085, 4688344.10700000077486 ], [ -243025.660999999381602, 4688395.991200001910329 ], [ -242984.190100000239909, 4688453.81389999948442 ], [ -242972.42949999962002, 4688497.455299999564886 ], [ -242958.855499999597669, 4688547.825800001621246 ], [ -242933.735900000669062, 4688704.941800002008677 ], [ -242923.979899998754263, 4688788.700900001451373 ], [ -242918.379999998956919, 4688836.777400003746152 ], [ -242915.919600000604987, 4688857.900600001215935 ], [ -242903.762500001117587, 4689058.157600002363324 ], [ -242901.653699999675155, 4689092.892000002786517 ], [ -242897.711199998855591, 4689148.692400002852082 ], [ -242887.428700000979006, 4689197.610300000756979 ], [ -242858.994100000709295, 4689332.887000003829598 ], [ -242788.85120000038296, 4689465.791800001636147 ], [ -242656.3614999987185, 4689720.468300001695752 ], [ -242583.893199998885393, 4689853.2083 ], [ -242475.714199999347329, 4690025.337400000542402 ], [ -242460.160000000149012, 4690050.087099999189377 ], [ -242347.01619999948889, 4690196.308200001716614 ], [ -242252.005999999120831, 4690314.741500001400709 ], [ -242231.71169999986887, 4690340.03969999961555 ], [ -242200.442900000140071, 4690369.774900002405047 ], [ -242157.559299998916686, 4690410.555600000545382 ], [ -242126.503800000995398, 4690440.08870000205934 ], [ -241990.791799999773502, 4690608.079700002446771 ], [ -241903.08809999935329, 4690724.687200002372265 ], [ -241877.31910000089556, 4690758.949300000444055 ], [ -241818.446600000374019, 4690864.608600001782179 ], [ -241748.681599999777973, 4691029.534400001168251 ], [ -241745.508799999020994, 4691037.035099998116493 ], [ -241709.721499999053776, 4691146.662300001829863 ], [ -241681.605899999849498, 4691268.701900003477931 ], [ -241672.643800000660121, 4691307.60329999960959 ], [ -241648.834099999628961, 4691446.116100002080202 ], [ -241650.927699999883771, 4691581.786400001496077 ], [ -241680.123099999502301, 4691763.767800001427531 ], [ -241733.960900000296533, 4692213.883300000801682 ], [ -241735.93129999935627, 4692230.358700001612306 ], [ -241739.478699999861419, 4692312.390300003811717 ], [ -241747.114199999719858, 4692534.90680000372231 ], [ -241753.265300000086427, 4692697.375700002536178 ], [ -241760.151600000448525, 4692879.308400003239512 ], [ -241755.572900000028312, 4692977.121700001880527 ], [ -241731.675400000065565, 4693186.4671 ], [ -241724.879799999296665, 4693245.99690000154078 ], [ -241661.941700000315905, 4693475.206600001081824 ], [ -241573.099399999715388, 4693707.257400000467896 ], [ -241550.150000000372529, 4693785.535299999639392 ], [ -241520.751899999566376, 4693885.810100000351667 ], [ -241457.577899999916553, 4694019.201800001785159 ], [ -241340.693599999882281, 4694284.317199999466538 ], [ -241332.844699999317527, 4694304.867700001224875 ], [ -241323.541199999861419, 4694329.226400002837181 ], [ -241283.343100001104176, 4694434.476300001144409 ], [ -241198.937999999150634, 4694603.751200001686811 ], [ -241062.630699998699129, 4694879.174200003966689 ], [ -241026.763600000180304, 4694944.122500000521541 ], [ -241011.714900000952184, 4694971.37300000153482 ], [ -240999.416500000283122, 4694997.131100000813603 ], [ -240945.885699999518692, 4695109.248400004580617 ], [ -240870.450599999167025, 4695283.829500000923872 ], [ -240804.666600000113249, 4695487.131699997931719 ], [ -240802.235500001348555, 4695493.814099999144673 ], [ -240785.556400000117719, 4695539.661300003528595 ], [ -240780.632499999366701, 4695553.195900002494454 ], [ -240769.860599999316037, 4695582.805900001898408 ], [ -240733.245500000193715, 4695704.054400000721216 ], [ -240707.629300000146031, 4695849.17510000243783 ], [ -240705.952699999324977, 4695858.67400000244379 ], [ -240698.889300000853837, 4695984.387100003659725 ], [ -240696.92989999987185, 4696019.259200001135468 ], [ -240699.222600000910461, 4696080.540999999269843 ], [ -240704.20409999974072, 4696213.70920000039041 ], [ -240728.200899998657405, 4696336.908399999141693 ], [ -240730.376600000075996, 4696349.259700000286102 ], [ -240746.471300000324845, 4696440.632799999788404 ], [ -240749.872599999420345, 4696459.943199999630451 ], [ -240809.565500000491738, 4696573.985000003129244 ], [ -240844.999899999238551, 4696667.618300002068281 ], [ -240835.366499999538064, 4696742.316299999132752 ], [ -240829.472099998965859, 4696788.02170000039041 ], [ -240810.632399998605251, 4696922.210100000724196 ], [ -240776.833599999547005, 4697036.647600002586842 ], [ -240728.427399999462068, 4697159.39780000410974 ], [ -240695.330399999395013, 4697329.962500000372529 ], [ -240658.570199999958277, 4697486.248400002717972 ], [ -240610.39949999935925, 4697642.89809999987483 ], [ -240600.907299999147654, 4697673.767200002446771 ], [ -240565.254400000907481, 4697748.351200001314282 ], [ -240496.065599999390543, 4697834.581700000911951 ], [ -240441.542099999263883, 4697897.858100002631545 ], [ -240391.69550000037998, 4697955.707499999552965 ], [ -240344.850300000049174, 4698014.089500000700355 ], [ -240266.798299999907613, 4698111.366100002080202 ], [ -240253.317599999718368, 4698128.16750000230968 ], [ -240217.314100000075996, 4698179.563699999824166 ], [ -240198.736200000159442, 4698206.084699999541044 ], [ -240162.918600000441074, 4698282.993000002577901 ], [ -240085.95369999948889, 4698413.066900001838803 ], [ -240051.352699999697506, 4698478.887800000607967 ], [ -240018.452899999916553, 4698541.473600002005696 ], [ -239992.449699999764562, 4698644.778400000184774 ], [ -239992.285099999979138, 4698655.127300001680851 ], [ -239990.402499998919666, 4698773.425500001758337 ], [ -239989.738399999216199, 4698815.154799999669194 ], [ -240019.368300000205636, 4698924.733200004324317 ], [ -240083.707000000402331, 4699039.104800004512072 ], [ -240141.855000000447035, 4699134.687200002372265 ], [ -240175.801299999468029, 4699190.48930000141263 ], [ -240252.772999999113381, 4699324.44789999909699 ], [ -240263.308500000275671, 4699337.710500001907349 ], [ -240370.769999998621643, 4699472.9934 ], [ -240510.864399999380112, 4699639.459200002253056 ], [ -240636.785700000822544, 4699767.890800001099706 ], [ -240643.79829999897629, 4699775.043500000610948 ], [ -240652.08629999961704, 4699780.382300002500415 ], [ -240713.073199999518692, 4699819.668800000101328 ], [ -240784.487900000996888, 4699834.070000002160668 ], [ -240840.286000001244247, 4699838.019600002095103 ], [ -240895.405199998989701, 4699818.555400000885129 ], [ -240940.051599998958409, 4699781.993700001388788 ], [ -240974.740100000053644, 4699754.073599999770522 ], [ -241021.403299999423325, 4699755.039999997243285 ], [ -241064.939799999818206, 4699800.180099997669458 ], [ -241095.864099999889731, 4699858.447100004181266 ], [ -241121.50139999948442, 4699958.398499999195337 ], [ -241142.796799999661744, 4700020.657200001180172 ], [ -241179.872899999842048, 4700091.0428 ], [ -241236.865299999713898, 4700144.145400002598763 ], [ -241333.052500000223517, 4700204.695900000631809 ], [ -241459.649400001391768, 4700297.775000000372529 ], [ -241486.111699999310076, 4700332.5625 ], [ -241521.641599998809397, 4700379.271200001239777 ], [ -241569.046400001272559, 4700501.793700000271201 ], [ -241586.720499998889863, 4700615.20160000026226 ], [ -241579.972199999727309, 4700710.524600001052022 ], [ -241558.944799999706447, 4700809.509700002148747 ], [ -241533.576100000180304, 4700870.802000002935529 ], [ -241482.818200000561774, 4700960.67230000346899 ], [ -241418.769000000320375, 4701040.255200000479817 ], [ -241352.230100000277162, 4701121.998400000855327 ], [ -241294.054599999450147, 4701198.114700002595782 ], [ -241287.851499998942018, 4701206.230900004506111 ], [ -241242.895500000566244, 4701280.15540000423789 ], [ -241233.307299999520183, 4701349.574400002136827 ], [ -241238.327099999412894, 4701410.681199999526143 ], [ -241277.068699999712408, 4701490.531700000166893 ], [ -241364.654099998995662, 4701606.553099999204278 ], [ -241501.906499999575317, 4701747.121000001206994 ], [ -241607.74199999962002, 4701836.39610000140965 ], [ -241705.779400000348687, 4701936.802200002595782 ], [ -241766.597599999047816, 4702001.860500002279878 ], [ -241836.386299999430776, 4702072.227400001138449 ], [ -241866.655700000934303, 4702087.047200003638864 ], [ -241931.23549999948591, 4702118.666200000792742 ], [ -241969.791899998672307, 4702168.128600001335144 ], [ -242045.916899998672307, 4702281.003700001165271 ], [ -242097.290599999018013, 4702380.442900002002716 ], [ -242100.318999999202788, 4702522.277900001034141 ], [ -242100.538399999029934, 4702532.553200002759695 ], [ -242113.375300000421703, 4702615.243700001388788 ], [ -242170.551000000908971, 4702698.7379 ], [ -242220.876899999566376, 4702713.98509999923408 ], [ -242284.638700000010431, 4702704.480900002643466 ], [ -242295.751699999906123, 4702701.422100003808737 ], [ -242365.66330000013113, 4702682.179600002244115 ], [ -242487.529699998907745, 4702644.077600000426173 ], [ -242497.928999998606741, 4702643.134900003671646 ], [ -242581.598699999973178, 4702635.551400000229478 ], [ -242637.644899999722838, 4702636.015499997884035 ], [ -242718.113300000317395, 4702654.565700000151992 ], [ -242789.456500001251698, 4702686.489500001072884 ], [ -242864.461900000460446, 4702732.692600004374981 ], [ -242934.497799999080598, 4702799.573500001803041 ], [ -242992.579499999061227, 4702870.281199999153614 ], [ -243082.387699998915195, 4702954.919299999251962 ], [ -243130.099600000306964, 4702981.048299998044968 ], [ -243150.994400001130998, 4702992.491300001740456 ], [ -243218.089700001291931, 4703001.916500004008412 ], [ -243305.853099999018013, 4702999.954 ], [ -243399.583899999968708, 4702979.720899997279048 ], [ -243494.796699998900294, 4702938.562699999660254 ], [ -243567.747699999250472, 4702881.807800002396107 ], [ -243640.122399999760091, 4702833.190400002524257 ], [ -243717.980299999937415, 4702789.634400002658367 ], [ -243769.367499999701977, 4702773.412200000137091 ], [ -243804.863699998706579, 4702775.926000002771616 ], [ -243829.817599998787045, 4702777.693199999630451 ], [ -243904.72169999871403, 4702792.344799999147654 ], [ -243976.981300000101328, 4702827.83899999782443 ], [ -244091.677399999462068, 4702874.517300002276897 ], [ -244157.919699999503791, 4702892.5789 ], [ -244207.443899999372661, 4702906.082900000736117 ], [ -244302.549899999052286, 4702918.271300001069903 ], [ -244309.333000000566244, 4702919.140700003132224 ], [ -244466.221900000236928, 4702865.415200004354119 ], [ -244492.657700000330806, 4702856.362800002098083 ], [ -244726.79700000025332, 4702964.92710000090301 ], [ -244910.196999998763204, 4703099.250400001183152 ], [ -245097.215300000272691, 4703224.671599999070168 ], [ -245317.197999999858439, 4703350.06389999948442 ], [ -245459.372099999338388, 4703459.705200001597404 ], [ -245623.01619999948889, 4703617.125700002536178 ], [ -245779.76649999897927, 4703806.529300004243851 ], [ -245928.253499999642372, 4703971.218300003558397 ], [ -246033.801399999298155, 4704040.349500004202127 ], [ -246123.49309999961406, 4704071.915500001981854 ], [ -246155.679199999198318, 4704069.901500001549721 ], [ -246273.144299999810755, 4704062.552200000733137 ], [ -246391.156300000846386, 4704060.469200000166893 ], [ -246491.077500000596046, 4704102.904900001361966 ], [ -246577.865699999965727, 4704204.689300000667572 ], [ -246705.998399999924004, 4704463.021600000560284 ], [ -246749.248899999074638, 4704540.48509999923408 ], [ -246807.360899998806417, 4704644.570300001651049 ], [ -246867.793700000271201, 4704766.158800004050136 ], [ -246967.146300001069903, 4704912.10810000449419 ], [ -247128.839599998667836, 4705099.87019999884069 ], [ -247207.050699999555945, 4705195.731899999082088 ], [ -247238.092800000682473, 4705258.998900001868606 ], [ -247256.968700000084937, 4705358.20890000090003 ], [ -247250.47169999871403, 4705470.2972999997437 ], [ -247202.788800001144409, 4705607.144900001585484 ], [ -247138.594799999147654, 4705711.04079999960959 ], [ -247136.774600000120699, 4705712.408400002866983 ], [ -247048.98619999922812, 4705778.366600003093481 ], [ -246947.169099999591708, 4705832.186399998143315 ], [ -246840.394700000062585, 4705871.175899999216199 ], [ -246671.323099998757243, 4705917.799800001084805 ], [ -246450.810600001364946, 4705945.34740000218153 ], [ -246270.201399998739362, 4705990.332100003957748 ], [ -246159.482300001196563, 4706040.5318 ], [ -246098.692500000819564, 4706090.061499999836087 ], [ -245997.07810000050813, 4706172.856500003486872 ], [ -245868.621500000357628, 4706298.229100000113249 ], [ -245777.075799999758601, 4706412.362400000914931 ], [ -245680.600399998947978, 4706544.629699999466538 ], [ -245678.245500000193715, 4706548.580399999395013 ], [ -245624.968099999241531, 4706637.964700000360608 ], [ -245547.309200000017881, 4706803.509200001135468 ], [ -245495.636499999091029, 4706902.114600002765656 ], [ -245443.622499999590218, 4706986.545500000938773 ], [ -245323.399299999698997, 4707103.666199998930097 ], [ -245239.390999998897314, 4707164.718100002035499 ], [ -245170.229400000534952, 4707198.89500000141561 ], [ -245143.174999998882413, 4707212.264500001445413 ], [ -245068.685300000011921, 4707222.873500000685453 ], [ -245020.603499999269843, 4707216.044400000944734 ], [ -245013.69440000038594, 4707215.063100004568696 ], [ -245002.340299999341369, 4707213.450500003993511 ], [ -244985.606900000944734, 4707211.074000000953674 ], [ -244863.598399998620152, 4707158.431500002741814 ], [ -244676.59250000026077, 4707032.992800001055002 ], [ -244520.24269999936223, 4706907.200400000438094 ], [ -244397.866799999028444, 4706807.4221 ], [ -244322.668899999000132, 4706756.720700001344085 ], [ -244291.672100000083447, 4706742.901599999517202 ], [ -244135.293599999509752, 4706982.012800002470613 ], [ -244072.083800000138581, 4707078.975800001993775 ], [ -244067.820900000631809, 4707079.095100002363324 ], [ -244048.532399999909103, 4707079.634600000455976 ], [ -243857.631899999454618, 4707084.977200001478195 ], [ -243783.232099998742342, 4707079.704200001433492 ], [ -243644.556699998676777, 4707058.192400000989437 ], [ -243431.481999999843538, 4707031.407700000330806 ], [ -243278.198200000450015, 4707018.207400003448129 ], [ -243189.644300000742078, 4707002.836600001901388 ], [ -243118.928399999625981, 4706990.562899999320507 ], [ -243016.611499999649823, 4706950.598400002345443 ], [ -242916.601599999703467, 4706878.084200004115701 ], [ -242774.229999999515712, 4706776.865299999713898 ], [ -242628.068699999712408, 4706729.120699999853969 ], [ -242434.896200000308454, 4706652.341700002551079 ], [ -242234.215799999423325, 4706575.190500002354383 ], [ -242218.804000000469387, 4706569.265700001269579 ], [ -242087.270499999634922, 4706545.924600001424551 ], [ -241975.508500000461936, 4706540.341000001877546 ], [ -241808.790199999697506, 4706551.892400002107024 ], [ -241652.525200000032783, 4706547.828200001269579 ], [ -241593.395099999383092, 4706524.945000002160668 ], [ -241503.180499998852611, 4706446.11710000038147 ], [ -241388.380199998617172, 4706351.527700001373887 ], [ -241294.870600000023842, 4706319.198500001803041 ], [ -241267.932899999432266, 4706319.47210000269115 ], [ -241208.35429999884218, 4706320.077500002458692 ], [ -241100.932199999690056, 4706352.187199998646975 ], [ -241005.97679999936372, 4706406.209699999541044 ], [ -240941.758100000210106, 4706488.112700000405312 ], [ -240897.639599999412894, 4706583.122900001704693 ], [ -240884.587000001221895, 4706701.363800002261996 ], [ -240850.13389999885112, 4706857.809900002554059 ], [ -240799.918699999339879, 4707038.841400001198053 ], [ -240761.149299998767674, 4707112.573099998757243 ], [ -240760.635899999178946, 4707113.5494 ], [ -240732.404000000096858, 4707167.241699999198318 ], [ -240625.695399998687208, 4707288.190700000151992 ], [ -240522.776800000108778, 4707355.666799999773502 ], [ -240357.909900000318885, 4707407.069299999624491 ], [ -240188.540400000289083, 4707423.103700002655387 ], [ -240034.438799999654293, 4707421.527699999511242 ], [ -239853.870699999853969, 4707414.108200002461672 ], [ -239799.131499999202788, 4707411.8597 ], [ -239766.504200000315905, 4707410.909200001507998 ], [ -239631.246099999174476, 4707406.970300003886223 ], [ -239501.730399999767542, 4707421.156300000846386 ], [ -239429.842199999839067, 4707446.436200002208352 ], [ -239358.978799999691546, 4707523.192700000479817 ], [ -239312.044400000013411, 4707622.715299999341369 ], [ -239306.73200000077486, 4707633.980200001969934 ], [ -239294.996499999426305, 4707733.619699999690056 ], [ -239305.354399998672307, 4707774.017399998381734 ], [ -239313.301599999889731, 4707805.013400001451373 ], [ -239363.660200000740588, 4707885.688800001516938 ], [ -239501.757799999788404, 4708080.064800001680851 ], [ -239536.683799998834729, 4708180.675499999895692 ], [ -239553.847099999897182, 4708351.789899999275804 ], [ -239557.219100000336766, 4708385.411100000143051 ], [ -239541.000900000333786, 4708546.769900003448129 ], [ -239533.43400000128895, 4708622.053099999204278 ], [ -239505.562499999068677, 4708982.242500001564622 ], [ -239520.907100000418723, 4709077.135500000789762 ], [ -239538.049700001254678, 4709183.152499999850988 ], [ -239581.432399999350309, 4709263.334300000220537 ], [ -239629.447700000368059, 4709311.133199999108911 ], [ -239685.921099999919534, 4709338.502600001171231 ], [ -239757.332700000144541, 4709352.911800002679229 ], [ -239817.779299999587238, 4709357.197599999606609 ], [ -239931.004399999976158, 4709309.147800002247095 ], [ -240035.09489999897778, 4709258.113500000908971 ], [ -240070.523899999447167, 4709230.114600002765656 ], [ -240176.184300000779331, 4709146.615100003778934 ], [ -240306.672899999655783, 4709085.769300002604723 ], [ -240429.215399999171495, 4709071.09150000102818 ], [ -240436.996399998664856, 4709071.643100000917912 ], [ -240593.07969999872148, 4709082.709000002592802 ], [ -240598.932599999941885, 4709083.124000003561378 ], [ -240760.356800000183284, 4709113.261100001633167 ], [ -240897.048600000329316, 4709162.674300001934171 ], [ -241052.964700001291931, 4709253.087200002744794 ], [ -241067.808899999596179, 4709261.695300001651049 ], [ -241099.03760000038892, 4709279.805100001394749 ], [ -241319.955699999816716, 4709393.605500003322959 ], [ -241318.72819999884814, 4709473.909799998626113 ], [ -241318.67130000051111, 4709477.631999997422099 ], [ -241323.389499998651445, 4709608.816200003027916 ], [ -241330.347299999557436, 4709843.404000002890825 ], [ -241332.347800000570714, 4709910.873200001195073 ], [ -241336.419899999164045, 4710054.53350000269711 ], [ -241344.356599999591708, 4710334.649800000712276 ], [ -241357.087599999271333, 4710550.520200001075864 ], [ -241360.036599999293685, 4710629.520600002259016 ], [ -241368.367399998940527, 4710852.74210000038147 ], [ -241381.823199999518692, 4710936.33220000192523 ], [ -241399.185099999420345, 4711044.192700000479817 ], [ -241420.818299999460578, 4711134.517900003120303 ], [ -241481.216099998913705, 4711370.125700000673532 ], [ -241496.860699999146163, 4711443.704800000414252 ], [ -241547.795999999158084, 4711683.280600000172853 ], [ -241553.351500000804663, 4711835.554300000891089 ], [ -241558.395799999125302, 4711962.089099999517202 ], [ -241548.038299999199808, 4712173.98589999973774 ], [ -241514.910000001080334, 4712344.545200001448393 ], [ -241463.990799999795854, 4712469.446599999442697 ], [ -241415.875199999660254, 4712554.824399998411536 ], [ -241370.744199998676777, 4712631.067399999126792 ], [ -241355.507000000216067, 4712714.104299999773502 ], [ -241369.982899999246001, 4712773.546400003135204 ], [ -241437.106899999082088, 4712848.406700000166893 ], [ -241542.730999998748302, 4712938.4342 ], [ -241562.699199999682605, 4712955.454300001263618 ], [ -241657.242999998852611, 4713071.982700001448393 ], [ -241699.79829999897629, 4713163.793099999427795 ], [ -241709.506000000052154, 4713323.371899999678135 ], [ -241727.358300001360476, 4713499.884800000116229 ], [ -241773.573200000450015, 4713605.974999999627471 ], [ -241868.776200000196695, 4713713.204700002446771 ], [ -242018.606999999843538, 4713807.954299999400973 ], [ -242179.042099999263883, 4713852.051099998876452 ], [ -242410.535399999469519, 4713909.509500004351139 ], [ -242534.951999998651445, 4713940.394300002604723 ], [ -242836.384599999524653, 4714006.179600002244115 ], [ -243118.873299999162555, 4714042.581200001761317 ], [ -243331.240899998694658, 4714064.66950000077486 ], [ -243686.92949999962002, 4714096.413800001144409 ], [ -243873.518600000068545, 4714125.300900001078844 ], [ -243902.544099998660386, 4714152.97100000269711 ], [ -243814.049499998800457, 4714427.609899999573827 ], [ -243674.83769999910146, 4714777.4353 ], [ -243597.487499998882413, 4714957.131400002166629 ], [ -243474.333399998955429, 4715160.918400002643466 ], [ -243304.112900000065565, 4715480.431700000539422 ], [ -243169.448999999091029, 4715732.018200002610683 ], [ -243145.428499999456108, 4715801.583700001239777 ], [ -243138.863800001330674, 4715847.735200004652143 ], [ -243166.564600001089275, 4715868.155200000852346 ], [ -243247.329899999313056, 4715879.643500000238419 ], [ -243403.589099999517202, 4715906.578900001943111 ], [ -243415.22789999935776, 4715918.008300002664328 ], [ -243442.837899998761714, 4715945.121700001880527 ], [ -243517.803499999456108, 4716179.442400000989437 ], [ -243604.865100000053644, 4716245.975700000301003 ], [ -243835.32660000026226, 4716330.554000001400709 ], [ -244167.981199999339879, 4716424.962000001221895 ], [ -244352.939600000157952, 4716481.879700001329184 ], [ -244385.236800000071526, 4716469.993899999186397 ], [ -244477.82219999935478, 4716398.408400001004338 ], [ -244541.103799999691546, 4716383.867000002413988 ], [ -244667.039900000207126, 4716408.845000000670552 ], [ -244780.472599999047816, 4716472.068600000813603 ], [ -244886.345399999059737, 4716571.886900002136827 ], [ -244962.517799999564886, 4716615.684299999848008 ], [ -245028.127199999056756, 4716634.435600001364946 ], [ -245100.64049999974668, 4716621.20750000141561 ], [ -245163.227799999527633, 4716545.353299997746944 ], [ -245204.408699998632073, 4716504.123800003901124 ], [ -245243.291699999943376, 4716479.048000002279878 ], [ -245291.08699999935925, 4716474.075399998575449 ], [ -245371.537700000219047, 4716504.354900002479553 ], [ -245417.382699999958277, 4716546.192700002342463 ], [ -245475.075200000777841, 4716554.399999998509884 ], [ -245516.942099998705089, 4716558.001500001177192 ], [ -245549.887099999003112, 4716525.017600003629923 ], [ -245671.074599999934435, 4716318.588199999183416 ], [ -245746.454900000244379, 4716136.249199999496341 ], [ -245793.882799999788404, 4716067.654400000348687 ], [ -245884.491100000217557, 4715993.429500000551343 ], [ -245963.898999999277294, 4715931.737600004300475 ], [ -246029.162099999375641, 4715919.830900002270937 ], [ -246111.584199999459088, 4715936.2635000012815 ], [ -246184.138699999079108, 4715988.963700000196695 ], [ -246240.230699999257922, 4716074.639000004157424 ], [ -246294.333199999295175, 4716141.196000000461936 ], [ -246311.810999998822808, 4716197.482000002637506 ], [ -246323.398399999365211, 4716234.7993 ], [ -246344.724200000055134, 4716341.428600003942847 ], [ -246369.116600000299513, 4716463.186800003051758 ], [ -246390.846600000746548, 4716571.662599999457598 ], [ -246429.884999999776483, 4716810.307500001043081 ], [ -246438.519299999810755, 4716945.967599997296929 ], [ -246441.528899999335408, 4716993.257600001990795 ], [ -246448.837600001133978, 4717090.830300003290176 ], [ -246426.16399999987334, 4717217.099899999797344 ], [ -246392.263599999248981, 4717293.855100002139807 ], [ -246356.697200000286102, 4717374.383300004526973 ], [ -246322.775200000032783, 4717430.772900002077222 ], [ -246297.098999999463558, 4717495.3991 ], [ -246329.763700000010431, 4717547.135900003835559 ], [ -246407.607399999164045, 4717628.845400001853704 ], [ -246492.712099999189377, 4717725.71539999730885 ], [ -246545.480499998666346, 4717768.540899999439716 ], [ -246637.799899999052286, 4717798.158100003376603 ], [ -246741.311599999666214, 4717798.759500002488494 ], [ -246787.402299999259412, 4717781.736300002783537 ], [ -246865.565799999982119, 4717752.868100000545382 ], [ -246922.913399999029934, 4717730.419300001114607 ], [ -247009.642199999652803, 4717782.786200001835823 ], [ -247138.267399999313056, 4717888.204600000753999 ], [ -247207.528500000946224, 4717947.504599999636412 ], [ -247217.115499999374151, 4717995.95890000090003 ], [ -247188.217599999159575, 4718199.044400000944734 ], [ -247167.510800000280142, 4718311.469200000166893 ], [ -247159.557399999350309, 4718317.999800000339746 ], [ -247050.205200000666082, 4718407.793099999427795 ], [ -246925.301699999719858, 4718474.781200001016259 ], [ -246888.368499998934567, 4718453.043800000101328 ], [ -246761.706900000572205, 4718317.295 ], [ -246622.211199998855591, 4718222.101099999621511 ], [ -246533.513300000689924, 4718183.580400001257658 ], [ -246413.847900000400841, 4718180.679400000721216 ], [ -246282.333699999377131, 4718211.409000001847744 ], [ -246209.179200001060963, 4718262.215200001373887 ], [ -246184.486900000832975, 4718319.91749999858439 ], [ -246197.730299999937415, 4718425.398399999365211 ], [ -246218.517799998633564, 4718461.31900000013411 ], [ -246321.034399999305606, 4718452.362900003790855 ], [ -246418.607299999333918, 4718445.057600000873208 ], [ -246425.012400000356138, 4718448.951600002124906 ], [ -246448.945199999026954, 4718463.501600001007318 ], [ -246401.894299998879433, 4718628.682700000703335 ], [ -246402.985399998724461, 4718819.550599999725819 ], [ -246428.42329999897629, 4718922.058900000527501 ], [ -246495.063000000081956, 4719016.304200001060963 ], [ -246495.141299999319017, 4719016.382400000467896 ], [ -246585.765399998985231, 4719106.91100000217557 ], [ -246690.780699999071658, 4719193.569700002670288 ], [ -246699.545499999076128, 4719200.8026 ], [ -246757.459599998779595, 4719261.52110000140965 ], [ -246806.082399999722838, 4719312.499900002032518 ], [ -246870.414200000464916, 4719406.418199999257922 ], [ -246930.433199998922646, 4719447.923800004646182 ], [ -247064.234199999831617, 4719441.19170000217855 ], [ -247089.323699998669326, 4719439.929600002244115 ], [ -247186.241699999198318, 4719437.241999998688698 ], [ -247249.863999999128282, 4719452.881500003859401 ], [ -247345.487499999813735, 4719476.388699999079108 ], [ -247427.654399999417365, 4719512.410900000482798 ], [ -247480.678899998776615, 4719535.657600000500679 ], [ -247524.552500000223517, 4719591.347700003534555 ], [ -247500.876900000497699, 4719708.059800002723932 ], [ -247387.230799999088049, 4719877.893100004643202 ], [ -247271.907599998638034, 4719990.746500000357628 ], [ -247269.600699999369681, 4719993.004000000655651 ], [ -247209.968499999493361, 4720064.570200001820922 ], [ -247179.031599999405444, 4720166.120600001886487 ], [ -247176.756900001317263, 4720231.72380000166595 ], [ -247225.573400000110269, 4720285.763399999588728 ], [ -247290.856399999931455, 4720306.82909999974072 ], [ -247404.898699998855591, 4720266.553600000217557 ], [ -247548.572800000198185, 4720150.440999999642372 ], [ -247560.032599998638034, 4720145.522800002247095 ], [ -247606.2511, 4720125.687400000169873 ], [ -247719.341699998825788, 4720158.267200002446771 ], [ -247839.356000000610948, 4720191.832700001075864 ], [ -247899.679399998858571, 4720181.582700001075864 ], [ -247962.606000000610948, 4720103.4206000007689 ], [ -248010.99519999884069, 4719961.969900002703071 ], [ -248062.053999998606741, 4719884.472600001841784 ], [ -248115.774299999698997, 4719854.445600001141429 ], [ -248160.945299998857081, 4719867.93889999948442 ], [ -248297.88150000013411, 4720113.471400002017617 ], [ -248380.069099999964237, 4720313.538500001654029 ], [ -248478.755599998869002, 4720546.565300004556775 ], [ -248580.292600000277162, 4720866.91579999960959 ], [ -248602.242499998770654, 4720936.1744 ], [ -248676.165400000289083, 4721095.039900001138449 ], [ -248804.538299999199808, 4721110.555300001055002 ], [ -248827.830799999646842, 4721113.370700001716614 ], [ -249004.867499999701977, 4721134.772299999371171 ], [ -249277.525700001046062, 4721171.235600002110004 ], [ -249391.261499999091029, 4721166.235900001600385 ], [ -249423.549300001002848, 4721163.145100001245737 ], [ -249529.719600000418723, 4721152.982599999755621 ], [ -249563.649299999698997, 4721096.591300001367927 ], [ -249560.949199998751283, 4720966.699500001966953 ], [ -249558.424499999731779, 4720916.88090000115335 ], [ -249552.294400000013411, 4720795.930700000375509 ], [ -249552.574699999764562, 4720694.719500001519918 ], [ -249690.087799999862909, 4720770.807800002396107 ], [ -249889.28999999910593, 4720926.319500001147389 ], [ -249986.583299999125302, 4721003.747400004416704 ], [ -249983.362400000914931, 4721061.566400002688169 ], [ -249957.817899999208748, 4721520.041700003668666 ], [ -249896.964900000020862, 4721815.134600004181266 ], [ -249889.402299999259412, 4721898.57850000448525 ], [ -249868.099499999545515, 4722133.619300000369549 ], [ -249806.724299999885261, 4722746.522700004279613 ], [ -249779.930099999532104, 4722848.487500002607703 ], [ -249712.024600000120699, 4723106.904200000688434 ], [ -249698.768699999898672, 4723157.350800003856421 ], [ -249613.839199999347329, 4723456.076500002294779 ], [ -249496.898400000296533, 4723681.955400001257658 ], [ -249360.507600001059473, 4723912.127100000157952 ], [ -249115.706699999049306, 4724275.200300002470613 ], [ -249114.882100000046194, 4724276.167000001296401 ], [ -248998.39780000038445, 4724412.721799999475479 ], [ -248998.600200000219047, 4724415.088999999687076 ], [ -249012.971300000324845, 4724583.157700002193451 ], [ -249087.519199999049306, 4724687.964699998497963 ], [ -249270.884600000455976, 4724855.368200002238154 ], [ -249470.721299999393523, 4724989.798900002613664 ], [ -249784.960099998861551, 4725131.110200000926852 ], [ -249806.542599999345839, 4725142.393400000408292 ], [ -249801.728600000031292, 4725158.071399999782443 ], [ -249806.545099999755621, 4725142.396299999207258 ], [ -250000.439299999736249, 4725243.7601000033319 ], [ -250032.602300000376999, 4725260.583399999886751 ], [ -250362.667999999597669, 4725406.504699997603893 ], [ -250762.228799999691546, 4725599.598700003698468 ], [ -250818.711300000548363, 4725626.893800001591444 ], [ -251300.472199999727309, 4725848.598700001835823 ], [ -251636.815200000070035, 4726000.132500000298023 ], [ -251971.153699998743832, 4726083.099600002169609 ], [ -252313.735599999316037, 4726141.332800000905991 ], [ -252497.893600000999868, 4726153.59260000102222 ], [ -252623.99349999986589, 4726161.986800001934171 ], [ -252975.764699999243021, 4726106.139799999073148 ], [ -253290.608400001190603, 4726028.544099999591708 ], [ -253435.983099999837577, 4725950.355100000277162 ], [ -253642.3421, 4725840.810900002717972 ], [ -253888.576099999248981, 4725666.301200000569224 ], [ -254124.907699999399483, 4725478.607800003141165 ], [ -254186.451299998909235, 4725424.48200000077486 ], [ -254396.834599999710917, 4725239.456500003114343 ], [ -254638.11849999986589, 4725066.589099999517202 ], [ -254821.042299999855459, 4724890.117100002244115 ], [ -254860.524600000120699, 4724854.875199999660254 ], [ -255053.088600001297891, 4724682.965199999511242 ], [ -255261.038599998690188, 4724429.982600003480911 ], [ -255468.325699999928474, 4724165.128200000151992 ], [ -255657.478700000792742, 4723895.336500000208616 ], [ -255881.226800000295043, 4723564.519900003448129 ], [ -256049.58500000089407, 4723258.792900001630187 ], [ -256136.566899999044836, 4723111.034500000998378 ], [ -256334.957099999301136, 4722859.030999999493361 ], [ -256484.24309999961406, 4722670.689600003883243 ], [ -256608.824799998663366, 4722540.055300002917647 ], [ -256879.439800000749528, 4722326.591299999505281 ], [ -257131.593299999833107, 4722126.988400001078844 ], [ -257328.727299999445677, 4722016.101099999621511 ], [ -257365.457600000314415, 4722001.451500002294779 ], [ -257481.037200000137091, 4721955.3608 ], [ -257791.300199999473989, 4721893.551400002092123 ], [ -257926.498499999754131, 4721873.403500003740191 ], [ -258106.516099999658763, 4721846.578500000759959 ], [ -258512.736800000071526, 4721789.013300001621246 ], [ -258751.113099998794496, 4721789.678800001740456 ], [ -258816.437299999408424, 4721789.857700001448393 ], [ -259294.943400000222027, 4721869.768000001087785 ], [ -259630.692099999636412, 4721976.449400003999472 ], [ -259975.364799998700619, 4722136.225100003182888 ], [ -260149.513200000859797, 4722216.283899998292327 ], [ -260186.347699999809265, 4722233.216300001367927 ], [ -260287.053099999204278, 4722279.521000001579523 ], [ -260351.157999998889863, 4722313.345300000160933 ], [ -260549.940399999730289, 4722418.234400002285838 ], [ -260865.57979999948293, 4722597.120400002226233 ], [ -260936.877400000579655, 4722637.530300002545118 ], [ -260966.216199998743832, 4722654.156400004401803 ], [ -261338.961099999025464, 4722881.531300000846386 ], [ -261436.084399999119341, 4722944.836300000548363 ], [ -261593.289599999785423, 4723047.295399999246001 ], [ -261593.660099999047816, 4723047.612600000575185 ], [ -261851.597399999387562, 4723267.802100002765656 ], [ -262087.821500000543892, 4723438.084000000730157 ], [ -262112.204300000332296, 4723455.660100001841784 ], [ -262569.121399998664856, 4723852.849300002679229 ], [ -262644.299199999310076, 4723920.748500000685453 ], [ -262647.698400000110269, 4723923.827099999412894 ], [ -262861.622000000439584, 4724117.068700002506375 ], [ -262894.5760000012815, 4724146.837300002574921 ], [ -262940.59599999897182, 4724188.414100000634789 ], [ -263106.101899999193847, 4724349.652100000530481 ], [ -263157.802500000223517, 4724400.023300003260374 ], [ -263178.470900001004338, 4724420.155700001865625 ], [ -263234.240999999456108, 4724508.185100004076958 ], [ -263246.208399999886751, 4724531.780999999493361 ], [ -263261.036299999803305, 4724561.035399999469519 ], [ -263272.854699999094009, 4724584.345899999141693 ], [ -263301.590299999341369, 4724680.3081 ], [ -263404.537499998696148, 4724817.4572 ], [ -263422.576500000432134, 4724834.66270000115037 ], [ -263497.848800000734627, 4724906.457900000736117 ], [ -263506.148299999535084, 4724914.372500002384186 ], [ -263584.989800000563264, 4724956.227200001478195 ], [ -263730.676300000399351, 4725019.345200000330806 ], [ -263759.144399998709559, 4725031.678900001570582 ], [ -263926.808699999935925, 4725082.107100004330277 ], [ -263926.811599999666214, 4725082.110200000926852 ], [ -263939.97099999897182, 4725086.068600004538894 ], [ -263974.857200000435114, 4725096.5625 ], [ -264069.760299999266863, 4725098.3947 ], [ -264108.754799999296665, 4725099.148000001907349 ], [ -264109.197800000198185, 4725099.163200002163649 ], [ -264116.611999999731779, 4725099.418299999088049 ], [ -264209.548200001008809, 4725102.616800000891089 ], [ -264269.895999998785555, 4725104.694299999624491 ], [ -264277.221199999563396, 4725104.946400001645088 ], [ -264333.644899998791516, 4725106.889400001615286 ], [ -264351.269800000824034, 4725107.496400002390146 ], [ -264421.250300000421703, 4725109.907000001519918 ], [ -264527.268000001087785, 4725113.560200002044439 ], [ -264534.862200001254678, 4725113.822000002488494 ], [ -264569.236999999731779, 4725115.006899999454618 ], [ -264591.367000000551343, 4725115.769900001585484 ], [ -264674.037800000049174, 4725118.620600001886487 ], [ -264729.688199998810887, 4725120.53999999910593 ], [ -264782.166799999773502, 4725122.350400000810623 ], [ -264823.512900000438094, 4725123.777100000530481 ], [ -264894.014300000853837, 4725126.210400003939867 ], [ -265034.378799999132752, 4725117.596800001338124 ], [ -265067.597999999299645, 4725115.558800000697374 ], [ -265148.285600000061095, 4725110.608900003135204 ], [ -265309.38260000012815, 4725110.473999999463558 ], [ -265399.060299999080598, 4725110.400399999693036 ], [ -265580.006199999712408, 4725110.255500003695488 ], [ -265670.362700000405312, 4725110.184900002554059 ], [ -265842.586299998685718, 4725110.05350000038743 ], [ -265915.041500000283122, 4725109.999500002712011 ], [ -265942.661199999973178, 4725109.979100001975894 ], [ -265986.983099999837577, 4725109.946600003167987 ], [ -266177.614100000821054, 4725111.190100001171231 ], [ -266192.948500000871718, 4725111.153300002217293 ], [ -266200.205699999816716, 4725111.136000001803041 ], [ -266444.131599999032915, 4725110.556800000369549 ], [ -266448.570799998939037, 4725110.546300001442432 ], [ -266481.293800000101328, 4725110.46930000372231 ], [ -266681.89820000063628, 4725110.000400001183152 ], [ -266756.917299999855459, 4725105.998299999162555 ], [ -266770.863899999298155, 4725105.254300002008677 ], [ -267030.836899999529123, 4725091.391799999400973 ], [ -267081.535699998959899, 4725081.963100001215935 ], [ -267085.96159999910742, 4725081.140100000426173 ], [ -267231.681699999608099, 4725054.042200000956655 ], [ -267254.39949999935925, 4725049.500499999150634 ], [ -267361.321499998681247, 4725028.126300001516938 ], [ -267453.247499999590218, 4725009.751100001856685 ], [ -267486.282999999821186, 4725003.147900002077222 ], [ -267691.770999999716878, 4724929.849800001829863 ], [ -267714.737399999983609, 4724921.657999999821186 ], [ -267774.176999999210238, 4724900.457299999892712 ], [ -268033.682199998758733, 4724835.907900001853704 ], [ -268039.60319999884814, 4724834.435200002044439 ], [ -268304.154100000858307, 4724768.642000002786517 ], [ -268390.288199999369681, 4724750.358100002631545 ], [ -268429.264199999161065, 4724742.084800001233816 ], [ -268733.298200000077486, 4724677.557599999010563 ], [ -268833.518600000999868, 4724656.290400004014373 ], [ -269126.268599999137223, 4724594.175799999386072 ], [ -269207.253299999982119, 4724576.99520000256598 ], [ -269359.315599999390543, 4724544.738300001248717 ], [ -269380.303699999116361, 4724540.286400001496077 ], [ -269495.47819999884814, 4724522.588000001385808 ], [ -269861.511800000444055, 4724466.354100000113249 ], [ -269959.995000000111759, 4724451.22749999910593 ], [ -270018.565000001341105, 4724442.232100000604987 ], [ -270191.988099999725819, 4724415.600000003352761 ], [ -270444.968999999575317, 4724392.73509999923408 ], [ -270873.098300000652671, 4724364.189300000667572 ], [ -271145.892300000414252, 4724384.195900000631809 ], [ -271473.8733000010252, 4724419.881400002166629 ], [ -271496.21129999961704, 4724422.312400002032518 ], [ -271767.378700000233948, 4724486.850800001993775 ], [ -272120.052899998612702, 4724624.254900000989437 ], [ -272470.098600000143051, 4724780.134700002148747 ], [ -272659.24870000127703, 4724865.478000000119209 ], [ -272828.725499998778105, 4724941.951099999248981 ], [ -273168.881399999372661, 4725101.138800002634525 ], [ -273398.844799999147654, 4725242.198800001293421 ], [ -273509.059099999256432, 4725309.809300001710653 ], [ -273787.205500000156462, 4725474.3048 ], [ -273860.682999999262393, 4725517.284199999645352 ], [ -273941.621500000357628, 4725564.62920000217855 ], [ -274015.090099999681115, 4725612.90430000051856 ], [ -274124.748499999754131, 4725684.961800001561642 ], [ -274254.08600000012666, 4725752.865800002589822 ], [ -274351.739299998618662, 4725778.558499999344349 ], [ -274483.361200000159442, 4725780.816600002348423 ], [ -274532.515199999324977, 4725772.282699998468161 ], [ -274744.277700000442564, 4725735.522100003436208 ], [ -274960.332200000993907, 4725690.904200000688434 ], [ -275071.494699998758733, 4725671.397799998521805 ], [ -275336.994599999859929, 4725527.794600002467632 ], [ -275437.25, 4725452.541200002655387 ], [ -275671.69679999910295, 4725196.1261 ], [ -275869.542700000107288, 4724981.619000000879169 ], [ -275987.573700000531971, 4724898.381900003179908 ], [ -276005.747600000351667, 4724885.565600000321865 ], [ -276238.953199999406934, 4724819.821699999272823 ], [ -276262.060599999502301, 4724815.566200001165271 ], [ -276635.784399999305606, 4724746.751500001177192 ], [ -276931.075000001117587, 4724701.331299999728799 ], [ -277097.115199998952448, 4724675.797499999403954 ], [ -277112.300800000317395, 4724682.847699999809265 ], [ -277272.820199999958277, 4724757.374700002372265 ], [ -277503.442099998705089, 4724809.073799999430776 ], [ -277618.263500000350177, 4724846.635299999266863 ], [ -277725.848100000061095, 4724935.005000000819564 ], [ -277806.692600000649691, 4724979.508899999782443 ], [ -277919.534399999305606, 4725014.432700000703335 ], [ -277957.723799999803305, 4725016.618500001728535 ], [ -278085.480699999257922, 4725023.932299999520183 ], [ -278263.304099999368191, 4725032.767200002446771 ], [ -278380.1081000007689, 4725072.968399999663234 ], [ -278478.113899999298155, 4725129.342999998480082 ], [ -278541.052000001072884, 4725201.79840000346303 ], [ -278599.577299999073148, 4725269.175899999216199 ], [ -278725.356799999251962, 4725477.959099998697639 ], [ -278813.163999998942018, 4725605.93019999936223 ], [ -278877.522199999541044, 4725669.156600000336766 ], [ -278891.713600001297891, 4725683.098799999803305 ], [ -278945.438700000755489, 4725731.850900001823902 ], [ -279021.085400001145899, 4725800.497300000861287 ], [ -279084.778099999763072, 4725849.629800003021955 ], [ -279211.144799998961389, 4725832.462900001555681 ], [ -279259.009200000204146, 4725825.961100000888109 ], [ -279339.127199999988079, 4725815.079 ], [ -279440.408500000834465, 4725801.323600001633167 ], [ -279670.344799999147654, 4725758.674300001934171 ], [ -279799.581300000660121, 4725747.306100001558661 ], [ -279956.705699999816716, 4725733.488199999555945 ], [ -280000.046399999409914, 4725727.252400001510978 ], [ -280269.454600000753999, 4725688.495999999344349 ], [ -280417.279400000348687, 4725683.246300002560019 ], [ -280560.774299999698997, 4725678.153500001877546 ], [ -280869.257100000977516, 4725679.681700004264712 ], [ -281017.648799998685718, 4725694.549400001764297 ], [ -281036.53770000115037, 4725696.442100003361702 ], [ -281324.572699999436736, 4725709.196100000292063 ], [ -281432.750399999320507, 4725707.98759999871254 ], [ -281784.828600000590086, 4725704.065799998119473 ], [ -282110.062499999068677, 4725718.792299998924136 ], [ -282124.340099999681115, 4725719.439099999144673 ], [ -282262.896900000981987, 4725744.343499999493361 ], [ -282377.091799998655915, 4725764.871300004422665 ], [ -282559.228399999439716, 4725799.207700001075864 ], [ -282735.105399999767542, 4725832.368900001049042 ], [ -282920.953599998727441, 4725858.842299999669194 ], [ -283072.327899999916553, 4725880.408900003880262 ], [ -283197.254700000397861, 4725887.517699999734759 ], [ -283451.802699999883771, 4725902.00929999910295 ], [ -283458.045299999415874, 4725902.364800002425909 ], [ -283587.260799999348819, 4725909.83980000205338 ], [ -283625.168899999931455, 4725912.033099999651313 ], [ -283771.943800000473857, 4725920.671699998900294 ], [ -283850.695899998769164, 4725925.3081 ], [ -283968.375499999150634, 4725936.709899999201298 ], [ -284057.584400000050664, 4725945.354500001296401 ], [ -284307.439299999736249, 4725947.275500001385808 ], [ -284417.597400000318885, 4725948.125200001522899 ], [ -284424.826000000350177, 4725948.181000001728535 ], [ -284538.988399999216199, 4725940.877299999818206 ], [ -284645.240999999456108, 4725956.01410000026226 ], [ -284716.166199999861419, 4725979.060599999502301 ], [ -284838.951799998991191, 4726018.960899997502565 ], [ -284967.974500000476837, 4726039.698400000110269 ], [ -285103.815299999900162, 4726045.938999997451901 ], [ -285115.060200000181794, 4726046.455700002610683 ], [ -285138.897900000214577, 4726047.551100000739098 ], [ -285315.56940000038594, 4726105.227299999445677 ], [ -285343.831199999898672, 4726114.454200001433492 ], [ -285557.359600001014769, 4726220.29079999960959 ], [ -285568.577200000174344, 4726225.318 ], [ -285750.093399998731911, 4726306.668299999088049 ], [ -285792.937400000169873, 4726327.5760000012815 ], [ -285893.326200000941753, 4726376.566900001838803 ], [ -285986.461199999786913, 4726399.641100002452731 ], [ -286027.636400000192225, 4726409.842800000682473 ], [ -286120.691199999302626, 4726418.386600000783801 ], [ -286226.928899998776615, 4726384.029200000688434 ], [ -286377.682099998928607, 4726268.811400001868606 ], [ -286465.428100001066923, 4726198.823300000280142 ], [ -286529.100099999457598, 4726165.471400000154972 ], [ -286647.888300000689924, 4726158.826100001111627 ], [ -286661.079499999061227, 4726161.110600002110004 ], [ -286734.056000000797212, 4726173.749700002372265 ], [ -286877.896599998697639, 4726198.664300000295043 ], [ -287210.20380000025034, 4726248.363099999725819 ], [ -287353.569899998605251, 4726265.017300000414252 ], [ -287479.149699999950826, 4726279.607699999585748 ], [ -287539.875599999912083, 4726288.258100001141429 ], [ -287749.42020000051707, 4726318.1119 ], [ -287900.56489999871701, 4726349.072600001469254 ], [ -287979.552899999544024, 4726376.798100000247359 ], [ -288228.284999999217689, 4726464.112799998372793 ], [ -288238.089999998919666, 4726467.646500002592802 ], [ -288520.499699998646975, 4726569.434800002723932 ], [ -288595.942899999208748, 4726596.629100000485778 ], [ -288762.608900000341237, 4726651.01490000076592 ], [ -288774.986699999310076, 4726657.19790000282228 ], [ -288855.024100000038743, 4726697.179099999368191 ], [ -288893.326500001363456, 4726759.203500000759959 ], [ -288953.540199998766184, 4727180.252400003373623 ], [ -288960.419000000692904, 4727226.030500000342727 ], [ -288960.96129999961704, 4727229.639600003138185 ], [ -288995.880900000222027, 4727462.051799999549985 ], [ -289014.583200000226498, 4727526.357699999585748 ], [ -289048.083599998615682, 4727641.550000002607703 ], [ -289054.883699999190867, 4727650.79929999820888 ], [ -289146.799099999479949, 4727775.823300000280142 ], [ -289176.611800000071526, 4727799.527499999850988 ], [ -289247.373999998904765, 4727855.792100001126528 ], [ -289330.987600000575185, 4727922.2774 ], [ -289373.962499999441206, 4727959.811000002548099 ], [ -289498.676599998958409, 4728068.738500002771616 ], [ -289609.847399999387562, 4728166.218700001016259 ], [ -289649.531099999323487, 4728201.016600001603365 ], [ -289759.785699998959899, 4728303.939400000497699 ], [ -289773.194899998605251, 4728320.752200001850724 ], [ -289794.142600000835955, 4728347.017400003969669 ], [ -289829.775299999862909, 4728391.695900000631809 ], [ -289834.612899999134243, 4728411.160400003194809 ], [ -289852.245499999262393, 4728482.1086 ], [ -289846.330199998803437, 4728556.690800001844764 ], [ -289819.645400000736117, 4728694.309800000861287 ], [ -289815.397399999201298, 4728823.341499999165535 ], [ -289834.402499999850988, 4728917.383000001311302 ], [ -289845.806000000797212, 4728973.812100000679493 ], [ -289845.260300001129508, 4729193.703600000590086 ], [ -289844.927699998952448, 4729327.243400001898408 ], [ -289858.854799998924136, 4729543.719799999147654 ], [ -289865.191200000233948, 4729812.658200001344085 ], [ -289866.877999998629093, 4729884.278600001707673 ], [ -289867.589899999089539, 4730045.608900001272559 ], [ -289867.939100000075996, 4730124.849300000816584 ], [ -289842.26560000050813, 4730354.537599999457598 ], [ -289843.470099998638034, 4730527.953000001609325 ], [ -290011.636999999172986, 4730637.961200000718236 ], [ -290193.495900000445545, 4730734.601399999111891 ], [ -290306.528799999505281, 4730786.357200004160404 ], [ -290470.075299998745322, 4730861.246799999848008 ], [ -290512.844600000418723, 4730881.702700002118945 ], [ -290624.538900000974536, 4730935.126100001856685 ], [ -290936.111399999819696, 4731097.405500002205372 ], [ -291397.19719999935478, 4731318.720300003886223 ], [ -291743.760999999009073, 4731500.137600000947714 ], [ -292428.633899999782443, 4731821.730399999767542 ], [ -292477.404000000096858, 4731876.839300002902746 ], [ -292686.454800001345575, 4732113.076400002464652 ], [ -292996.308400000445545, 4732353.429100003093481 ], [ -293125.802199998870492, 4732453.886700002476573 ], [ -293562.171000000089407, 4732749.490499999374151 ], [ -294281.749699999578297, 4733208.075300000607967 ], [ -294302.881000000052154, 4733221.918800001963973 ], [ -294460.497600000351667, 4733325.18019999936223 ], [ -294644.195100001059473, 4733445.5373 ], [ -294692.357299999333918, 4733477.094100000336766 ], [ -294833.654100000858307, 4733569.67879999987781 ], [ -294939.61119999922812, 4733632.591900002211332 ], [ -295324.820199999958277, 4733861.334499999880791 ], [ -295733.474799999967217, 4734136.511099999770522 ], [ -295983.688199998810887, 4734316.008700001984835 ], [ -296300.575400000438094, 4734507.377900002524257 ], [ -296444.161800000816584, 4734575.011600000783801 ], [ -296586.420900001190603, 4734602.379300002008677 ], [ -296746.172100000083447, 4734622.812700001522899 ], [ -296813.729100000113249, 4734619.408399999141693 ], [ -296917.140399999916553, 4734614.198799999430776 ], [ -297018.801300000399351, 4734628.702300002798438 ], [ -297189.786199999973178, 4734702.603700002655387 ], [ -297371.674200000241399, 4734832.283900000154972 ], [ -297495.803000000305474, 4734970.227500002831221 ], [ -297667.460399999283254, 4735105.523 ], [ -297823.26549999974668, 4735186.691600000485778 ], [ -298014.052899998612702, 4735237.488400001078844 ], [ -298190.654099998995662, 4735321.625100001692772 ], [ -298320.382599999196827, 4735387.286600003018975 ], [ -298507.210300001315773, 4735432.804300000891089 ], [ -298705.600099999457598, 4735529.482000004500151 ], [ -298862.890599999576807, 4735592.004600001499057 ], [ -298868.16509999986738, 4735659.856900002807379 ], [ -298878.271599998697639, 4735789.881700001657009 ], [ -298921.222699999809265, 4736050.633800001814961 ], [ -298949.639400000683963, 4736248.014200001955032 ], [ -299011.0887999990955, 4736626.931800000369549 ], [ -299022.840900000184774, 4736681.104399999603629 ], [ -299062.283300001174212, 4736862.928999999538064 ], [ -299159.024399999529123, 4737077.13570000231266 ], [ -299169.6722999997437, 4737092.814999999478459 ], [ -299336.309399998746812, 4737338.204500000923872 ], [ -299473.318200000561774, 4737551.08870000205934 ], [ -299589.860900000669062, 4737758.695299999788404 ], [ -299694.851500000804663, 4737981.158099999651313 ], [ -299725.224599999375641, 4738032.64750000461936 ], [ -299983.707899999804795, 4738302.958100002259016 ], [ -300159.994599998928607, 4738521.456500003114343 ], [ -300418.480399999767542, 4738824.781700003892183 ], [ -300693.140300000086427, 4739130.42 ], [ -300767.086600000038743, 4739206.994700001552701 ], [ -300925.209099998697639, 4739321.523800002411008 ], [ -300997.833499998785555, 4739374.332900000736117 ], [ -301072.773399999365211, 4739493.490599999204278 ], [ -301104.136599999852479, 4739554.555400002747774 ], [ -301042.745299998670816, 4739637.743200000375509 ], [ -301004.788299999199808, 4739688.910100003704429 ], [ -301000.47929999884218, 4739701.121400000527501 ], [ -300984.986600000411272, 4739745.027200000360608 ], [ -300984.660000000149012, 4739796.85160000436008 ], [ -300998.858299999497831, 4739862.539100002497435 ], [ -301065.049599999561906, 4739985.164200000464916 ], [ -301131.907299999147654, 4740218.701099999248981 ], [ -301214.108799999579787, 4740369.54929999820888 ], [ -301297.63150000013411, 4740544.16499999910593 ], [ -301342.199099999852479, 4740644.841900000348687 ], [ -301530.372099999338388, 4741093.764599999412894 ], [ -301698.406200000084937, 4741584.61430000141263 ], [ -301792.489799998700619, 4741850.341700002551079 ], [ -301843.32799999974668, 4742047.4101 ], [ -301832.351300000213087, 4742053.639500001445413 ], [ -301662.435099999420345, 4742150.07290000282228 ], [ -301441.601199999451637, 4742276.501899998635054 ], [ -301238.593299999833107, 4742426.696300001814961 ], [ -301101.274400001391768, 4742579.200000002980232 ], [ -300985.081299999728799, 4742699.353600000962615 ], [ -300981.581499999389052, 4742706.696100000292063 ], [ -300884.071800000965595, 4742911.272300001233816 ], [ -300846.109400001354516, 4743077.968100003898144 ], [ -300817.058000000193715, 4743297.808700002729893 ], [ -300823.899999999441206, 4743381.510800002142787 ], [ -300825.638299999758601, 4743402.777900001034141 ], [ -300859.634200000204146, 4743560.8926 ], [ -300955.356599998660386, 4743724.290800001472235 ], [ -301054.378700000233948, 4743914.097200000658631 ], [ -301180.467299998737872, 4744120.740500003099442 ], [ -301420.882500001229346, 4744584.432500001043081 ], [ -301468.062000000849366, 4744675.43889999948442 ], [ -301513.174900000914931, 4744762.462000001221895 ], [ -301708.242700000293553, 4745113.367500001564622 ], [ -301877.56209999974817, 4745446.448999999091029 ], [ -302005.666100000031292, 4745687.80350000038743 ], [ -302167.349899999797344, 4745992.458900002762675 ], [ -302256.463499999605119, 4746160.819100003689528 ], [ -302270.655299998819828, 4746187.026100002229214 ], [ -302637.008199999108911, 4746863.648800000548363 ], [ -302918.783800000324845, 4747384.062400000169873 ], [ -303017.544800000265241, 4747566.491600001230836 ], [ -303398.073200000450015, 4748269.347400000318885 ], [ -303426.941400000825524, 4748324.48509999923408 ], [ -303493.507199998944998, 4748451.629899999126792 ], [ -303770.339400000870228, 4748980.468099998310208 ], [ -303866.531499999575317, 4749164.205999998375773 ], [ -303963.792000000365078, 4749349.999100001528859 ], [ -304142.597199998795986, 4749691.60190000012517 ], [ -304435.501199998892844, 4750251.149399999529123 ], [ -304514.846300000324845, 4750402.748500000685453 ], [ -304691.372799999080598, 4750732.4134 ], [ -304896.330199999734759, 4751115.23059999756515 ], [ -305065.739399999380112, 4751431.615900000557303 ], [ -305185.552499999292195, 4751655.401700001209974 ], [ -305277.805700000375509, 4751827.725900001823902 ], [ -305313.133600001223385, 4751894.073900001123548 ], [ -305528.945900000631809, 4752299.424400001764297 ], [ -305656.96199999935925, 4752539.903899999335408 ], [ -305876.660900000482798, 4752952.560300001874566 ], [ -306036.1097999997437, 4753252.095100000500679 ], [ -306174.535099999047816, 4753515.732599999755621 ], [ -306412.276699999347329, 4753968.590600002557039 ], [ -306415.343199999071658, 4753974.397800002247095 ], [ -306627.910600000992417, 4754376.985300000756979 ], [ -306790.745999999344349, 4754685.430100001394749 ], [ -306818.244099999777973, 4754737.50760000012815 ], [ -307169.206699999980628, 4755402.282800000160933 ], [ -307277.310600001364946, 4755603.524000002071261 ], [ -307367.509399998933077, 4755771.446799997240305 ], [ -307491.416500001214445, 4755790.0482 ], [ -307506.837599999271333, 4755792.363400001078844 ], [ -307531.166899998672307, 4755796.016200002282858 ], [ -307537.196899998933077, 4755796.921500002965331 ], [ -307544.048300000838935, 4755796.587100001052022 ], [ -307962.115899999625981, 4755776.193800004199147 ], [ -308095.785500000230968, 4755769.678600000217557 ], [ -308363.131999999284744, 4755756.655700001865625 ], [ -308385.037100001238286, 4755755.589199999347329 ], [ -309146.063500001095235, 4755711.25620000064373 ], [ -309444.709199999459088, 4755701.176100000739098 ], [ -309572.637099999934435, 4755696.862099999561906 ], [ -309813.506399999372661, 4755689.107300002127886 ], [ -310029.920800000429153, 4755682.146900001913309 ], [ -310525.84150000102818, 4755661.170200001448393 ], [ -310533.289799999445677, 4755660.2456 ], [ -310878.809600000269711, 4755617.366500001400709 ], [ -310975.271200000308454, 4755610.943900004029274 ], [ -311081.210999999195337, 4755603.891800001263618 ], [ -311610.157000000588596, 4755599.432400001212955 ], [ -311945.88920000102371, 4755585.027000000700355 ], [ -312129.870099999010563, 4755577.139800000935793 ], [ -312609.302099999040365, 4755548.959300000220537 ], [ -313181.207999999634922, 4755515.386400001123548 ], [ -313435.588499999605119, 4755506.249299999326468 ], [ -313594.124400000087917, 4755500.559500001370907 ], [ -314221.998399998992682, 4755478.060900002717972 ], [ -314468.568199998699129, 4755471.292100001126528 ], [ -314539.432999999262393, 4755469.348400002345443 ], [ -315106.161100001074374, 4755453.829500000923872 ], [ -315259.179900000803173, 4755449.647300001233816 ], [ -315370.456299998797476, 4755463.219500001519918 ], [ -315471.825699999928474, 4755480.090900000184774 ], [ -315627.680700000375509, 4755495.327900001779199 ], [ -315763.405699999071658, 4755469.942700000479817 ], [ -315765.684199999086559, 4755469.5118000023067 ], [ -315862.805599998682737, 4755451.150499999523163 ], [ -315976.475199999287724, 4755463.301700001582503 ], [ -316057.955900000408292, 4755472.013100001960993 ], [ -316303.296500000171363, 4755504.77869999781251 ], [ -316644.385199999436736, 4755593.711200000718236 ], [ -316724.665000000968575, 4755605.204400001093745 ], [ -316780.760299999266863, 4755613.235800003632903 ], [ -317053.180900000035763, 4755654.596899997442961 ], [ -317141.599999999627471, 4755670.837199999019504 ], [ -317227.859400000423193, 4755686.682099999859929 ], [ -317231.960299999453127, 4755688.624600000679493 ], [ -317288.796099998988211, 4755715.546800000593066 ], [ -317301.476700000464916, 4755721.553500002250075 ], [ -317320.639099999330938, 4755730.630500001832843 ], [ -317668.985700000077486, 4755867.78239999897778 ], [ -317998.522199998609722, 4755971.57740000076592 ], [ -318324.767100000753999, 4756048.954200003296137 ], [ -318537.68059999961406, 4756089.2007 ], [ -318993.124699998646975, 4756175.315700000151992 ], [ -319345.466599999926984, 4756251.713400000706315 ], [ -320366.19029999896884, 4756454.482000004500151 ], [ -320686.500300001353025, 4756556.963900001719594 ], [ -320865.795300000347197, 4756655.768200000748038 ], [ -320983.017499999143183, 4756710.298600003123283 ], [ -321120.68680000025779, 4756852.684200001880527 ], [ -321243.994999999180436, 4757022.424500001594424 ], [ -321380.808400000445545, 4757210.770099999383092 ], [ -321544.214299999177456, 4757420.540400000289083 ], [ -321663.883100000210106, 4757565.070699999108911 ], [ -321811.629199999384582, 4757694.75 ], [ -322087.942200000397861, 4758022.1385000012815 ], [ -322363.836400000378489, 4758352.763300001621246 ], [ -322432.257799999788404, 4758434.765400003641844 ], [ -322716.822900000028312, 4758770.42369999922812 ], [ -323171.400900000706315, 4759302.664300002157688 ], [ -323364.525600000284612, 4759519.069199999794364 ], [ -323672.867499999701977, 4759912.830500001087785 ], [ -323940.890399999916553, 4760255.158100003376603 ], [ -324548.968100000172853, 4760967.50080000422895 ], [ -325122.916599999181926, 4761650.248500002548099 ], [ -325175.854399999603629, 4761713.231899999082088 ], [ -325800.425499998964369, 4762458.65430000051856 ], [ -326427.304899998940527, 4763204.430600002408028 ], [ -327051.868899999186397, 4763949.89809999987483 ], [ -327678.74170000012964, 4764695.719500001519918 ], [ -328318.165599999018013, 4765436.28520000167191 ], [ -328486.492600000463426, 4765640.462000001221895 ], [ -328801.652699999511242, 4766022.793800001963973 ], [ -328929.178700000047684, 4766177.518800001591444 ], [ -328945.35950000025332, 4766197.002000004053116 ], [ -328948.956899999640882, 4766201.333699999377131 ], [ -328951.043200000189245, 4766203.845700001344085 ], [ -328965.659899999387562, 4766221.4459000043571 ], [ -328967.480899999849498, 4766223.638699999079108 ], [ -328997.081999999471009, 4766259.2820999994874 ], [ -329021.180900000035763, 4766288.300600001588464 ], [ -329031.844800000078976, 4766301.141600001603365 ], [ -329069.500599998980761, 4766346.48560000397265 ], [ -329075.401399998925626, 4766353.591299999505281 ], [ -329144.658200000412762, 4766436.990900002419949 ], [ -329175.594399999827147, 4766474.245600001886487 ], [ -329264.453099999576807, 4766581.256200002506375 ], [ -329296.289800000376999, 4766619.597900001332164 ], [ -329479.728899999521673, 4766840.529900001361966 ], [ -329509.530499999411404, 4766876.424699999392033 ], [ -329540.85149999987334, 4766914.150100002065301 ], [ -329615.060299999080598, 4767003.807899998500943 ], [ -329703.787399999797344, 4767111.011200001463294 ], [ -329728.586299998685718, 4767140.974900001659989 ], [ -329918.656399998813868, 4767370.64500000141561 ], [ -329967.721800001338124, 4767429.936799999326468 ], [ -330150.208599999547005, 4767650.47130000218749 ], [ -330169.578099998645484, 4767673.624200001358986 ], [ -330173.362399999052286, 4767678.147700002416968 ], [ -330190.365699999034405, 4767698.472500003874302 ], [ -330310.176500000990927, 4767841.692700002342463 ], [ -330576.562800000421703, 4768160.160000000149012 ], [ -330600.023599999956787, 4768188.209800003096461 ], [ -330698.920999999158084, 4768306.455600002780557 ], [ -330762.53760000038892, 4768382.521600004285574 ], [ -331017.798799999058247, 4768686.662399999797344 ], [ -331288.536399998702109, 4769009.28830000013113 ], [ -331377.175400000065565, 4769114.925500001758337 ], [ -331462.550800001248717, 4769216.986200001090765 ], [ -331550.289000000804663, 4769321.876199999824166 ], [ -331989.497499999590218, 4769847.019300000742078 ], [ -332138.68269999884069, 4770023.538900002837181 ], [ -332244.429599999450147, 4770148.67 ], [ -332457.104399999603629, 4770400.350600002333522 ], [ -332606.772700000554323, 4770577.486100003123283 ], [ -332762.669499998912215, 4770761.954 ], [ -332860.326999998651445, 4770877.517100000753999 ], [ -333224.044499999843538, 4771307.974700001999736 ], [ -333411.87629999872297, 4771539.876300001516938 ], [ -333536.529900000430644, 4771693.789700001478195 ], [ -333671.209599998779595, 4771860.094600001350045 ], [ -333827.428199999034405, 4772053.011399999260902 ], [ -334247.218299999833107, 4772554.061599999666214 ], [ -334449.970199999399483, 4772796.101099999621511 ], [ -334467.125499999150634, 4772816.5757 ], [ -335072.50859999936074, 4773539.213200001046062 ], [ -335450.602699999697506, 4773990.523199999704957 ], [ -335695.043599999509752, 4774282.347500000149012 ], [ -335868.981999998912215, 4774509.115000000223517 ], [ -335919.59639999922365, 4774574.50560000166297 ], [ -335950.473799998871982, 4774614.398200003430247 ], [ -336250.195799998939037, 4775001.665500000119209 ], [ -336637.761699999682605, 4775503.833499999716878 ], [ -336805.343499999493361, 4775721.002900000661612 ], [ -337297.349299998953938, 4776358.534700000658631 ], [ -337360.486499999649823, 4776440.359600001946092 ], [ -337915.624800001271069, 4777159.735500000417233 ], [ -338470.758499999530613, 4777879.130700003355742 ], [ -339023.575100000016391, 4778598.212799999862909 ], [ -339074.407299999147654, 4778662.886300001293421 ], [ -339590.262099999003112, 4779319.308499999344349 ], [ -340154.632299998775125, 4780040.09150000102818 ], [ -340721.310699999332428, 4780761.226699998602271 ], [ -341285.339500000700355, 4781484.361600004136562 ], [ -341846.3860999988392, 4782211.809000000357628 ], [ -341939.762300000526011, 4782332.867900002747774 ], [ -342407.427799998782575, 4782939.276100000366569 ], [ -342885.739999999292195, 4783559.480700001120567 ], [ -342933.915099998936057, 4783621.95639999769628 ], [ -342968.464699999429286, 4783666.762900000438094 ], [ -343529.496799999848008, 4784394.269300004467368 ], [ -343556.866699999198318, 4784429.75650000013411 ], [ -344046.298700000159442, 4785064.436499999836087 ], [ -344090.52419999986887, 4785121.795499999076128 ], [ -344519.456600000150502, 4785658.441100001335144 ], [ -344674.674800000153482, 4785852.669300001114607 ], [ -345032.365499999374151, 4786309.971500001847744 ], [ -345248.904299998655915, 4786586.858000000938773 ], [ -345475.981999998912215, 4786880.359099999070168 ], [ -345647.264899998903275, 4787101.769799999892712 ], [ -345818.170300000347197, 4787322.714100003242493 ], [ -346184.005099998787045, 4787797.310799999162555 ], [ -346206.388399999588728, 4787826.351800000295043 ], [ -346385.118699999526143, 4788058.257400002330542 ], [ -346400.915800000540912, 4788078.749600000679493 ], [ -346633.421599999070168, 4788380.381100000813603 ], [ -346887.329800000414252, 4788709.823600001633167 ], [ -346952.062299999408424, 4788793.820900000631809 ], [ -347164.302999999374151, 4789069.168000001460314 ], [ -347278.510499999858439, 4789217.34710000269115 ], [ -347330.801699998788536, 4789285.195800004526973 ], [ -347334.465299999341369, 4789289.94960000179708 ], [ -347475.214199999347329, 4789472.584000000730157 ], [ -347511.362399999052286, 4789519.492000002413988 ], [ -347519.001000000163913, 4789529.404400002211332 ], [ -347573.061900001019239, 4789599.538800001144409 ], [ -347713.334199999459088, 4789781.52730000205338 ], [ -347789.695700000040233, 4789880.604500001296401 ], [ -347974.300800000317395, 4790120.142600003629923 ], [ -347997.004499999806285, 4790149.604299999773502 ], [ -348064.871300000697374, 4790237.673700001090765 ], [ -348085.93470000103116, 4790265.008000001311302 ], [ -348250.903099999763072, 4790478.428200002759695 ], [ -348266.172600000165403, 4790498.183400003239512 ], [ -348410.69620000012219, 4790685.172300001606345 ], [ -348456.674700001254678, 4790744.664000002667308 ], [ -348458.135499999858439, 4790746.554199999198318 ], [ -348539.290300001390278, 4790851.564000001177192 ], [ -348603.366899998858571, 4790934.479400001466274 ], [ -348620.990400000475347, 4790954.946100000292063 ], [ -348644.445600000210106, 4790982.18550000153482 ], [ -348649.020700000226498, 4790987.498800003901124 ], [ -348654.650700000114739, 4790994.0373 ], [ -348677.684499999508262, 4791020.787800000980496 ], [ -348681.44620000012219, 4791025.156600002199411 ], [ -348713.601199999451637, 4791062.500800000503659 ], [ -348721.839099999517202, 4791051.329500002786517 ], [ -348745.603099999018013, 4791019.089099999517202 ], [ -348747.956500001251698, 4791015.899399999529123 ], [ -348761.640399998985231, 4790997.33190000243485 ], [ -348769.106599998660386, 4790987.203099999576807 ], [ -348782.285699999891222, 4790969.331700002774596 ], [ -348784.326199999079108, 4790966.557 ], [ -348801.799300001002848, 4790942.864900002256036 ], [ -348807.056200000457466, 4790935.727900002151728 ], [ -348816.91270000115037, 4790922.354300003498793 ], [ -348823.524399999529123, 4790913.391600001603365 ], [ -348841.242900000885129, 4790889.350299999117851 ], [ -348844.081099999137223, 4790885.506500001996756 ], [ -348856.120500001125038, 4790869.174900000914931 ], [ -348857.70299999974668, 4790867.020300000905991 ], [ -348868.772199998609722, 4790852.004100002348423 ], [ -348876.452499999664724, 4790841.596599999815226 ], [ -348980.046099998988211, 4790644.842700000852346 ], [ -348980.446999999694526, 4790644.081399999558926 ], [ -349012.736100001260638, 4790436.2467 ], [ -349009.76729999948293, 4790294.778100000694394 ], [ -349007.850999999791384, 4790203.076700003817677 ], [ -349005.83420000039041, 4790107.075000001117587 ], [ -349005.497100000269711, 4790095.854900002479553 ], [ -348998.318599999882281, 4789858.563500002026558 ], [ -348997.229200000874698, 4789822.525499999523163 ], [ -348935.503699999302626, 4789565.885299999266863 ], [ -348927.816800000146031, 4789533.937700003385544 ], [ -348907.378899999894202, 4789441.263600001111627 ], [ -348867.96239999961108, 4789262.539799999445677 ], [ -348836.39780000038445, 4789119.407100001350045 ], [ -348819.2027000002563, 4789014.195800000801682 ], [ -348793.720200000330806, 4788858.283399999141693 ], [ -348793.850999999791384, 4788856.029400004073977 ], [ -348799.784399999305606, 4788750.556500002741814 ], [ -348816.735799999907613, 4788665.6414 ], [ -348832.578500000759959, 4788644.148700000718236 ], [ -348857.790599999018013, 4788609.968200003728271 ], [ -348881.269599999301136, 4788578.13260000012815 ], [ -348940.536699999123812, 4788555.406200001016259 ], [ -348979.210500000044703, 4788540.5855 ], [ -348988.726199999451637, 4788536.937600001692772 ], [ -349057.487399999052286, 4788537.902400001883507 ], [ -349096.156199999153614, 4788538.445700000971556 ], [ -349115.956400000490248, 4788538.726900001987815 ], [ -349179.776499999687076, 4788505.417099997401237 ], [ -349220.974299999885261, 4788451.569900002330542 ], [ -349258.585099999792874, 4788402.419900001958013 ], [ -349309.420300000347197, 4788335.969100004062057 ], [ -349316.45890000090003, 4788326.772600000724196 ], [ -349344.906299998983741, 4788272.916200000792742 ], [ -349365.250399999320507, 4788234.414000002667308 ], [ -349393.434899998828769, 4788181.052700003609061 ], [ -349397.596900000236928, 4788173.180700000375509 ], [ -349412.841300001367927, 4788127.50730000063777 ], [ -349430.130099999718368, 4788075.730400003492832 ], [ -349446.872799999080598, 4788025.58249999769032 ], [ -349455.338499999605119, 4788000.229800000786781 ], [ -349464.225100001320243, 4787973.596700001507998 ], [ -349509.654299999587238, 4787837.531199999153614 ], [ -349535.712199999019504, 4787729.257000001147389 ], [ -349565.506400001235306, 4787605.424100000411272 ], [ -349568.411699999123812, 4787593.3597999997437 ], [ -349572.219899999909103, 4787518.95130000077188 ], [ -349577.520800000056624, 4787415.237400000914931 ], [ -349573.118999999016523, 4787379.377299999818206 ], [ -349538.450500000268221, 4787097.085799999535084 ], [ -349532.958499998785555, 4787052.317900002002716 ], [ -349531.722300000488758, 4787047.175600001588464 ], [ -349487.219200000166893, 4786861.576600002124906 ], [ -349434.90470000077039, 4786746.043600000441074 ], [ -349433.474600001238286, 4786742.880000004544854 ], [ -349370.777899999171495, 4786612.139100002124906 ], [ -349297.271799999289215, 4786458.854800000786781 ], [ -349287.267699998803437, 4786430.098099999129772 ], [ -349248.838300000876188, 4786319.66860000230372 ], [ -349225.549899999983609, 4786249.572300000116229 ], [ -349217.539899999275804, 4786225.448800001293421 ], [ -349186.240299999713898, 4786131.228000001981854 ], [ -349191.265700000338256, 4786063.487500002607703 ], [ -349225.259300000034273, 4785989.725400002673268 ], [ -349229.024000000208616, 4785981.562700001522899 ], [ -349277.980100000277162, 4785936.667899999767542 ], [ -349340.779699998907745, 4785926.816999999806285 ], [ -349366.142399999313056, 4785941.451999999582767 ], [ -349438.882299999706447, 4785983.429700003936887 ], [ -349524.726099999621511, 4786059.526600001379848 ], [ -349598.960999999195337, 4786183.536399997770786 ], [ -349628.526499998755753, 4786233.000600000843406 ], [ -349637.668899999931455, 4786248.307900000363588 ], [ -349680.781599999405444, 4786320.440400002524257 ], [ -349752.894599999301136, 4786464.223400002345443 ], [ -349768.841199999675155, 4786496.021299999207258 ], [ -349858.30210000090301, 4786596.249400002881885 ], [ -349903.572600000537932, 4786618.3739 ], [ -349988.443399999290705, 4786659.840999998152256 ], [ -350053.051799998618662, 4786664.684800002723932 ], [ -350091.219700000248849, 4786667.549900002777576 ], [ -350219.158800000324845, 4786631.659200001507998 ], [ -350291.014799999073148, 4786553.293500000610948 ], [ -350297.56969999987632, 4786546.141699999570847 ], [ -350354.558299999684095, 4786412.682299999520183 ], [ -350375.575399999506772, 4786217.381300000473857 ], [ -350349.303700000979006, 4786055.412900000810623 ], [ -350300.807299999520183, 4785868.528600001707673 ], [ -350282.472500000149012, 4785797.89049999974668 ], [ -350232.700299999676645, 4785667.955900000408292 ], [ -350098.074300000444055, 4785454.987400002777576 ], [ -350001.932500000111759, 4785331.281500000506639 ], [ -349986.513600000180304, 4785311.437900001183152 ], [ -349873.936099998652935, 4785191.356600001454353 ], [ -349704.883100001141429, 4785037.183800002560019 ], [ -349694.087199999019504, 4785026.859999999403954 ], [ -349603.191499998793006, 4784939.9233 ], [ -349516.207799999974668, 4784819.504499999806285 ], [ -349489.001199999824166, 4784781.833799999207258 ], [ -349343.754899999126792, 4784609.839099999517202 ], [ -349243.728000000119209, 4784501.01380000077188 ], [ -349194.963800000026822, 4784454.588400000706315 ], [ -349085.528599999845028, 4784350.398300003260374 ], [ -349071.376900000497699, 4784336.925000002607703 ], [ -348971.31279999949038, 4784261.145400000736117 ], [ -348844.810700001195073, 4784188.646899998188019 ], [ -348761.054299999959767, 4784114.068300001323223 ], [ -348702.498300000093877, 4784061.931800000369549 ], [ -348499.425599998794496, 4783881.626599999144673 ], [ -348486.50279999896884, 4783867.3311 ], [ -348391.472000000998378, 4783762.219500001519918 ], [ -348310.024799999780953, 4783671.783900002017617 ], [ -348293.762399999424815, 4783653.73000000230968 ], [ -348180.202800001017749, 4783524.07319999858737 ], [ -348128.411800000816584, 4783424.549999998882413 ], [ -348073.04069999884814, 4783267.852800000458956 ], [ -348058.08119999896735, 4783063.403300000354648 ], [ -348053.141699999570847, 4782995.854000000283122 ], [ -348043.161199999041855, 4782721.96169999986887 ], [ -348040.253800000064075, 4782642.228399999439716 ], [ -348059.863200000487268, 4782522.287000004202127 ], [ -348105.964999998919666, 4782349.494300000369549 ], [ -348200.300400000065565, 4782185.999300001189113 ], [ -348322.372599999420345, 4782010.018200002610683 ], [ -348331.340999999083579, 4781997.086599998176098 ], [ -348426.604499999433756, 4781909.266599997878075 ], [ -348487.06379999872297, 4781880.771200001239777 ], [ -348672.256599999032915, 4781793.494300004094839 ], [ -348904.001400000415742, 4781708.775700001046062 ], [ -349123.147399999201298, 4781662.375 ], [ -349240.478099999018013, 4781650.916999999433756 ], [ -349256.02280000038445, 4781650.029800003394485 ], [ -349406.723799998871982, 4781641.449400000274181 ], [ -349440.433799999766052, 4781639.53150000423193 ], [ -349562.93030000012368, 4781650.938700003549457 ], [ -349580.221800000406802, 4781652.549000000581145 ], [ -349710.385499998927116, 4781699.595600001513958 ], [ -349768.355999998748302, 4781732.656999999657273 ], [ -349937.312400000169873, 4781829.030899999663234 ], [ -350050.497599999420345, 4781909.00280000269413 ], [ -350134.484400000423193, 4781968.345499999821186 ], [ -350256.661100000143051, 4782087.437700001522899 ], [ -350288.197599999606609, 4782126.957100002095103 ], [ -350356.684399999678135, 4782212.786100000143051 ], [ -350507.547500000335276, 4782395.02309999987483 ], [ -350637.507599999196827, 4782529.348300004377961 ], [ -350653.482799999415874, 4782545.863300001248717 ], [ -350770.361999998800457, 4782668.922699999064207 ], [ -350803.012000000104308, 4782693.911900002509356 ], [ -350876.708800000138581, 4782750.32179999910295 ], [ -350915.564000000245869, 4782768.342300001531839 ], [ -350965.241799999959767, 4782791.389799997210503 ], [ -351131.490699999965727, 4782784.603200001642108 ], [ -351285.838000000454485, 4782778.470000000670552 ], [ -351473.922500000335276, 4782783.423700001090765 ], [ -351506.940000000409782, 4782784.300000002607703 ], [ -351627.04380000103265, 4782765.059900002554059 ], [ -351724.440299999900162, 4782749.468900000676513 ], [ -351872.850499998778105, 4782735.396000001579523 ], [ -352031.860699999146163, 4782696.87300000153482 ], [ -352141.973800000734627, 4782637.15819999948144 ], [ -352258.158900000154972, 4782520.557400001212955 ], [ -352263.381399999372661, 4782515.313999999314547 ], [ -352339.87849999871105, 4782361.040200000628829 ], [ -352351.965599998831749, 4782299.796800004318357 ], [ -352383.379099999554455, 4782140.631300002336502 ], [ -352373.685999999754131, 4781896.046599999070168 ], [ -352371.35840000025928, 4781875.286100002005696 ], [ -352354.013799998909235, 4781720.857599999755621 ], [ -352312.181200000457466, 4781568.458799999207258 ], [ -352236.753200000151992, 4781420.399500001221895 ], [ -352233.001699999906123, 4781413.046299999579787 ], [ -352116.464499998837709, 4781271.150699999183416 ], [ -352015.762699998915195, 4781182.262399999424815 ], [ -351988.65819999948144, 4781158.334200002253056 ], [ -351823.191700000315905, 4781028.297399999573827 ], [ -351744.2829, 4780936.677100004628301 ], [ -351702.372200000099838, 4780866.899099998176098 ], [ -351696.532100001350045, 4780743.29080000333488 ], [ -351722.387900000438094, 4780668.64750000089407 ], [ -351740.937099998816848, 4780615.095500001683831 ], [ -351768.452600001357496, 4780522.248099999502301 ], [ -351749.062300000339746, 4780394.324099998921156 ], [ -351746.553099999204278, 4780389.420700002461672 ], [ -351664.271899999119341, 4780228.6722 ], [ -351623.076899998821318, 4780164.688200000673532 ], [ -351575.486299999989569, 4780090.77080000191927 ], [ -351531.683199999853969, 4779919.205600000917912 ], [ -351547.685800000093877, 4779758.5932 ], [ -351581.163300001062453, 4779640.63260000385344 ], [ -351637.975699999369681, 4779525.012900002300739 ], [ -351647.542100000195205, 4779505.540000002831221 ], [ -351664.599499998614192, 4779470.830600002780557 ], [ -351824.886499999091029, 4779094.850600004196167 ], [ -351855.768400001339614, 4779008.855900004506111 ], [ -351891.803600000217557, 4778908.502000000327826 ], [ -351900.62430000025779, 4778882.881100002676249 ], [ -351960.717800000682473, 4778708.276500003412366 ], [ -352034.896899999119341, 4778537.141300002112985 ], [ -352067.712100000120699, 4778437.609400004148483 ], [ -352114.419699999503791, 4778295.936000002548099 ], [ -352114.544599999673665, 4778295.653300004079938 ], [ -352174.358699998818338, 4778158.164300002157688 ], [ -352201.229799999855459, 4778036.891500001773238 ], [ -352190.100200000219047, 4777900.712200000882149 ], [ -352175.352199998684227, 4777857.3257 ], [ -352140.316499999724329, 4777754.257700001820922 ], [ -352053.507700000889599, 4777619.011600004509091 ], [ -351992.430200000293553, 4777534.684800002723932 ], [ -351977.274000001139939, 4777475.841900000348687 ], [ -351979.330700000748038, 4777363.782600002363324 ], [ -351979.347199998795986, 4777362.807900000363588 ], [ -352011.443199998699129, 4777320.203300001099706 ], [ -352140.830999999307096, 4777193.558599999174476 ], [ -352146.062900001183152, 4777188.437699999660254 ], [ -352179.503299999050796, 4777120.049900002777576 ], [ -352194.762299999594688, 4777046.693600002676249 ], [ -352172.385800000280142, 4776923.064999999478459 ], [ -352186.345499999821186, 4776825.906300002709031 ], [ -352217.083200000226498, 4776752.174700001254678 ], [ -352276.419200000353158, 4776609.827000003308058 ], [ -352305.242399998940527, 4776515.988299997523427 ], [ -352368.510499998927116, 4776405.416199998930097 ], [ -352396.281600001268089, 4776356.882900003343821 ], [ -352398.24280000012368, 4776353.450200004503131 ], [ -352641.097699999809265, 4776027.0945999994874 ], [ -352828.079400000162423, 4775760.951500004157424 ], [ -352836.974499999545515, 4775748.2972 ], [ -352959.756199998781085, 4775534.549300001934171 ], [ -353137.817400000989437, 4775215.413900000974536 ], [ -353159.945700000040233, 4775176.493100002408028 ], [ -353234.860999998636544, 4775044.730900002643466 ], [ -353242.067500000819564, 4775032.0591000020504 ], [ -353278.42509999871254, 4775025.475999999791384 ], [ -353328.298899999819696, 4775072.775399999693036 ], [ -353348.763299999758601, 4775111.126600001007318 ], [ -353364.933499999344349, 4775146.504100004211068 ], [ -353386.400600000284612, 4775161.393899999558926 ], [ -353417.472899999469519, 4775158.778900001198053 ], [ -353447.893100000917912, 4775144.259900001809001 ], [ -353470.50719999987632, 4775124.189400000497699 ], [ -353477.661399999633431, 4775117.836800001561642 ], [ -353496.218700000084937, 4775054.392300000414252 ], [ -353511.561999999918044, 4774931.415899999439716 ], [ -353511.8454, 4774929.138700000941753 ], [ -353528.457299999892712, 4774813.471600001677871 ], [ -353565.600599999539554, 4774752.046400001272559 ], [ -353571.804999998770654, 4774741.778200000524521 ], [ -353612.824399999342859, 4774702.811400001868606 ], [ -353673.00209999922663, 4774661.872500000521541 ], [ -353755.853000000119209, 4774639.0861000046134 ], [ -353768.877700000070035, 4774635.500500001013279 ], [ -353849.605000000447035, 4774631.764399999752641 ], [ -353930.505799999460578, 4774628.020900001749396 ], [ -354104.018799998797476, 4774636.407800002023578 ], [ -354256.708100000396371, 4774658.341400003060699 ], [ -354316.679999998770654, 4774673.860999999567866 ], [ -354406.673099999316037, 4774697.157200001180172 ], [ -354420.614099998958409, 4774700.766400001943111 ], [ -354580.225200000219047, 4774740.22100000269711 ], [ -354797.68989999871701, 4774771.455100001767278 ], [ -354857.910999999381602, 4774779.386500000953674 ], [ -354959.00760000012815, 4774792.712400000542402 ], [ -354996.974399998784065, 4774797.714199999347329 ], [ -355114.961600000970066, 4774814.655200002714992 ], [ -355250.752999998629093, 4774888.465399999171495 ], [ -355273.995100000873208, 4774908.030200002714992 ], [ -355379.252500000409782, 4774996.648499999195337 ], [ -355469.773100000806153, 4775056.871600000187755 ], [ -355596.293899999931455, 4775105.495800001546741 ], [ -355597.323500000871718, 4775105.88539999909699 ], [ -355880.52519999910146, 4775189.06840000115335 ], [ -355939.33699999935925, 4775213.679600002244115 ], [ -356060.938000001013279, 4775264.56389999948442 ], [ -356322.671599999070168, 4775332.852000001817942 ], [ -356346.421799999661744, 4775340.227000001817942 ], [ -356535.159099998883903, 4775398.796500002965331 ], [ -356674.495500000193715, 4775418.806700000539422 ], [ -356785.019999998621643, 4775434.682499999180436 ], [ -357020.277800000272691, 4775478.921299999579787 ], [ -357210.368999999947846, 4775514.6645 ], [ -357365.434999998658895, 4775543.9222999997437 ], [ -357472.455099999904633, 4775564.116299998015165 ], [ -357657.629599998705089, 4775592.29700000025332 ], [ -357749.758200000971556, 4775606.313300000503659 ], [ -357956.008300000801682, 4775617.047200001776218 ], [ -358134.214800000190735, 4775619.189200000837445 ], [ -358278.956900000572205, 4775620.929200001060963 ], [ -358319.657800001092255, 4775619.525699999183416 ], [ -358663.400899999774992, 4775607.673900000751019 ], [ -358775.303099999204278, 4775601.051100004464388 ], [ -358872.984699998982251, 4775595.274900000542402 ], [ -359025.377300000749528, 4775590.98930000141263 ], [ -359285.534299999475479, 4775583.684200001880527 ], [ -359454.881400000303984, 4775571.899600001052022 ], [ -359660.334099998697639, 4775557.601500002667308 ], [ -359750.664200000464916, 4775551.317700000479817 ], [ -360149.590899999253452, 4775522.851700000464916 ], [ -360332.823399999178946, 4775509.77620000205934 ], [ -360385.935499999672174, 4775505.5384 ], [ -360607.549299999140203, 4775487.838500000536442 ], [ -360800.85050000064075, 4775470.791800001636147 ], [ -360882.601700000464916, 4775463.586000001057982 ], [ -361130.068099998869002, 4775416.8575 ], [ -361220.006899999454618, 4775399.877800000831485 ], [ -361404.310499998740852, 4775390.923900002613664 ], [ -361515.399700000882149, 4775365.559900002554059 ], [ -361609.9485999988392, 4775364.969000002369285 ], [ -361739.964099999517202, 4775370.559900000691414 ], [ -361750.773600000888109, 4775371.022700002416968 ], [ -361941.886199999600649, 4775322.907800002023578 ], [ -362105.934699999168515, 4775216.579800000414252 ], [ -362249.137499999254942, 4775140.326500002294779 ], [ -362331.466299999505281, 4775099.96680000051856 ], [ -362341.100700000301003, 4775095.244999999180436 ], [ -362360.913599999621511, 4775085.526700003072619 ], [ -362423.403800001367927, 4775077.973300002515316 ], [ -362488.182299999520183, 4775103.807100001722574 ], [ -362551.612200000323355, 4775155.428700003772974 ], [ -362591.573999999091029, 4775206.039300002157688 ], [ -362684.620500000193715, 4775271.163799999281764 ], [ -362731.390999999828637, 4775303.89949999935925 ], [ -362786.848200000822544, 4775342.721100002527237 ], [ -362916.348999999463558, 4775460.504400001838803 ], [ -363003.551799999549985, 4775560.413700003176928 ], [ -363074.395800000987947, 4775621.032800003886223 ], [ -363089.778200000524521, 4775634.200500002130866 ], [ -363141.669499999843538, 4775651.097999999299645 ], [ -363298.042899998836219, 4775596.102099999785423 ], [ -363313.294999999925494, 4775590.730899998918176 ], [ -363487.255699999630451, 4775497.636 ], [ -363578.50870000012219, 4775487.125700000673532 ], [ -363605.161000000312924, 4775486.758000001311302 ], [ -363668.431499999947846, 4775485.875000001862645 ], [ -363784.425800000317395, 4775549.764699999243021 ], [ -363881.562399999238551, 4775629.849199999123812 ], [ -363955.489699999801815, 4775665.067800000309944 ], [ -364016.393000001087785, 4775694.086200004443526 ], [ -364152.560600001364946, 4775749.068600000813603 ], [ -364194.651100000366569, 4775760.582599999383092 ], [ -364261.635200000368059, 4775778.906400002539158 ], [ -364393.197999999858439, 4775800.169600002467632 ], [ -364488.043899999000132, 4775846.853200003504753 ], [ -364556.117700001224875, 4775885.639699999243021 ], [ -364560.086099999956787, 4775887.908900002017617 ], [ -364792.75139999948442, 4775994.538799999281764 ], [ -364800.355600000359118, 4775999.990800002589822 ], [ -365011.160000000149012, 4776151.083500001579523 ], [ -365099.725700000301003, 4776228.612500002607703 ], [ -365178.994700000621378, 4776298.006400000303984 ], [ -365312.133100001141429, 4776423.411100002005696 ], [ -365444.631699999794364, 4776520.38570000231266 ], [ -365477.064799999818206, 4776541.144899999722838 ], [ -365516.005999999120831, 4776566.061899999156594 ], [ -365611.856299999170005, 4776605.814300002530217 ], [ -365635.525099999271333, 4776608.720899999141693 ], [ -365725.574900000356138, 4776619.786400001496077 ], [ -365817.139700000174344, 4776640.029899999499321 ], [ -365881.903800001367927, 4776682.397800002247095 ], [ -365992.631499999202788, 4776717.199200004339218 ], [ -366122.528300000354648, 4776766.566800000146031 ], [ -366140.317999999970198, 4776772.075900003314018 ], [ -366222.020100001245737, 4776797.392800001427531 ], [ -366341.90500000026077, 4776830.372300000861287 ], [ -366419.682800000533462, 4776851.770300002768636 ], [ -366504.639700000174344, 4776868.695900000631809 ], [ -366782.9671, 4776937.02840000204742 ], [ -366800.627199999056756, 4776939.768999999389052 ], [ -366983.959599999710917, 4776968.261 ], [ -367139.675899999216199, 4776985.913200000301003 ], [ -367150.31459999922663, 4776986.072500001639128 ], [ -367304.650200000032783, 4776988.358600001782179 ], [ -367438.873699999414384, 4777007.641900001093745 ], [ -367453.564799998886883, 4777008.926300002261996 ], [ -367522.841900000348687, 4777014.9846 ], [ -367611.125599999912083, 4777008.768900001421571 ], [ -367671.946899998933077, 4777029.319500001147389 ], [ -367744.973299998790026, 4777079.963100001215935 ], [ -367840.370499999262393, 4777151.807200003415346 ], [ -367915.475399998947978, 4777208.380400003865361 ], [ -368054.237800000235438, 4777344.05150000192225 ], [ -368099.100000000558794, 4777387.206200001761317 ], [ -368187.049800000153482, 4777471.784000001847744 ], [ -368211.756299998611212, 4777492.452200001105666 ], [ -368301.216699999757111, 4777567.274300001561642 ], [ -368347.296399999409914, 4777605.823300000280142 ], [ -368449.05280000064522, 4777703.109099999070168 ], [ -368461.263600000180304, 4777715.507799999788404 ], [ -368690.216600000858307, 4777947.973600002005696 ], [ -368770.071600000374019, 4778053.225900001823902 ], [ -368847.100699999369681, 4778154.754400001838803 ], [ -369038.453399999067187, 4778412.94480000436306 ], [ -369048.896700001321733, 4778427.037800000980496 ], [ -369139.64750000089407, 4778633.759500000625849 ], [ -369290.517500001005828, 4778713.271000001579523 ], [ -369330.678899998776615, 4778734.440900001674891 ], [ -369511.544700000435114, 4778835.584000002592802 ], [ -369700.16160000115633, 4778941.067000003531575 ], [ -369842.300500000827014, 4779019.610200002789497 ], [ -369989.01380000077188, 4779100.685200002044439 ], [ -370035.665100000798702, 4779123.273299999535084 ], [ -370606.378899998962879, 4779399.630700003355742 ], [ -370973.950500000268221, 4779577.657900001853704 ], [ -371080.297399998642504, 4779632.209100000560284 ], [ -371431.595499998889863, 4779812.402300000190735 ], [ -371600.929700001142919, 4779899.266300002112985 ], [ -371711.107300000265241, 4779978.567599998787045 ], [ -371941.301100000739098, 4780144.256100002676249 ], [ -372063.249400000087917, 4780216.115000003948808 ], [ -372262.244199998676777, 4780294.327299999073148 ], [ -372371.084900001063943, 4780338.771199999377131 ], [ -372690.636400000192225, 4780469.293500002473593 ], [ -372924.654900000430644, 4780583.248999999836087 ], [ -373131.866599999368191, 4780691.728000000119209 ], [ -373403.574800000526011, 4780833.990599999204278 ], [ -373631.804400000721216, 4780968.247000003233552 ], [ -373646.273400000296533, 4780976.756799999624491 ], [ -373669.303300000727177, 4780990.306400002911687 ], [ -373890.747800000011921, 4781109.543600004166365 ], [ -374471.833000000566244, 4781389.160600000992417 ], [ -374771.689299999736249, 4781472.436000004410744 ], [ -374884.753600000403821, 4781507.584200002253056 ], [ -375178.018699999898672, 4781574.791799999773502 ], [ -375291.712399998679757, 4781600.849600002169609 ], [ -375465.657699999399483, 4781640.718699999153614 ], [ -375713.64369999896735, 4781674.0132 ], [ -375918.340400000102818, 4781679.816400002688169 ], [ -376267.540199999697506, 4781699.315999999642372 ], [ -376412.166000000201166, 4781720.114600002765656 ], [ -376424.926299999468029, 4781721.94230000115931 ], [ -376682.806000000797212, 4781801.5449 ], [ -376845.131799998693168, 4781855.596500001847744 ], [ -376939.694700000807643, 4781871.561300003901124 ], [ -377278.554000000469387, 4781995.883199999108911 ], [ -377456.097600000910461, 4782042.670099999755621 ], [ -377634.976300000213087, 4782080.208000000566244 ], [ -377813.633199999108911, 4782110.715199997648597 ], [ -377897.853999999351799, 4782125.091600004583597 ], [ -377951.090199999511242, 4782132.748300002887845 ], [ -378374.357499998994172, 4782179.434900000691414 ], [ -378520.480599999427795, 4782204.218900004401803 ], [ -378648.812499999068677, 4782225.990800000727177 ], [ -378926.574699999764562, 4782265.930500002577901 ], [ -379120.6985999988392, 4782279.667600000277162 ], [ -379338.327399998903275, 4782261.346200000494719 ], [ -379580.791799999773502, 4782218.242900002747774 ], [ -379797.707099999301136, 4782146.15820000320673 ], [ -379873.568500000052154, 4782120.95099999755621 ], [ -380210.347500000149012, 4782013.434399999678135 ], [ -380416.152700000442564, 4781913.084700001403689 ], [ -380637.290000000037253, 4781689.707600003108382 ], [ -380810.43019999936223, 4781504.3243000023067 ], [ -380965.667600000277162, 4781361.256899999454618 ], [ -381104.980600001290441, 4781279.686500001698732 ], [ -381210.162299999035895, 4781271.179500000551343 ], [ -381317.247499999590218, 4781285.142000000923872 ], [ -381386.430100000463426, 4781294.159700000658631 ], [ -381464.812199999578297, 4781291.253900002688169 ], [ -381578.970700000412762, 4781236.788500001654029 ], [ -381863.603000001050532, 4781015.443000001832843 ], [ -382035.701099999248981, 4780886.6042 ], [ -382244.203700001351535, 4780734.644400000572205 ], [ -382411.635600000619888, 4780654.754800003021955 ], [ -382572.420099999755621, 4780604.621200004592538 ], [ -382592.058499999344349, 4780602.657500002533197 ], [ -382804.958100001327693, 4780581.344500001519918 ], [ -382934.968800000846386, 4780548.050899999216199 ], [ -383015.469299999065697, 4780518.2010000012815 ], [ -383049.781499998643994, 4780505.482200000435114 ], [ -383233.282999999821186, 4780387.72859999909997 ], [ -383462.757299999706447, 4780278.9441 ], [ -383804.565799999050796, 4780120.147900000214577 ], [ -383960.884499999694526, 4780054.872300004586577 ], [ -384153.969800000078976, 4779974.256500001996756 ], [ -384398.828199999406934, 4779865.311499999836087 ], [ -384634.976600000634789, 4779783.496099999174476 ], [ -384712.15889999922365, 4779756.759100001305342 ], [ -384935.692599999718368, 4779670.153600001707673 ], [ -385032.443300000391901, 4779632.667999999597669 ], [ -385344.498499999754131, 4779467.220800001174212 ], [ -385521.237000000663102, 4779339.025000002235174 ], [ -385664.904500001110137, 4779210.810800002887845 ], [ -385786.386599998921156, 4779105.398100001737475 ], [ -385952.200799998827279, 4778987.446599999442697 ], [ -386072.394899999722838, 4778841.680200001224875 ], [ -386162.43790000025183, 4778757.736700000241399 ], [ -386320.336199998855591, 4778612.651599999517202 ], [ -386403.082399999722838, 4778546.564099999144673 ], [ -386550.004200000315905, 4778477.886600000783801 ], [ -386782.631699998863041, 4778371.900100002065301 ], [ -386985.151800001040101, 4778278.126300001516938 ], [ -387180.788199999369681, 4778100.651699999347329 ], [ -387228.266099998727441, 4778058.416999999433756 ], [ -387356.890499998815358, 4777943.999299999326468 ], [ -387460.841799999587238, 4777845.512000003829598 ], [ -387567.723900000564754, 4777792.342099998146296 ], [ -387760.941599999554455, 4777746.849299998953938 ], [ -387962.115499999374151, 4777678.870800003409386 ], [ -388007.052299999631941, 4777663.726800002157688 ], [ -388202.995000000111759, 4777597.689700001850724 ], [ -388322.770899999886751, 4777570.000700000673532 ], [ -388433.913299999199808, 4777569.422599997371435 ], [ -388578.419099998660386, 4777632.720799999311566 ], [ -388716.993300000205636, 4777671.537900004535913 ], [ -388823.813699999824166, 4777701.062900003045797 ], [ -388904.853500000201166, 4777712.706600001081824 ], [ -388998.839900000020862, 4777667.136900000274181 ], [ -389086.608500000089407, 4777570.990200001746416 ], [ -389094.188399999402463, 4777562.678000001236796 ], [ -389143.929100001230836, 4777413.8581000007689 ], [ -389145.686499998904765, 4777286.504200000315905 ], [ -389133.505300001241267, 4777206.77080000191927 ], [ -389139.273400001227856, 4777193.463200002908707 ], [ -389144.111099999397993, 4777182.29900000244379 ], [ -389174.22480000089854, 4777170.078700000420213 ], [ -389244.673499999567866, 4777189.654400000348687 ], [ -389313.094399998895824, 4777256.201400004327297 ], [ -389448.28899999987334, 4777384.331000002101064 ], [ -389558.046099998988211, 4777475.716 ], [ -389623.176199998706579, 4777515.797700002789497 ], [ -389712.823899999260902, 4777516.858100002631545 ], [ -389807.145200001075864, 4777468.969100000336766 ], [ -389905.483599999919534, 4777360.214599998667836 ], [ -389970.848899999633431, 4777278.025900000706315 ], [ -389986.568500000052154, 4777258.268500002101064 ], [ -389994.886100000701845, 4777247.810200002044439 ], [ -390040.983300000429153, 4777107.916800001636147 ], [ -390067.97749999910593, 4776991.65880000218749 ], [ -390078.158800000324845, 4776947.835600003600121 ], [ -390084.287200001068413, 4776724.210500001907349 ], [ -390077.877399999648333, 4776623.115700002759695 ], [ -390074.153399999253452, 4776564.428999999538064 ], [ -390095.46760000102222, 4776383.158500000834465 ], [ -390080.037999998778105, 4776227.338700003921986 ], [ -390055.020100001245737, 4776072.4989 ], [ -390032.342199998907745, 4775876.366399999707937 ], [ -390024.456000001169741, 4775808.165100002661347 ], [ -389995.821300000883639, 4775612.636299999430776 ], [ -389984.835899999365211, 4775261.310799999162555 ], [ -389970.390399998985231, 4775115.082900002598763 ], [ -389948.630399999208748, 4775019.795199999585748 ], [ -389955.842599999159575, 4774982.354000000283122 ], [ -389957.925499999895692, 4774971.501300001516938 ], [ -389985.060600000433624, 4774963.58420000039041 ], [ -390034.992100001312792, 4774994.384999999776483 ], [ -390103.415500000119209, 4775060.931400001049042 ], [ -390168.219999998807907, 4775103.320499999448657 ], [ -390224.111299999058247, 4775125.529899999499321 ], [ -390267.450499999336898, 4775119.933500003069639 ], [ -390287.911699999123812, 4775091.70160000026226 ], [ -390296.92259999923408, 4775079.26630000025034 ], [ -390307.871299999766052, 4775035.941000001505017 ], [ -390305.937099998816848, 4774967.127800000831485 ], [ -390291.75480000115931, 4774917.82740000076592 ], [ -390277.653800000436604, 4774899.006499998271465 ], [ -390258.041500000283122, 4774872.817500000819564 ], [ -390188.309800000861287, 4774782.454 ], [ -390159.956500000320375, 4774708.492200002074242 ], [ -390138.451399998739362, 4774652.410199999809265 ], [ -390066.769199999049306, 4774509.778899999335408 ], [ -389987.786199999973178, 4774401.544800000265241 ], [ -389776.920199998654425, 4774142.043200002983212 ], [ -389604.104499999433756, 4773951.351299999281764 ], [ -389562.728600000031292, 4773905.7006 ], [ -389357.974699999205768, 4773652.986700002104044 ], [ -389314.457699999213219, 4773609.182800000533462 ], [ -389227.899199998937547, 4773522.063300000503659 ], [ -388922.080500001087785, 4773282.015799999237061 ], [ -388697.912499999627471, 4773115.136000001803041 ], [ -388682.338199999183416, 4773106.241599999368191 ], [ -388427.102599998936057, 4772960.470200000330806 ], [ -388317.991799999028444, 4772880.843000000342727 ], [ -388217.483699998818338, 4772807.4967 ], [ -388087.551599998958409, 4772708.507100000977516 ], [ -387936.125300001353025, 4772594.605699999257922 ], [ -387660.661499999463558, 4772472.357200000435114 ], [ -387590.408400001004338, 4772446.4233 ], [ -387472.162499998696148, 4772402.765599999576807 ], [ -387360.295000000856817, 4772343.366400001570582 ], [ -387142.820599999278784, 4772227.887399999424815 ], [ -386819.439099999144673, 4772044.420599998906255 ], [ -386651.172199999913573, 4771899.754300000146031 ], [ -386624.569299998693168, 4771880.872800003737211 ], [ -386421.714499998837709, 4771736.860700001940131 ], [ -386362.713600001297891, 4771682.874800000339746 ], [ -386146.015599999576807, 4771484.62670000270009 ], [ -385957.903400000184774, 4771330.028899999335408 ], [ -385749.659599998965859, 4771118.205099998041987 ], [ -385560.129399999976158, 4770971.158500000834465 ], [ -385503.027200000360608, 4770926.860200000926852 ], [ -385336.736200001090765, 4770797.351000001654029 ], [ -385264.988400001078844, 4770741.476700002327561 ], [ -385015.050099999643862, 4770556.744500001892447 ], [ -384744.262900000438094, 4770385.57010000012815 ], [ -384563.283200001344085, 4770264.470100002363324 ], [ -384532.991499998606741, 4770244.202199999243021 ], [ -384424.221099998801947, 4770162.431900002062321 ], [ -384269.501600000075996, 4770038.633399998769164 ], [ -384134.103699999861419, 4769985.228200003504753 ], [ -384110.741499998606741, 4769976.008400002494454 ], [ -383911.709699998609722, 4769897.506700001657009 ], [ -383671.989599999040365, 4769773.325400002300739 ], [ -383527.050099999643862, 4769690.598300000652671 ], [ -383412.103999999351799, 4769624.98790000192821 ], [ -383133.061299999244511, 4769445.552500003948808 ], [ -383120.059799999929965, 4769436.463899999856949 ], [ -383013.964100001379848, 4769362.321900000795722 ], [ -382907.58460000064224, 4769287.980699999257922 ], [ -382711.541499999351799, 4769139.356299998238683 ], [ -382530.735500001348555, 4768950.391600001603365 ], [ -382328.219399998895824, 4768736.538700001314282 ], [ -382313.24239999987185, 4768720.721999999135733 ], [ -382095.415499999187887, 4768493.370300000533462 ], [ -381909.955500000156462, 4768324.752399999648333 ], [ -381901.042799999937415, 4768316.646800002083182 ], [ -381726.807999999262393, 4768197.147700002416968 ], [ -381595.550599999725819, 4768123.973400004208088 ], [ -381451.716099999845028, 4768056.091800002381206 ], [ -381393.828900000080466, 4768040.369600001722574 ], [ -381101.519999999552965, 4767960.971900001168251 ], [ -380731.477800001390278, 4767888.987000001594424 ], [ -380472.186699999496341, 4767884.875 ], [ -380020.446300000883639, 4767822.434300001710653 ], [ -379838.189500000327826, 4767795.093800002709031 ], [ -379661.971700000576675, 4767768.658000001683831 ], [ -379396.095599999651313, 4767728.156900001689792 ], [ -379138.471400000154972, 4767712.463300002738833 ], [ -379126.628700000233948, 4767710.993900001049042 ], [ -379013.137299998663366, 4767696.850399998947978 ], [ -378901.367600001394749, 4767669.005599999800324 ], [ -378751.30589999910444, 4767529.360600002110004 ], [ -378595.6706000007689, 4767296.78210000321269 ], [ -378522.691399998962879, 4767097.316200001165271 ], [ -378444.226800000295043, 4766831.5099 ], [ -378427.293699999339879, 4766774.157199999317527 ], [ -378366.219200000166893, 4766574.041899999603629 ], [ -378310.73549999948591, 4766433.793200001120567 ], [ -378179.59419999923557, 4766145.675700001418591 ], [ -378118.171200000680983, 4766005.659800004214048 ], [ -378106.600099999457598, 4765979.285199999809265 ], [ -378033.651600001379848, 4765713.687400002032518 ], [ -377965.62459999974817, 4765512.578000001609325 ], [ -377861.792700000107288, 4765197.597300000488758 ], [ -377848.73689999897033, 4765158.002100000157952 ], [ -377780.057699999772012, 4764944.989700002595782 ], [ -377684.644299998879433, 4764621.844700003042817 ], [ -377646.059399999678135, 4764396.614399999380112 ], [ -377609.472899999469519, 4764157.494900001212955 ], [ -377590.961400000378489, 4764014.542400000616908 ], [ -377569.10770000051707, 4763845.786200001835823 ], [ -377556.506699999794364, 4763626.040100000798702 ], [ -377540.077499999664724, 4763339.627000000327826 ], [ -377522.99790000077337, 4763096.214999999850988 ], [ -377520.838399999774992, 4762748.64750000089407 ], [ -377508.325400000438094, 4762521.534 ], [ -377503.779599999077618, 4762439.098600002005696 ], [ -377417.986600000411272, 4761999.224999999627471 ], [ -377343.042799999006093, 4761697.914500003680587 ], [ -377331.168300000019372, 4761651.33190000243485 ], [ -377212.957600000314415, 4761187.919500002637506 ], [ -377158.489800000563264, 4760958.056900002062321 ], [ -377051.873599999584258, 4760666.57460000179708 ], [ -377048.156300000846386, 4760656.417200000956655 ], [ -376957.661999998614192, 4760364.697200002148747 ], [ -376893.901100000366569, 4760199.65400000102818 ], [ -376814.298299999907613, 4759947.300000000745058 ], [ -376783.72819999884814, 4759834.008800001814961 ], [ -376729.425400000065565, 4759632.775200001895428 ], [ -376566.222200000658631, 4759188.914799999445677 ], [ -376474.70579999871552, 4758953.760800002142787 ], [ -376375.941200000233948, 4758637.248299999162555 ], [ -376373.445399998687208, 4758629.752300001680851 ], [ -376304.91569999884814, 4758423.919800000265241 ], [ -376190.608199999667704, 4758100.462400002405047 ], [ -376166.57630000077188, 4757997.880200000479817 ], [ -376123.897799999453127, 4757815.713800001889467 ], [ -376053.854599999263883, 4757620.253399999812245 ], [ -375990.5455, 4757476.510000001639128 ], [ -375918.371999999508262, 4757312.660700002685189 ], [ -375837.095199999399483, 4757088.431900000199676 ], [ -375718.572999999858439, 4756811.298800002783537 ], [ -375677.815000000409782, 4756716.023399999365211 ], [ -375522.829299999400973, 4756363.132399998605251 ], [ -375480.430100001394749, 4756284.2314000017941 ], [ -375360.551899999380112, 4756061.162699999287724 ], [ -375230.32219999935478, 4755832.293999999761581 ], [ -375126.902499998919666, 4755531.671500001102686 ], [ -375033.877299998886883, 4755267.113700000569224 ], [ -375022.815899998880923, 4755235.674900002777576 ], [ -374876.077499999664724, 4754924.133500002324581 ], [ -374698.280099999159575, 4754482.954900003969669 ], [ -374649.038699999451637, 4754327.20160000026226 ], [ -374636.492999998852611, 4754287.5066 ], [ -374441.832099999301136, 4753832.114400001242757 ], [ -374342.353999999351799, 4753586.398100001737475 ], [ -374315.504200000315905, 4753515.956300001591444 ], [ -374124.238699998706579, 4753014.276799999177456 ], [ -374048.544800000265241, 4752849.915000000968575 ], [ -373916.409000000916421, 4752601.331900000572205 ], [ -373877.323200001381338, 4752527.801999999210238 ], [ -373655.848199999891222, 4752144.17369999922812 ], [ -373503.466400000266731, 4751838.930700000375509 ], [ -373444.584999999031425, 4751731.163000002503395 ], [ -373387.846199999563396, 4751627.30660000257194 ], [ -373342.481499998830259, 4751544.275600001215935 ], [ -373106.133500000461936, 4751099.481899999082088 ], [ -373019.856399999931455, 4750909.99690000154078 ], [ -372828.178199999965727, 4750528.329 ], [ -372780.861100001260638, 4750434.124099997803569 ], [ -372653.252199999988079, 4750269.437800001353025 ], [ -372479.382399999536574, 4749833.594800001010299 ], [ -372437.83729999884963, 4749750.650500001385808 ], [ -372321.373100000433624, 4749518.125099999830127 ], [ -372216.590099998749793, 4749210.263600001111627 ], [ -372159.410500000230968, 4748998.958400001749396 ], [ -372156.034100000746548, 4748981.896700002253056 ], [ -372131.980800000950694, 4748860.410700002685189 ], [ -372111.518799999728799, 4748549.254200000315905 ], [ -372221.00719999987632, 4748122.057900002226233 ], [ -372265.661599999293685, 4747974.918100001290441 ], [ -372329.509499998763204, 4747676.990800000727177 ], [ -372331.693800000473857, 4747650.538900002837181 ], [ -372358.63370000012219, 4747324.513099998235703 ], [ -372384.800099999643862, 4746777.929200001060963 ], [ -372385.490199998952448, 4746763.024299999698997 ], [ -372388.300200000405312, 4746702.893300004303455 ], [ -372397.377500000409782, 4746508.103600000962615 ], [ -372380.75929999910295, 4746036.1831 ], [ -372378.228899999521673, 4745964.495300000533462 ], [ -372338.560499999672174, 4745762.793700000271201 ], [ -372287.969699999317527, 4745637.471500001847744 ], [ -372167.618899999186397, 4745521.075500002130866 ], [ -372059.160199998877943, 4745453.613700000569224 ], [ -371946.414300000295043, 4745366.645999999716878 ], [ -371856.522900000214577, 4745353.803800001740456 ], [ -371786.700500000268221, 4745343.827200001105666 ], [ -371418.34599999897182, 4745475.410800002515316 ], [ -371142.249200001358986, 4745589.48169999755919 ], [ -370998.081500000320375, 4745689.33 ], [ -370874.248199999332428, 4745721.232999999076128 ], [ -370752.736100000329316, 4745720.400800004601479 ], [ -370621.46860000025481, 4745663.853199997916818 ], [ -370518.310700001195073, 4745559.365300001576543 ], [ -370292.770399998873472, 4745145.605400001630187 ], [ -370248.849100000225008, 4745065.042600000277162 ], [ -370047.165599999018013, 4744716.2292 ], [ -369928.797799999825656, 4744511.539100000634789 ], [ -369867.981899999082088, 4744439.176400002092123 ], [ -369775.384900000877678, 4744329.024700002744794 ], [ -369545.923200000077486, 4744067.155300002545118 ], [ -369218.253199999220669, 4743748.752300001680851 ], [ -368985.485999998636544, 4743543.096700003370643 ], [ -368895.614199998788536, 4743453.853900000452995 ], [ -368810.06349999923259, 4743368.902800001204014 ], [ -368558.584999999962747, 4743119.209699999541044 ], [ -368240.89219999872148, 4742803.820000000298023 ], [ -367473.810599999502301, 4742122.75560000166297 ], [ -367421.437800000421703, 4742070.788699999451637 ], [ -367197.671799999661744, 4741848.765500001609325 ], [ -367045.633499999530613, 4741697.930700000375509 ], [ -366635.318099999800324, 4741263.856300001963973 ], [ -366474.286399998702109, 4741018.879100002348423 ], [ -366271.279199999757111, 4740819.862800000235438 ], [ -366152.371199999935925, 4740757.902800001204014 ], [ -365959.165599999949336, 4740657.229600001126528 ], [ -365812.041899999603629, 4740579.54279999807477 ], [ -365746.907699999399483, 4740531.280000001192093 ], [ -365557.613599999807775, 4740327.149000002071261 ], [ -365337.924000000581145, 4740278.070300003513694 ], [ -365157.402200000360608, 4740186.18129999935627 ], [ -364811.232499999925494, 4739881.729400003328919 ], [ -364710.318099998869002, 4739747.19229999743402 ], [ -364577.136399999260902, 4739569.663600001484156 ], [ -364433.04839999973774, 4739286.727600002661347 ], [ -364411.143300000578165, 4739243.714300001040101 ], [ -364331.443300000391901, 4739008.00899999961257 ], [ -364323.149699999950826, 4738817.911000000312924 ], [ -364349.696299999020994, 4738644.240199999883771 ], [ -364358.824699999764562, 4738584.508500002324581 ], [ -364414.334099998697639, 4738311.427899999544024 ], [ -364518.424000000581145, 4737979.163300003856421 ], [ -364568.651999999769032, 4737809.223600003868341 ], [ -364693.394799998961389, 4737614.61739999987185 ], [ -364701.586899999529123, 4737603.620000002905726 ], [ -364847.637799998745322, 4737407.619300004094839 ], [ -364849.248999998904765, 4737404.841700000688434 ], [ -364856.872199999168515, 4737394.605900000780821 ], [ -364935.198800000362098, 4737259.376900000497699 ], [ -365016.487399999052286, 4737004.141999999061227 ], [ -365035.98579999897629, 4736880.007800001651049 ], [ -365062.518099999055266, 4736711.092199999839067 ], [ -365068.00650000013411, 4736676.174300001934171 ], [ -365148.943500000052154, 4736324.071200001984835 ], [ -365159.81290000025183, 4736131.9846 ], [ -365139.927699999883771, 4735857.58530000038445 ], [ -365071.420099998824298, 4735510.136900000274181 ], [ -365029.425399999134243, 4735325.14020000398159 ], [ -365022.115000000223517, 4735292.94370000064373 ], [ -365007.855599999427795, 4735078.384400000795722 ], [ -365043.20130000077188, 4734929.938000001013279 ], [ -365071.193299999460578, 4734886.564100001007318 ], [ -365118.307199998758733, 4734813.585600001737475 ], [ -365142.357899999246001, 4734776.339500004425645 ], [ -365149.28389999922365, 4734765.607000002637506 ], [ -365249.862999999895692, 4734666.594400001689792 ], [ -365272.906000001356006, 4734643.917199999094009 ], [ -365399.507799999788404, 4734567.516500001773238 ], [ -365530.752300000749528, 4734541.365300003439188 ], [ -365670.272399999201298, 4734556.544100001454353 ], [ -365858.546299999579787, 4734658.095900002866983 ], [ -365920.243999999016523, 4734691.380300004035234 ], [ -366078.954900000244379, 4734770.684899998828769 ], [ -366275.010599998757243, 4734803.374000001698732 ], [ -366425.797500001266599, 4734905.168699998408556 ], [ -366614.364999999292195, 4735067.835500001907349 ], [ -366865.264999998733401, 4735284.2939 ], [ -366930.568300001323223, 4735322.488600002601743 ], [ -367233.61879999935627, 4735499.778900001198053 ], [ -367409.606500000692904, 4735621.561599999666214 ], [ -367491.53870000038296, 4735678.2601000033319 ], [ -367689.598799998871982, 4735803.10780000127852 ], [ -367894.1886, 4735932.079800000414252 ], [ -368262.398400000296533, 4736164.228500001132488 ], [ -368275.880799999460578, 4736172.728900004178286 ], [ -368460.392300001345575, 4736286.426900001242757 ], [ -368488.36640000063926, 4736299.810000002384186 ], [ -368692.512099999934435, 4736397.478800000622869 ], [ -368932.896800000220537, 4736467.193600000813603 ], [ -369082.690299999900162, 4736516.232900001108646 ], [ -369354.813099998980761, 4736605.329299999400973 ], [ -369359.08049999922514, 4736606.621700001880527 ], [ -369662.649400000460446, 4736698.843599999323487 ], [ -369888.689199999906123, 4736762.212000001221895 ], [ -370144.482099999673665, 4736833.933200001716614 ], [ -370314.38359999936074, 4736881.574400000274181 ], [ -370493.267899999395013, 4736918.908800000324845 ], [ -370536.116699999198318, 4736926.458500001579523 ], [ -370633.796799999661744, 4736943.67710000090301 ], [ -370882.772399999201298, 4736953.225300000980496 ], [ -371096.726499998942018, 4736930.505200000479817 ], [ -371328.816699999384582, 4736905.863900002092123 ], [ -371370.297099999152124, 4736909.501800000667572 ], [ -371543.410699999891222, 4736924.673800002783537 ], [ -371693.968199999071658, 4736943.705200001597404 ], [ -371833.403199999593198, 4736961.32799999974668 ], [ -372240.779599999077618, 4737002.925300003960729 ], [ -372269.814499999396503, 4737001.837500000372529 ], [ -372516.224899999797344, 4736992.625599998980761 ], [ -372714.105299999937415, 4736969.649300001561642 ], [ -372790.008099999278784, 4736960.8322 ], [ -372913.629099998623133, 4736937.82460000179708 ], [ -373156.370100000873208, 4736892.651799999177456 ], [ -373376.253700000233948, 4736808.2939 ], [ -373472.79839999973774, 4736777.195500001311302 ], [ -373587.873100000433624, 4736746.5603 ], [ -373720.418599999509752, 4736711.279100002720952 ], [ -373860.418499998748302, 4736674.017600001767278 ], [ -373963.827499998733401, 4736646.497400000691414 ], [ -374291.173899999819696, 4736537.3091000020504 ], [ -374333.263000000268221, 4736529.651900000870228 ], [ -374393.019700000993907, 4736518.777300000190735 ], [ -374613.422499999403954, 4736530.1418999992311 ], [ -374609.643999999389052, 4736689.035100001841784 ], [ -374579.667299999855459, 4736784.463899999856949 ], [ -374394.532399999909103, 4737373.839700000360608 ], [ -374380.280600000172853, 4737419.21370000205934 ], [ -374352.027699999511242, 4737594.811100002378225 ], [ -374275.886399999260902, 4738068.013699999079108 ], [ -374219.531899999827147, 4738409.792600000277162 ], [ -374170.487900000065565, 4738707.228500002995133 ], [ -374168.978199999779463, 4738720.944800002500415 ], [ -374123.299899999052286, 4739136.32570000179112 ], [ -374099.141799999400973, 4739356.023600002750754 ], [ -374085.277299999259412, 4739568.974900001659989 ], [ -374076.698200000450015, 4739624.743500001728535 ], [ -374052.225699999369681, 4739783.921599999070168 ], [ -373987.439699999988079, 4740006.140000002458692 ], [ -373977.502100000157952, 4740042.089700000360608 ], [ -373909.691599998623133, 4740287.305400000885129 ], [ -373816.535600000061095, 4740624.183300003409386 ], [ -373730.791599999181926, 4740960.942299999296665 ], [ -373671.7796, 4741192.72270000167191 ], [ -373655.217600000090897, 4741257.7643 ], [ -373655.072699999436736, 4741548.265000000596046 ], [ -373616.561900001019239, 4741859.258700001984835 ], [ -373616.405299999751151, 4741872.268900001421571 ], [ -373613.476599999703467, 4742106.660500001162291 ], [ -373612.940600000321865, 4742149.259600000455976 ], [ -373596.091499999165535, 4742515.312400002032518 ], [ -373590.536000000312924, 4742685.087499998509884 ], [ -373584.860700001008809, 4742858.548700001090765 ], [ -373596.202800000086427, 4743017.155699998140335 ], [ -373611.652200001291931, 4743233.203099999576807 ], [ -373654.394799998961389, 4743662.439000001177192 ], [ -373655.307700000703335, 4743671.673700001090765 ], [ -373678.846099998801947, 4743875.1798 ], [ -373691.289199999533594, 4743982.8279 ], [ -373698.627000000327826, 4744046.327600000426173 ], [ -373729.053099999204278, 4744428.584300002083182 ], [ -373731.416400001384318, 4744488.243400001898408 ], [ -373743.929399999789894, 4744803.89670000039041 ], [ -373767.366599999368191, 4744930.398700000718236 ], [ -373823.936999998986721, 4745235.758199999108911 ], [ -373825.899899998679757, 4745250.139900002628565 ], [ -373871.216099999845028, 4745582.634900001809001 ], [ -373897.311499998904765, 4745756.794099999591708 ], [ -373955.844399998895824, 4746147.430300001055002 ], [ -373958.567699998617172, 4746168.474000001326203 ], [ -374008.937499999068677, 4746557.4912 ], [ -374026.57219999935478, 4746693.716 ], [ -374080.826399998739362, 4747016.152000002563 ], [ -374110.866099999286234, 4747194.693800000473857 ], [ -374152.917799999006093, 4747444.343200001865625 ], [ -374196.464300000108778, 4747702.952000001445413 ], [ -374221.398099998943508, 4747950.259099999442697 ], [ -374224.006799999624491, 4747976.171 ], [ -374241.397499999962747, 4748148.710200000554323 ], [ -374302.079099998809397, 4748460.400499999523163 ], [ -374320.386300000362098, 4748554.453700000420213 ], [ -374384.41260000038892, 4748898.068500000983477 ], [ -374411.267499999143183, 4749042.219900000840425 ], [ -374530.920299999415874, 4749466.616500001400709 ], [ -374593.063699999824166, 4749687.067700002342463 ], [ -374669.627999999560416, 4749879.446200001984835 ], [ -374686.4695999994874, 4749921.765900000929832 ], [ -374746.116799999028444, 4750071.66270000115037 ], [ -374789.419499998912215, 4750180.470900001004338 ], [ -374895.86530000064522, 4750424.604599999263883 ], [ -375027.752599999308586, 4750727.127299999818206 ], [ -375153.11909999884665, 4750940.148000001907349 ], [ -375269.088600001297891, 4751137.216900002211332 ], [ -375414.005800000391901, 4751396.18440000154078 ], [ -375451.57120000012219, 4751463.3037 ], [ -375568.832399998791516, 4751641.473300002515316 ], [ -375793.076399998739362, 4751982.222000002861023 ], [ -375877.70990000013262, 4752089.17879999987781 ], [ -376147.16230000089854, 4752429.712800001725554 ], [ -376254.672799998894334, 4752569.338000001385808 ], [ -376382.223500000312924, 4752734.99269999936223 ], [ -376522.05280000064522, 4752979.406200001016259 ], [ -376766.374900000169873, 4753269.481600001454353 ], [ -376820.103099999018013, 4753331.617599999532104 ], [ -376894.349999999627471, 4753417.491700001060963 ], [ -376952.842000000178814, 4753485.13990000449121 ], [ -377474.531599999405444, 4754164.524399999529123 ], [ -377722.489799999631941, 4754445.686499999836087 ], [ -378023.34419999923557, 4754786.388100001960993 ], [ -378067.561899999156594, 4754833.156000003218651 ], [ -378242.874900000169873, 4755018.6009 ], [ -378426.713599999435246, 4755170.118000002577901 ], [ -378885.992300000973046, 4755476.815400002524257 ], [ -379110.659099998883903, 4755638.538100004196167 ], [ -379307.905100000090897, 4755780.529200002551079 ], [ -379707.337199999950826, 4756043.236099999397993 ], [ -379741.85120000038296, 4756061.37950000166893 ], [ -379935.835999999195337, 4756163.353000000119209 ], [ -380148.133299998939037, 4756248.082699999213219 ], [ -380383.561700000427663, 4756311.691100001335144 ], [ -380464.280399999581277, 4756333.501499999314547 ], [ -380883.621399998664856, 4756440.781899999827147 ], [ -380982.623100000433624, 4756466.760400000959635 ], [ -381081.711299998685718, 4756492.766400001943111 ], [ -381376.034999999217689, 4756582.147399999201298 ], [ -381734.185600000433624, 4756704.302600001916289 ], [ -382055.961799999698997, 4756816.517600001767278 ], [ -382575.490799998864532, 4757049.188300002366304 ], [ -382917.066299999132752, 4757205.122900003567338 ], [ -383027.885199999436736, 4757255.715000001713634 ], [ -383177.36049999948591, 4757333.825000001117587 ], [ -383528.920699999667704, 4757419.594700001180172 ], [ -383791.512099999003112, 4757516.259999999776483 ], [ -384014.738699998706579, 4757607.292300000786781 ], [ -384360.983199999667704, 4757796.26860000193119 ], [ -384633.828099998645484, 4757887.318300001323223 ], [ -384992.343000000342727, 4758007.167899999767542 ], [ -385528.09250000026077, 4758191.555700002238154 ], [ -385791.708599998615682, 4758282.309800000861287 ], [ -385990.47679999936372, 4758362.751500001177192 ], [ -386473.308399999514222, 4758615.450500000268221 ], [ -386531.199599999003112, 4758645.752000000327826 ], [ -386802.391999999061227, 4758764.921500001102686 ], [ -386978.681599999777973, 4758820.887800002470613 ], [ -387353.087300000712276, 4758928.857900002971292 ], [ -387574.033300001174212, 4758969.952200002968311 ], [ -387785.40669999923557, 4758978.95409999974072 ], [ -387976.937700000591576, 4758961.490499997511506 ], [ -388231.976800001226366, 4758962.578400000929832 ], [ -388325.529199999757111, 4758945.01970000192523 ], [ -388474.791700000874698, 4758917.0143 ], [ -388669.977399999275804, 4758874.075100000947714 ], [ -388849.624099998734891, 4758807.653200002387166 ], [ -389007.436099998652935, 4758745.183200001716614 ], [ -389199.996699999086559, 4758621.535000003874302 ], [ -389455.751000001095235, 4758485.667400000616908 ], [ -389637.063699999824166, 4758391.120699999853969 ], [ -389805.134200000204146, 4758323.0285 ], [ -389809.047499999403954, 4758321.488100001588464 ], [ -390038.051600000821054, 4758231.142799999564886 ], [ -390271.306099998764694, 4758136.944299999624491 ], [ -390396.222700000740588, 4758105.432700000703335 ], [ -390462.525699999183416, 4758088.705399999395013 ], [ -390513.754900000058115, 4758076.26600000448525 ], [ -390658.378399999812245, 4758041.13570000231266 ], [ -390996.503299999982119, 4757940.68270000256598 ], [ -391301.548100000247359, 4757840.214300001040101 ], [ -391565.553499999456108, 4757778.77140000090003 ], [ -391748.847799999639392, 4757719.940300004556775 ], [ -392105.834399999119341, 4757619.816199999302626 ], [ -392178.658299999311566, 4757611.63120000064373 ], [ -392410.865499999374151, 4757585.514700002968311 ], [ -392679.173000000417233, 4757543.580100001767278 ], [ -392891.245300000533462, 4757514.871600000187755 ], [ -393043.014700000174344, 4757481.974700000137091 ], [ -393061.966199998743832, 4757477.87049999833107 ], [ -393240.302799998782575, 4757404.147499999031425 ], [ -393508.32969999872148, 4757248.742800001055002 ], [ -393637.060900000855327, 4757125.385300001129508 ], [ -393749.242300000041723, 4757018.55970000103116 ], [ -393898.823600000701845, 4756881.635900000110269 ], [ -394063.952899998985231, 4756735.129300003871322 ], [ -394185.721999999135733, 4756668.667600000277162 ], [ -394175.743099998682737, 4756845.657100001350045 ], [ -394091.60429999884218, 4757185.73760000243783 ], [ -394039.600999999791384, 4757400.429500002413988 ], [ -393989.248499999754131, 4757603.5471 ], [ -393920.558199999853969, 4757876.382499998435378 ], [ -393857.734000001102686, 4758125.896500000730157 ], [ -393814.827099999412894, 4758285.616699999198318 ], [ -393766.638799999840558, 4758464.970700001344085 ], [ -393654.348899999633431, 4758869.541100000962615 ], [ -393626.441700000315905, 4759073.175699999555945 ], [ -393601.941200000233948, 4759251.966 ], [ -393590.653199999593198, 4759363.788900000974536 ], [ -393569.869300001300871, 4759498.864099999889731 ], [ -393488.181699998676777, 4760029.71340000256896 ], [ -393440.797799998894334, 4760211.985100001096725 ], [ -393420.472099999897182, 4760337.888099998235703 ], [ -393356.896699999459088, 4760731.688699999824166 ], [ -393328.953200000338256, 4760875.231499999761581 ], [ -393312.142099999822676, 4760961.600100003182888 ], [ -393287.571000001393259, 4761199.123300002887845 ], [ -393247.700299999676645, 4761609.338200001046062 ], [ -393227.769699999131262, 4761789.634700004011393 ], [ -393219.78319999948144, 4761791.804999999701977 ], [ -393128.181300001218915, 4761816.719799999147654 ], [ -393031.285700000822544, 4761734.303500002250075 ], [ -392815.031899998895824, 4761462.274999998509884 ], [ -392745.713499999605119, 4761401.99520000256598 ], [ -392714.168700000271201, 4761374.562200002372265 ], [ -392570.435900000855327, 4761346.880200000479817 ], [ -392472.633500001393259, 4761460.476500000804663 ], [ -392472.468399998731911, 4761462.911699999123812 ], [ -392464.308600000105798, 4761584.529000002890825 ], [ -392560.639600000344217, 4761824.247900001704693 ], [ -392567.091500000096858, 4761840.302300000563264 ], [ -392569.696199999190867, 4761843.463300002738833 ], [ -392657.010800001211464, 4761949.299400001764297 ], [ -392792.595499999821186, 4762113.659100003540516 ], [ -392891.718399998731911, 4762197.870600003749132 ], [ -392996.459099999628961, 4762286.855799999088049 ], [ -393077.005599999800324, 4762355.286100000143051 ], [ -393242.68269999884069, 4762501.917999999597669 ], [ -393337.888999999500811, 4762600.605700001120567 ], [ -393520.45469999872148, 4762789.866599999368191 ], [ -393668.572500000707805, 4762900.859300000593066 ], [ -393836.297500000335276, 4763026.554000001400709 ], [ -393925.757099999114871, 4763100.089500000700355 ], [ -394013.891200000420213, 4763172.5329 ], [ -394081.353699998930097, 4763229.465600000694394 ], [ -394213.183100000023842, 4763328.193199999630451 ], [ -394217.94440000038594, 4763331.754499999806285 ], [ -394233.19400000013411, 4763274.8585 ], [ -394193.875100000761449, 4763153.422600001096725 ], [ -394168.10179999936372, 4763085.919399999082088 ], [ -394151.919200000353158, 4763017.429199999198318 ], [ -394164.525600001215935, 4762945.973300002515316 ], [ -394184.894300000742078, 4762905.278500001877546 ], [ -394191.013499999418855, 4762893.056900002062321 ], [ -394230.056300000287592, 4762884.473100000992417 ], [ -394311.097799999639392, 4762912.624600002542138 ], [ -394367.009100000374019, 4762918.274399999529123 ], [ -394422.897699998691678, 4762902.682400001212955 ], [ -394428.552400001324713, 4762901.102500002831221 ], [ -394446.113699999637902, 4762844.532699998468161 ], [ -394445.819199999794364, 4762764.14190000295639 ], [ -394424.401399998925626, 4762567.279799999669194 ], [ -394385.130699998699129, 4762346.592100001871586 ], [ -394395.18819999974221, 4762276.363199999555945 ], [ -394403.379900000058115, 4762219.230700001120567 ], [ -394434.368500000797212, 4762099.819800002500415 ], [ -394437.676999999210238, 4762087.074400002136827 ], [ -394507.649100000038743, 4762085.283600002527237 ], [ -394626.699799998663366, 4762211.054900001734495 ], [ -394701.491299998946488, 4762291.2182 ], [ -394711.614900000393391, 4762302.060200002044439 ], [ -394794.692700000479817, 4762391.104900002479553 ], [ -394944.829499999061227, 4762530.782500002533197 ], [ -395106.553700000047684, 4762672.126100001856685 ], [ -395291.429200001060963, 4762816.789400001987815 ], [ -395343.898400000296533, 4762858.196700001135468 ], [ -395578.952300000935793, 4763043.707900002598763 ], [ -395939.008799999952316, 4763327.916500002145767 ], [ -396084.892300000414252, 4763418.937300002202392 ], [ -396155.535099999979138, 4763463.015100000426173 ], [ -396234.039599999785423, 4763512.003900000825524 ], [ -396488.535600000061095, 4763618.667900001630187 ], [ -396508.265700001269579, 4763626.935900002717972 ], [ -396735.208699999377131, 4763692.553800001740456 ], [ -396990.264899998903275, 4763759.834599999710917 ], [ -397183.122899998910725, 4763832.382700003683567 ], [ -397202.199099998921156, 4763838.39580000191927 ], [ -397361.765000000596046, 4763888.719399999827147 ], [ -397376.646200000308454, 4763893.062800003215671 ], [ -397679.355499998666346, 4763981.508500000461936 ], [ -397694.092899998649955, 4763987.242000000551343 ], [ -397939.032399999909103, 4764082.541300000622869 ], [ -398051.948500000871718, 4764205.041799999773502 ], [ -398072.033399999141693, 4764226.827099999412894 ], [ -398104.714699999429286, 4764262.28350000269711 ], [ -398187.706299999728799, 4764375.811600001528859 ], [ -398310.083399999886751, 4764478.444499999284744 ], [ -398428.840899999253452, 4764523.830900000408292 ], [ -398564.49239999987185, 4764533.820600003004074 ], [ -398705.794499999843538, 4764504.44480000063777 ], [ -398776.605099999345839, 4764488.598899999633431 ], [ -398886.788399999961257, 4764494.93270000256598 ], [ -399042.915500000119209, 4764584.67960000038147 ], [ -399044.695000000298023, 4764610.713300002738833 ], [ -399054.743099998682737, 4764757.732100000604987 ], [ -399009.328900000080466, 4764926.128200003877282 ], [ -398949.129900000989437, 4765049.175499999895692 ], [ -398902.347299999557436, 4765144.780700001865625 ], [ -398864.578999999910593, 4765243.366500001400709 ], [ -398839.016300001181662, 4765405.153599999845028 ], [ -398837.04939999897033, 4765462.918099999427795 ], [ -398835.326599999330938, 4765513.3454 ], [ -398852.450999999418855, 4765674.163900002837181 ], [ -398877.204499999061227, 4765798.250099999830127 ], [ -398875.364699998870492, 4765928.677999999374151 ], [ -398875.139199999161065, 4765944.500800000503659 ], [ -398861.48759999871254, 4766105.626000000163913 ], [ -398849.54079999960959, 4766172.459599999710917 ], [ -398802.822299999184906, 4766346.122199999168515 ], [ -398773.622999999672174, 4766454.651399999856949 ], [ -398739.467299999669194, 4766593.933300001546741 ], [ -398670.204199998639524, 4766796.721900001168251 ], [ -398565.543300000019372, 4766999.16270000115037 ], [ -398507.248799999244511, 4767108.978700000792742 ], [ -398501.698199999518692, 4767115.059200001880527 ], [ -398369.85080000013113, 4767259.452300000935793 ], [ -398247.367400000803173, 4767371.878700003027916 ], [ -398138.453799999319017, 4767472.076500002294779 ], [ -398100.709099998697639, 4767521.01830000244081 ], [ -398099.989599999040365, 4767522.960600001737475 ], [ -398069.896300000138581, 4767604.050699999555945 ], [ -398059.933900000527501, 4767656.985999997705221 ], [ -398090.811800001189113, 4767763.043700000271201 ], [ -398191.848399999551475, 4767841.357900001108646 ], [ -398255.671500000171363, 4767907.237299999222159 ], [ -398284.44649999961257, 4767920.817100001499057 ], [ -398442.995400000363588, 4767820.653100000694394 ], [ -398516.479000000283122, 4767769.736000001430511 ], [ -398631.617999999783933, 4767774.433500001206994 ], [ -398709.698200001381338, 4767790.363000001758337 ], [ -398792.71159999910742, 4767854.2653 ], [ -398862.787599999457598, 4767975.407900001853704 ], [ -398913.662899998947978, 4768115.06810000166297 ], [ -398981.73759999871254, 4768266.647000003606081 ], [ -399074.30280000064522, 4768395.743500001728535 ], [ -399120.825999999418855, 4768469.616700002923608 ], [ -399139.757299998775125, 4768499.676700001582503 ], [ -399214.12019999884069, 4768566.5537 ], [ -399263.281599999405444, 4768610.755300000309944 ], [ -399335.935599999502301, 4768565.63539999909699 ], [ -399391.338300000876188, 4768522.256500003859401 ], [ -399394.894499999471009, 4768519.480399999767542 ], [ -399397.1722999997437, 4768517.689800001680851 ], [ -399440.231899999082088, 4768448.232700001448393 ], [ -399459.166800000704825, 4768316.226000003516674 ], [ -399451.637199999764562, 4768170.963500002399087 ], [ -399442.534699999727309, 4768130.837700001895428 ], [ -399414.137000000104308, 4768005.630700001493096 ], [ -399406.748899999074638, 4767973.072499999776483 ], [ -399389.619300000369549, 4767845.339299999177456 ], [ -399405.639299999922514, 4767601.824700001627207 ], [ -399432.239599999971688, 4767366.90990000218153 ], [ -399460.379300000146031, 4767143.314200004562736 ], [ -399466.132000001147389, 4767097.593699997290969 ], [ -399432.46229999884963, 4766953.307600000873208 ], [ -399411.662600001320243, 4766867.598700003698468 ], [ -399431.256299998611212, 4766747.5011 ], [ -399458.312599998898804, 4766696.20720000192523 ], [ -399463.708700001239777, 4766685.973300000652671 ], [ -399508.395999998785555, 4766654.564799999818206 ], [ -399589.777599999681115, 4766680.420199999585748 ], [ -399626.906099999323487, 4766721.020899999886751 ], [ -399646.991999998688698, 4766742.9879 ], [ -399705.835300001315773, 4766843.603500001132488 ], [ -399741.853500001132488, 4766922.043400002643466 ], [ -399773.600000000558794, 4766964.4189 ], [ -399833.474199999123812, 4766991.912200000137091 ], [ -399870.072099999524653, 4766991.390800001099706 ], [ -399878.473600001074374, 4766991.276800001040101 ], [ -399881.811200000345707, 4766935.025699999183416 ], [ -399874.255099999718368, 4766839.3947 ], [ -399861.724899999797344, 4766761.965800000354648 ], [ -399857.786899998784065, 4766690.489800004288554 ], [ -399869.68199999909848, 4766668.781100001186132 ], [ -399876.997100000269711, 4766655.428700003772974 ], [ -399918.025500001385808, 4766666.036600003018975 ], [ -399972.240799999795854, 4766749.451100001111627 ], [ -400034.418300000019372, 4766810.365900000557303 ], [ -400096.609799998812377, 4766838.195000002160668 ], [ -400130.695600000210106, 4766831.265800001099706 ], [ -400197.564399999566376, 4766744.545800000429153 ], [ -400206.190399999730289, 4766733.356899997219443 ], [ -400236.349799999967217, 4766638.410300001502037 ], [ -400234.589700000360608, 4766595.745600001886487 ], [ -400229.492599999532104, 4766471.974900003522635 ], [ -400225.309399998746812, 4766458.338300002738833 ], [ -400177.962500000372529, 4766303.855000000447035 ], [ -400167.342000001110137, 4766191.256400002166629 ], [ -400159.207099999301136, 4766104.9814 ], [ -400135.135200000368059, 4765943.165400000289083 ], [ -400154.070200000889599, 4765794.609999997541308 ], [ -400185.342299999669194, 4765703.494900001212955 ], [ -400186.544800000265241, 4765699.990100001916289 ], [ -400234.889199999161065, 4765643.107100002467632 ], [ -400300.068400000222027, 4765650.082900004461408 ], [ -400407.924500000663102, 4765672.6404 ], [ -400529.347799998708069, 4765699.506300002336502 ], [ -400616.702100000344217, 4765700.212600002065301 ], [ -400693.480599999427795, 4765675.76549999974668 ], [ -400817.92879999987781, 4765615.611000001430511 ], [ -400875.903699998743832, 4765556.874100003391504 ], [ -400892.68959999922663, 4765539.86849999986589 ], [ -400909.87430000025779, 4765522.45830000191927 ], [ -400911.953399999067187, 4765520.356400003656745 ], [ -400960.300200000405312, 4765446.922400001436472 ], [ -400983.202799999155104, 4765303.656600000336766 ], [ -400954.464300000108778, 4765207.352500000968575 ], [ -400920.098499999381602, 4765100.791400000452995 ], [ -400915.542099999263883, 4764951.228700002655387 ], [ -400940.74309999961406, 4764841.382500002160668 ], [ -400994.171699998900294, 4764749.467600002884865 ], [ -401000.3597999997437, 4764738.832400001585484 ], [ -401048.020299999043345, 4764703.11739999987185 ], [ -401131.088600000366569, 4764684.29839999973774 ], [ -401238.297500001266599, 4764678.400300001725554 ], [ -401308.465199999511242, 4764650.635900001972914 ], [ -401354.880899999290705, 4764594.646500000730157 ], [ -401362.762999999336898, 4764585.146800002083182 ], [ -401400.53279999922961, 4764486.556800000369549 ], [ -401484.325800000689924, 4764330.746100001037121 ], [ -401548.432900000363588, 4764226.596400000154972 ], [ -401555.192699999548495, 4764215.623299999162555 ], [ -401667.075000000186265, 4764127.660700002685189 ], [ -401823.321599999442697, 4763994.050000004470348 ], [ -401925.60670000128448, 4763923.617599999532104 ], [ -402068.365999999456108, 4763860.726799998432398 ], [ -402099.692599999718368, 4763846.933100001886487 ], [ -402158.483600000850856, 4763827.365300001576543 ], [ -402337.980299999937415, 4763767.626900002360344 ], [ -402368.927400000393391, 4763753.469300001859665 ], [ -402515.048700000159442, 4763686.632999999448657 ], [ -402722.239099999889731, 4763593.413500001654029 ], [ -402893.010900000110269, 4763539.888600001111627 ], [ -403044.243999999947846, 4763523.745999999344349 ], [ -403089.761299999430776, 4763527.474200000986457 ], [ -403198.441599998623133, 4763536.39130000397563 ], [ -403318.548600000329316, 4763572.515299998223782 ], [ -403390.013500000350177, 4763601.669099999591708 ], [ -403418.099099999293685, 4763686.06110000051558 ], [ -403401.156999999657273, 4763837.280200002714992 ], [ -403369.388199999928474, 4763944.288200000301003 ], [ -403314.317499998956919, 4764129.764400001615286 ], [ -403295.366200000047684, 4764311.425600003451109 ], [ -403283.705299998633564, 4764475.219800001010299 ], [ -403315.383799999020994, 4764666.503600001335144 ], [ -403362.157299999147654, 4764868.146700004115701 ], [ -403363.592299999669194, 4764874.342900002375245 ], [ -403416.072100000455976, 4765151.34010000154376 ], [ -403449.714200000278652, 4765378.365800000727177 ], [ -403545.207099999301136, 4765652.073300000280142 ], [ -403606.370999999344349, 4765753.03630000166595 ], [ -403669.218999998643994, 4765809.323600003495812 ], [ -403788.945199999958277, 4765938.770200001075864 ], [ -403850.210999999195337, 4765869.074499998241663 ], [ -403858.147199999541044, 4765860.04980000294745 ], [ -403892.280499999411404, 4765753.846800001338124 ], [ -403940.324799998663366, 4765633.087200002744794 ], [ -403950.385200000368059, 4765381.59600000269711 ], [ -403931.299700000323355, 4765168.47350000217557 ], [ -403896.650399998761714, 4764964.943300001323223 ], [ -403825.623999998904765, 4764718.3739 ], [ -403778.07050000037998, 4764522.452400002628565 ], [ -403761.915200000628829, 4764404.307600000873208 ], [ -403749.71229999884963, 4764308.001899998635054 ], [ -403759.680699999444187, 4764221.969600001350045 ], [ -403775.986100000329316, 4764174.737500002607703 ], [ -403779.894700000062585, 4764163.405700003728271 ], [ -403861.309599999338388, 4764139.621000001206994 ], [ -403954.279799998737872, 4764183.681400001049042 ], [ -404031.995899999514222, 4764284.643000001087785 ], [ -404075.637299999594688, 4764375.998800000175834 ], [ -404099.742800001055002, 4764471.643899999558926 ], [ -404136.444199998863041, 4764545.45549999922514 ], [ -404189.692700000479817, 4764602.732999997213483 ], [ -404244.081300000660121, 4764599.73960000090301 ], [ -404249.254599999636412, 4764599.452600002288818 ], [ -404275.111400000751019, 4764518.05599999986589 ], [ -404292.069199998863041, 4764350.290300004184246 ], [ -404299.401799999177456, 4764304.247999999672174 ], [ -404315.630099999718368, 4764202.38060000166297 ], [ -404343.150099999271333, 4764092.861300000920892 ], [ -404352.826799998991191, 4763926.414100000634789 ], [ -404351.758100000210106, 4763903.114400003105402 ], [ -404345.944500000216067, 4763776.505300002172589 ], [ -404345.296799998730421, 4763772.389200001955032 ], [ -404303.710800000466406, 4763510.420499999076128 ], [ -404293.839100000448525, 4763397.906300000846386 ], [ -404306.833899999968708, 4763191.753100000321865 ], [ -404347.615999999456108, 4763022.670099999755621 ], [ -404478.250099998898804, 4762741.0439000017941 ], [ -404525.488000000827014, 4762639.215000003576279 ], [ -404591.736699999310076, 4762490.329900002107024 ], [ -404643.062699998728931, 4762381.899200001731515 ], [ -404649.370900000445545, 4762368.570900000631809 ], [ -404788.017699998803437, 4762390.801300002261996 ], [ -404989.872800000011921, 4762417.364900000393391 ], [ -405110.628199999220669, 4762481.948100000619888 ], [ -405143.732199999503791, 4762544.692600000649691 ], [ -405170.586099999956787, 4762595.576800003647804 ], [ -405194.281500000506639, 4762640.500199999660254 ], [ -405307.390700000338256, 4762791.448900001123548 ], [ -405411.6239, 4762822.930800000205636 ], [ -405498.006299999542534, 4762797.488400001078844 ], [ -405643.023899999447167, 4762643.343200001865625 ], [ -405689.044599999673665, 4762586.110100002959371 ], [ -405742.989399999380112, 4762572.569599999114871 ], [ -405809.821500000543892, 4762617.599500002339482 ], [ -405833.26549999974668, 4762734.432299999520183 ], [ -405841.82050000037998, 4762839.668200002983212 ], [ -405861.648900000378489, 4762915.793999997898936 ], [ -405924.176399999298155, 4762941.305600000545382 ], [ -406030.086899999529123, 4762928.112800000235438 ], [ -406118.78389999922365, 4762903.004499999806285 ], [ -406261.39909999910742, 4762832.094100004062057 ], [ -406266.413499998860061, 4762829.598600002005696 ], [ -406306.830699998885393, 4762729.010500000789762 ], [ -406292.975300000049174, 4762627.741600001230836 ], [ -406305.628999999724329, 4762456.981499999761581 ], [ -406330.507699999958277, 4762316.343800000846386 ], [ -406335.863200000487268, 4762180.008300000801682 ], [ -406290.22620000038296, 4762102.546600000932813 ], [ -406220.407300000078976, 4762078.358600001782179 ], [ -406070.818599999882281, 4762099.475700000301003 ], [ -405967.889899999834597, 4762124.916300002485514 ], [ -405893.434899999760091, 4762100.062300000339746 ], [ -405859.720099999569356, 4762021.946000000461936 ], [ -405859.147599999792874, 4761966.616700002923608 ], [ -405859.07799999974668, 4761960.394000001251698 ], [ -405924.958199999295175, 4761913.095599999651313 ], [ -406042.692999999038875, 4761851.215600000694394 ], [ -406045.11049999948591, 4761849.936899999156594 ], [ -406085.847400001250207, 4761780.129200000315905 ], [ -406110.065200000070035, 4761627.5789 ], [ -406094.220599999651313, 4761540.21030000038445 ], [ -406102.803700000047684, 4761367.002000000327826 ], [ -406104.231299999170005, 4761338.345500001683831 ], [ -406105.978900000452995, 4761095.104599999263883 ], [ -406113.992099999450147, 4760923.68470000103116 ], [ -406141.528199998661876, 4760747.975199999287724 ], [ -406178.978699998930097, 4760618.589300001040101 ], [ -406212.460099998861551, 4760558.953700000420213 ], [ -406217.058000000193715, 4760550.764399999752641 ], [ -406286.251200000755489, 4760480.304300002753735 ], [ -406428.895299999043345, 4760441.638600002974272 ], [ -406628.127000001259148, 4760420.537200001999736 ], [ -406755.21889999974519, 4760391.459199998527765 ], [ -406800.799999999813735, 4760352.066299999132752 ], [ -406809.180399999022484, 4760344.816700000315905 ], [ -406824.116399998776615, 4760240.582400001585484 ], [ -406784.796200000680983, 4760069.471200002357364 ], [ -406756.081600000150502, 4759873.877400001510978 ], [ -406756.778799999505281, 4759829.432800000533462 ], [ -406758.112699999473989, 4759744.148900002241135 ], [ -406803.179100000299513, 4759578.036000000312924 ], [ -406831.689200000837445, 4759445.005500001832843 ], [ -406855.566999999806285, 4759311.318199999630451 ], [ -406875.400299999862909, 4759212.3388 ], [ -406897.008600000292063, 4759104.4956 ], [ -406932.558899999596179, 4759001.948300000280142 ], [ -406970.723600000143051, 4758891.884300000965595 ], [ -406973.527899999171495, 4758883.779500002041459 ], [ -407053.011500000022352, 4758763.19649999961257 ], [ -407070.518400000408292, 4758736.635300002992153 ], [ -407073.197000000625849, 4758732.578099999576807 ], [ -407155.314799998886883, 4758604.862199999392033 ], [ -407165.609299999661744, 4758587.820600001141429 ], [ -407204.81459999922663, 4758522.926600001752377 ], [ -407266.958700000308454, 4758420.057300001382828 ], [ -407285.449099998921156, 4758389.461899999529123 ], [ -407293.692599999718368, 4758377.144600000232458 ], [ -407384.088200000114739, 4758242.050800001248717 ], [ -407387.609100000932813, 4758236.799200002104044 ], [ -407393.717999999411404, 4758227.665700001642108 ], [ -407444.717799999751151, 4758119.133600000292063 ], [ -407458.750799998641014, 4758074.420800000429153 ], [ -407469.038700001314282, 4758041.642400000244379 ], [ -407476.092099999077618, 4758019.148100001737475 ], [ -407479.50139999948442, 4758008.27930000051856 ], [ -407490.903899999335408, 4757977.214500002563 ], [ -407545.423100000247359, 4757828.60329999960959 ], [ -407548.445199999026954, 4757815.470599999651313 ], [ -407561.121199999935925, 4757760.474500002339482 ], [ -407573.867600001394749, 4757705.1722 ], [ -407620.316399999894202, 4757503.635300001129508 ], [ -407628.825099999085069, 4757484.330700000748038 ], [ -407629.028699998743832, 4757483.869900001212955 ], [ -407667.651900000870228, 4757396.266200000420213 ], [ -407669.328099999576807, 4757392.451400002464652 ], [ -407731.309999999590218, 4757228.2237 ], [ -407747.487300000153482, 4757185.361900001764297 ], [ -407829.305200000293553, 4756968.560300001874566 ], [ -407855.642799998633564, 4756912.563500002026558 ], [ -407893.879900000058115, 4756831.239500001072884 ], [ -407903.983599999919534, 4756813.552900003269315 ], [ -407953.608, 4756726.711800001561642 ], [ -408021.685099999420345, 4756632.042300002649426 ], [ -408122.940099999308586, 4756700.911399999633431 ], [ -408210.946899998933077, 4756779.703500002622604 ], [ -408278.726900001056492, 4756844.267799999564886 ], [ -408362.807999999262393, 4756924.375399999320507 ], [ -408478.969099999405444, 4756938.636399999260902 ], [ -408577.379499998874962, 4756908.554700002074242 ], [ -408600.112999999895692, 4756901.607899999246001 ], [ -408659.148799998685718, 4756880.498900003731251 ], [ -408689.805399999953806, 4756869.5318 ], [ -408779.14909999910742, 4756922.515699999406934 ], [ -408873.433799998834729, 4757040.026600001379848 ], [ -408955.135400000028312, 4757187.656600004062057 ], [ -408992.624800001271069, 4757355.686700001358986 ], [ -409005.540599999018013, 4757413.556600000709295 ], [ -409118.039300000295043, 4757494.670900002121925 ], [ -409213.993299999274313, 4757567.516300002112985 ], [ -409249.767400000244379, 4757652.551000000908971 ], [ -409280.134200001135468, 4757724.73620000295341 ], [ -409290.848699999973178, 4757856.295800000429153 ], [ -409289.912700000219047, 4757868.653799999505281 ], [ -409277.55009999871254, 4758031.702800001949072 ], [ -409330.45509999897331, 4758198.857100002467632 ], [ -409489.244199998676777, 4758410.718299999833107 ], [ -409640.560199999250472, 4758624.08559999987483 ], [ -409671.186299999244511, 4758667.274999998509884 ], [ -409743.139800000935793, 4758742.592599999159575 ], [ -409849.209999999031425, 4758761.329600000753999 ], [ -410032.244000000879169, 4758721.346600003540516 ], [ -410155.963199999183416, 4758672.168400000780821 ], [ -410273.464100000448525, 4758625.463500000536442 ], [ -410371.320199999958277, 4758586.56279999949038 ], [ -410408.27140000090003, 4758571.877600001171231 ], [ -410732.31379999872297, 4758473.627000002190471 ], [ -410816.069899998605251, 4758448.230000000447035 ], [ -411028.913699999451637, 4758365.228400001302361 ], [ -411105.230299999006093, 4758320.255599999800324 ], [ -411106.373300000093877, 4758319.581399999558926 ], [ -411133.527199999429286, 4758278.550299998372793 ], [ -411128.255400001071393, 4758199.773700000718236 ], [ -411100.481900000013411, 4758113.0515 ], [ -411115.067499999888241, 4758044.216900002211332 ], [ -411145.457899998873472, 4757987.745500003919005 ], [ -411150.506899999454618, 4757978.360200002789497 ], [ -411198.842599999159575, 4757938.001000000163913 ], [ -411246.654799999669194, 4757930.287000000476837 ], [ -411373.31319999974221, 4757909.859200002625585 ], [ -411385.191799999214709, 4757907.939900001510978 ], [ -411615.217000000178814, 4757903.052300000563264 ], [ -411731.727299999445677, 4757881.904400004073977 ], [ -411788.996199999935925, 4757865.435399999842048 ], [ -411901.86839999910444, 4757832.976000001654029 ], [ -412079.307400000281632, 4757733.077400002628565 ], [ -412192.521900000050664, 4757668.901000002399087 ], [ -412267.002600001171231, 4757644.100999999791384 ], [ -412358.683099999092519, 4757647.773700000718236 ], [ -412449.621700000017881, 4757623.005300000309944 ], [ -412449.708000000566244, 4757622.979200001806021 ], [ -412500.042399998754263, 4757552.163799999281764 ], [ -412513.043700000271201, 4757508.109700001776218 ], [ -412532.180399999022484, 4757443.281500000506639 ], [ -412570.933199998922646, 4757354.254000000655651 ], [ -412580.09419999923557, 4757340.782400002703071 ], [ -412602.480200000107288, 4757307.879000002518296 ], [ -412631.560899999924004, 4757265.124100001528859 ], [ -412639.806699998676777, 4757252.994300000369549 ], [ -412640.40779999922961, 4757252.548600001260638 ], [ -412644.035199999809265, 4757249.832100000232458 ], [ -412716.616599999368191, 4757195.429800001904368 ], [ -412846.718299998901784, 4757112.38710000179708 ], [ -412973.833699999377131, 4757066.751000000163913 ], [ -412997.057999999262393, 4757050.074400000274181 ], [ -413036.792899998836219, 4757021.535599999129772 ], [ -413039.713600000366569, 4757019.438300000503659 ], [ -413074.14949999935925, 4756960.537700003013015 ], [ -413085.298800000920892, 4756935.803099999204278 ], [ -413119.196600000374019, 4756860.5929000005126 ], [ -413087.114899999462068, 4756787.429099999368191 ], [ -413038.831699999049306, 4756734.257600001990795 ], [ -413027.886199998669326, 4756722.207300001755357 ], [ -412986.816500000655651, 4756707.988600002601743 ], [ -412958.05489999987185, 4756698.02419999986887 ], [ -412845.522999999113381, 4756691.373600002378225 ], [ -412744.577800000086427, 4756669.831599999219179 ], [ -412692.617899999953806, 4756652.936799999326468 ], [ -412628.093299999833107, 4756591.686100002378225 ], [ -412607.13370000012219, 4756525.037100002169609 ], [ -412590.723699999973178, 4756472.848400000482798 ], [ -412558.647699999623001, 4756366.595300000160933 ], [ -412530.200799999758601, 4756317.602400001138449 ], [ -412480.2364999987185, 4756270.260200001299381 ], [ -412428.334199999459088, 4756248.633000001311302 ], [ -412420.010400000959635, 4756245.169299997389317 ], [ -412411.065899999812245, 4756241.44340000115335 ], [ -412285.45369999948889, 4756238.17060000449419 ], [ -412269.737399999052286, 4756237.759700002148747 ], [ -412170.450899998657405, 4756221.181699998676777 ], [ -412065.867200000211596, 4756192.027000000700355 ], [ -411964.271399999037385, 4756142.018200000748038 ], [ -411887.169900000095367, 4756069.515900002792478 ], [ -411830.80350000038743, 4755982.5088 ], [ -411821.332100000232458, 4755967.886200001463294 ], [ -411803.582499999552965, 4755911.58190000243485 ], [ -411802.517400001175702, 4755908.184600003063679 ], [ -411782.316499999724329, 4755844.089900003746152 ], [ -411768.451999998651445, 4755693.16190000064671 ], [ -411774.774000000208616, 4755566.395999999716878 ], [ -411767.532299999147654, 4755501.736300000920892 ], [ -411760.24870000127703, 4755436.650299999862909 ], [ -411720.888899998739362, 4755331.72040000371635 ], [ -411671.584699998609722, 4755279.742000000551343 ], [ -411628.258000001311302, 4755273.542200000956655 ], [ -411597.445999999530613, 4755269.137200001627207 ], [ -411494.177600000053644, 4755296.908100001513958 ], [ -411418.047399999573827, 4755316.75 ], [ -411351.523599999025464, 4755302.500000001862645 ], [ -411313.171200000680983, 4755264.9452 ], [ -411289.320199999958277, 4755241.581300001591444 ], [ -411217.877000000327826, 4755063.500600002706051 ], [ -411207.14979999884963, 4755035.767000000923872 ], [ -411178.185099999420345, 4754960.892699999734759 ], [ -411082.546200000680983, 4754902.280500000342727 ], [ -410922.030999999493361, 4754867.487700000405312 ], [ -410920.016699999570847, 4754867.169500002637506 ], [ -410769.465599999763072, 4754843.292899999767542 ], [ -410645.688900001347065, 4754816.120700001716614 ], [ -410527.543399999849498, 4754766.114199999719858 ], [ -410478.571100000292063, 4754711.82490000128746 ], [ -410472.109199999831617, 4754668.850299997255206 ], [ -410471.307199999690056, 4754663.506400000303984 ], [ -410516.324200000613928, 4754629.756200002506375 ], [ -410644.068499999120831, 4754662.221400000154972 ], [ -410773.856600000523031, 4754702.605800000950694 ], [ -410840.984899998642504, 4754723.502700002864003 ], [ -410947.709700000472367, 4754744.916999999433756 ], [ -411054.352900001220405, 4754766.322300000116229 ], [ -411128.253499999642372, 4754781.158600002527237 ], [ -411341.722099999897182, 4754809.34400000423193 ], [ -411527.401199999265373, 4754800.457000002264977 ], [ -411602.126799998804927, 4754786.618600001558661 ], [ -411736.260000000707805, 4754761.784900000318885 ], [ -411831.252899998798966, 4754725.729300001636147 ], [ -411885.804099999368191, 4754701.597100004553795 ], [ -411891.835500000044703, 4754698.933499999344349 ], [ -411918.000699998810887, 4754615.200000001117587 ], [ -411900.138199998997152, 4754558.271100003272295 ], [ -411785.966199998743832, 4754497.012199999764562 ], [ -411613.533399999141693, 4754495.973999999463558 ], [ -411578.908799999393523, 4754498.572100002318621 ], [ -411472.527900000102818, 4754506.53180000372231 ], [ -411407.660199999809265, 4754497.252200001850724 ], [ -411338.288499998860061, 4754428.418700002133846 ], [ -411326.926500000059605, 4754417.132999999448657 ], [ -411254.482599999755621, 4754356.330700002610683 ], [ -411248.826399999670684, 4754351.584300000220537 ], [ -411201.505599999800324, 4754318.80379999987781 ], [ -411088.987400000914931, 4754279.060700001195073 ], [ -410965.536100000143051, 4754266.127400001510978 ], [ -410889.082299999892712, 4754255.190400000661612 ], [ -410794.107099999673665, 4754225.045700002461672 ], [ -410768.749300001189113, 4754207.98310000449419 ], [ -410664.716699999757111, 4754137.972400000318885 ], [ -410599.202200001105666, 4754067.126100001856685 ], [ -410592.269899998791516, 4753966.842900002375245 ], [ -410607.847999999299645, 4753891.058199999853969 ], [ -410658.693799998611212, 4753814.374600000679493 ], [ -410665.123700000345707, 4753804.684400003403425 ], [ -410710.161199999041855, 4753753.556199999526143 ], [ -410718.754599998705089, 4753743.7983 ], [ -410721.145200000144541, 4753731.834300002083182 ], [ -410735.317599999718368, 4753661.062899999320507 ], [ -410729.284599998965859, 4753634.4781 ], [ -410716.47410000115633, 4753577.982799999415874 ], [ -410654.268399999476969, 4753483.978100001811981 ], [ -410464.989400000311434, 4753336.322599997743964 ], [ -410385.290300000458956, 4753266.067600002512336 ], [ -410336.929099999368191, 4753223.435300003737211 ], [ -410306.546699999831617, 4753187.232400001958013 ], [ -410239.980000001378357, 4753107.907700000330806 ], [ -410202.270800000056624, 4753007.951899999752641 ], [ -410181.443799999542534, 4752872.582600001245737 ], [ -410134.597099998965859, 4752792.731800001114607 ], [ -410092.119000000879169, 4752720.3169 ], [ -410085.550599999725819, 4752701.541899999603629 ], [ -410045.141699999570847, 4752585.937100002542138 ], [ -410010.095800000242889, 4752401.25620000064373 ], [ -409963.870099999941885, 4752291.398499999195337 ], [ -409957.165599999018013, 4752275.479900000616908 ], [ -409951.572099999524653, 4752267.604699999094009 ], [ -409880.407999999821186, 4752167.570400001481175 ], [ -409776.169499998912215, 4752053.36430000141263 ], [ -409625.100499998778105, 4751918.831600001081824 ], [ -409583.252299999818206, 4751881.563500002026558 ], [ -409468.10010000038892, 4751761.075800003483891 ], [ -409427.153899999335408, 4751700.67030000127852 ], [ -409390.011199999600649, 4751645.884999999776483 ], [ -409326.16270000115037, 4751497.275800002738833 ], [ -409359.945299999788404, 4751360.2664 ], [ -409405.053899999707937, 4751204.976300001144409 ], [ -409434.450799999758601, 4751103.781099999323487 ], [ -409453.0011, 4751023.696100002154708 ], [ -409483.732099998742342, 4750968.050900001078844 ], [ -409486.215499999932945, 4750963.550000002607703 ], [ -409488.09360000025481, 4750960.1557 ], [ -409518.543300000019372, 4750929.053800001740456 ], [ -409570.83659999910742, 4750927.072499999776483 ], [ -409690.299100000411272, 4751000.898000001907349 ], [ -409777.006299998611212, 4751039.30350000038743 ], [ -409902.436399999074638, 4751087.970799999311566 ], [ -409915.928899998776615, 4751096.473400002345443 ], [ -410004.356999998912215, 4751152.196399999782443 ], [ -410081.139499999582767, 4751193.909800002351403 ], [ -410159.901799999177456, 4751205.1776 ], [ -410207.509199999272823, 4751179.6031 ], [ -410208.563399999402463, 4751179.036200001835823 ], [ -410238.683299999684095, 4751133.69620000384748 ], [ -410232.644700000062585, 4751070.171800000593066 ], [ -410232.074900000356138, 4751064.19539999961853 ], [ -410171.519200000911951, 4750991.707800000905991 ], [ -410098.054800000041723, 4750943.371999999508262 ], [ -410020.949300000444055, 4750887.425200002267957 ], [ -409993.486799999140203, 4750848.042500000447035 ], [ -409957.419499999843538, 4750802.692299999296665 ], [ -409964.786399999633431, 4750774.8827 ], [ -409967.684100000187755, 4750763.971599999815226 ], [ -410009.713800000026822, 4750751.069300001487136 ], [ -410104.702600000426173, 4750748.10219999961555 ], [ -410171.027100000530481, 4750741.799100000411272 ], [ -410174.194599999114871, 4750741.495200004428625 ], [ -410174.209399999119341, 4750741.497100003063679 ], [ -410178.023500001057982, 4750736.165100004523993 ], [ -410212.607300001196563, 4750687.887700002640486 ], [ -410196.226399999111891, 4750601.576900003477931 ], [ -410195.083199999295175, 4750595.5472999997437 ], [ -410191.392399999313056, 4750587.057499999180436 ], [ -410152.395600000396371, 4750497.243899997323751 ], [ -410105.077899999916553, 4750447.9178 ], [ -410100.501000000163913, 4750444.957800000905991 ], [ -410048.817499998956919, 4750411.50899999961257 ], [ -410018.053299998864532, 4750407.108300000429153 ], [ -409999.3614999987185, 4750404.431199999526143 ], [ -409970.053700000047684, 4750400.244800003245473 ], [ -409953.499600000679493, 4750399.305800000205636 ], [ -409887.97789999935776, 4750395.596300000324845 ], [ -409816.482200000435114, 4750416.105100000277162 ], [ -409805.835699998773634, 4750422.047900002449751 ], [ -409762.534599999897182, 4750446.213300004601479 ], [ -409705.272399999201298, 4750449.846399998292327 ], [ -409668.539799999445677, 4750425.680700000375509 ], [ -409653.951999999582767, 4750383.952200001105666 ], [ -409645.054299999959767, 4750358.492000000551343 ], [ -409594.019499999471009, 4750213.051899999380112 ], [ -409593.603099999949336, 4750211.863400001078844 ], [ -409561.675200001336634, 4750120.88709999807179 ], [ -409557.718299999833107, 4750109.599300002679229 ], [ -409490.226700000464916, 4749903.738900003954768 ], [ -409480.577899999916553, 4749864.775500001385808 ], [ -409464.727300000376999, 4749800.810300001874566 ], [ -409442.260099999606609, 4749710.121099997311831 ], [ -409426.722499999217689, 4749570.781500000506639 ], [ -409429.781000000424683, 4749531.805200003087521 ], [ -409435.523399999365211, 4749458.593600001186132 ], [ -409443.957600000314415, 4749351.026600001379848 ], [ -409484.75239999871701, 4749131.845899999141693 ], [ -409494.637099999934435, 4749078.72240000218153 ], [ -409494.961500001139939, 4749077.000200001522899 ], [ -409512.908799999393523, 4748895.443700002506375 ], [ -409518.43159999884665, 4748839.604600001126528 ], [ -409526.767199999652803, 4748755.311300000175834 ], [ -409536.792000000365078, 4748690.968100003898144 ], [ -409581.126000000163913, 4748406.417200000956655 ], [ -409584.05629999935627, 4748387.620600001886487 ], [ -409591.280799998901784, 4748360.526000002399087 ], [ -409607.210399999283254, 4748300.808000000193715 ], [ -409675.760800000280142, 4748043.758300002664328 ], [ -409752.570000000298023, 4747754.509300000965595 ], [ -409818.012399999424815, 4747627.074100002646446 ], [ -409847.56969999987632, 4747569.508400002494454 ], [ -409960.581799998879433, 4747389.6864 ], [ -409982.602300000376999, 4747354.654500003904104 ], [ -409985.262100000865757, 4747350.422000002115965 ], [ -410055.101600000634789, 4747258.749500000849366 ], [ -410129.8602, 4747203.884700000286102 ], [ -410132.623100000433624, 4747201.851600002497435 ], [ -410184.518300000578165, 4747163.7675 ], [ -410387.733199999667704, 4747065.154400000348687 ], [ -410503.250500000081956, 4747001.28600000217557 ], [ -410588.603799999691546, 4746939.243000002577901 ], [ -410654.449100000783801, 4746891.386900000274181 ], [ -410682.637099999003112, 4746870.896600004285574 ], [ -410855.746699999086559, 4746751.423200003802776 ], [ -411095.046699999831617, 4746582.312599999830127 ], [ -411212.299699999392033, 4746501.3108000010252 ], [ -411304.885799999348819, 4746437.356000002473593 ], [ -411379.789300001226366, 4746404.98139999806881 ], [ -411382.994899999350309, 4746403.600099999457598 ], [ -411393.578499998897314, 4746383.459899999201298 ], [ -411451.182999999262393, 4746273.855300003662705 ], [ -411635.220600000582635, 4745862.7956000007689 ], [ -411665.550999999046326, 4745798.005000002682209 ], [ -411720.291799999773502, 4745681.092800000682473 ], [ -411727.197399999946356, 4745666.845700001344085 ], [ -411805.357199999503791, 4745505.756099998950958 ], [ -411942.440899999812245, 4745223.242500003427267 ], [ -412018.51450000051409, 4745066.473500000312924 ], [ -412048.911199999041855, 4745003.847699999809265 ], [ -412274.240699999965727, 4744539.745500000193715 ], [ -412323.349399998784065, 4744438.602900000289083 ], [ -412325.872700000181794, 4744434.621100001037121 ], [ -412446.139399998821318, 4744244.793999999761581 ], [ -412515.216199998743832, 4744135.768300000578165 ], [ -412515.645299999974668, 4744135.088300000876188 ], [ -412562.549300001002848, 4744067.336100000888109 ], [ -412608.178399999625981, 4744001.4222 ], [ -412620.437199998646975, 4743983.719800001010299 ], [ -412627.695499999448657, 4743973.228300001472235 ], [ -412703.311900000087917, 4743864.014500001445413 ], [ -412705.703599998727441, 4743859.143200002610683 ], [ -412759.185399999842048, 4743750.515300001949072 ], [ -412809.885800000280142, 4743647.547600002959371 ], [ -412844.906299998983741, 4743592.785300001502037 ], [ -412854.310800000093877, 4743578.088300002738833 ], [ -413010.784500000998378, 4743333.4324000030756 ], [ -413023.684499999508262, 4743293.231200002133846 ], [ -413078.963000001385808, 4743120.940999999642372 ], [ -413097.379300000146031, 4742983.347999999299645 ], [ -413114.367499999701977, 4742856.479600001126528 ], [ -413121.604700000956655, 4742695.938400004059076 ], [ -413125.279199998825788, 4742614.523499999195337 ], [ -413104.413899999111891, 4742412.956800002604723 ], [ -413092.332499999552965, 4742380.699800003319979 ], [ -413034.237900000065565, 4742225.620200000703335 ], [ -413023.109699998982251, 4742183.135700000450015 ], [ -412977.626799999736249, 4742009.489800000563264 ], [ -412906.481300000101328, 4741852.25170000270009 ], [ -412889.569700000807643, 4741814.876599999144673 ], [ -412815.081999999471009, 4741624.566000003367662 ], [ -412779.191799999214709, 4741507.294800000265241 ], [ -412740.92920000012964, 4741382.289000000804663 ], [ -412723.799200000241399, 4741256.39330000244081 ], [ -412707.479899998754263, 4741136.369700001552701 ], [ -412684.956600000150502, 4740956.336400000378489 ], [ -412680.981399999931455, 4740924.5406 ], [ -412694.3293999992311, 4740546.094699997454882 ], [ -412696.493000000715256, 4740484.664800001308322 ], [ -412703.271599999628961, 4740351.026500001549721 ], [ -412710.257000000216067, 4740213.284399999305606 ], [ -412719.945399998687208, 4740022.276000000536442 ], [ -412710.78139999974519, 4739906.987700004130602 ], [ -412701.369400000199676, 4739788.641900001093745 ], [ -412695.4206000007689, 4739713.805100003257394 ], [ -412684.236499999649823, 4739676.822199998423457 ], [ -412677.975300000049174, 4739656.129400001838803 ], [ -412625.349499999545515, 4739482.12980000115931 ], [ -412587.804100000299513, 4739358.003399999812245 ], [ -412581.75129999872297, 4739341.173000002279878 ], [ -412536.417000000365078, 4739215.065999999642372 ], [ -412450.725999999791384, 4738976.732300000265241 ], [ -412404.570099999196827, 4738850.047500001266599 ], [ -412377.768799999728799, 4738776.486500000581145 ], [ -412372.586799998767674, 4738762.267000002786517 ], [ -412339.472299999557436, 4738662.979800000786781 ], [ -412440.387099999003112, 4738403.14049999974668 ], [ -412453.822299999184906, 4738326.589299999177456 ], [ -412490.980599999427795, 4738114.848200000822544 ], [ -412551.492999999783933, 4737757.045900003984571 ], [ -412556.492499999701977, 4737722.046399999409914 ], [ -412593.482099999673665, 4737462.795499999076128 ], [ -412597.503699999302626, 4737439.258600000292063 ], [ -412665.233500000089407, 4737042.76659999974072 ], [ -412725.934200000949204, 4736776.711700001731515 ], [ -412747.246899998746812, 4736683.300900002941489 ], [ -412810.728699999861419, 4736321.192400000989437 ], [ -412856.668199999257922, 4736015.682700000703335 ], [ -412851.760999999940395, 4735991.757699998095632 ], [ -412803.656499998643994, 4735757.529900001361966 ], [ -412769.540599999018013, 4735632.090199999511242 ], [ -412653.628799999132752, 4735334.235000003129244 ], [ -412582.732900000177324, 4735035.699899999424815 ], [ -412521.445799998939037, 4734802.376199999824166 ], [ -412505.536899998784065, 4734714.994400002062321 ], [ -412517.405000001192093, 4734684.659400001168251 ], [ -412520.4216, 4734676.92790000140667 ], [ -412549.872299998998642, 4734652.761600000783801 ], [ -412616.069499999284744, 4734636.196600003167987 ], [ -412761.143400000408292, 4734671.899399999529123 ], [ -412775.94550000037998, 4734675.5439 ], [ -413007.659300000406802, 4734791.339200001209974 ], [ -413086.547799998894334, 4734844.868900001049042 ], [ -413294.342000000178814, 4734985.888900002464652 ], [ -413461.308699999004602, 4735083.771199999377131 ], [ -413619.414099999703467, 4735176.467000000178814 ], [ -413776.654599999077618, 4735250.901400001719594 ], [ -413963.682900000363588, 4735315.402800001204014 ], [ -414179.175599999725819, 4735379.236400000751019 ], [ -414380.42960000038147, 4735443.408900002017617 ], [ -414405.69410000089556, 4735448.6447 ], [ -414515.402499999850988, 4735471.411800004541874 ], [ -414672.058600000105798, 4735503.911900002509356 ], [ -414918.496100000105798, 4735515.00929999910295 ], [ -415059.657800000160933, 4735521.373500000685453 ], [ -415398.604899999685585, 4735498.791200002655387 ], [ -415679.297500000335276, 4735486.813400002196431 ], [ -415848.890700001269579, 4735458.043500002473593 ], [ -415921.583899999037385, 4735445.714900001883507 ], [ -416044.720100000500679, 4735444.363200001418591 ], [ -416145.02409999910742, 4735470.492900002747774 ], [ -416247.316099999472499, 4735532.365300001576543 ], [ -416364.171799998730421, 4735575.040999999269843 ], [ -416459.512000000104308, 4735586.273800002411008 ], [ -416551.194699998944998, 4735573.347500002011657 ], [ -416619.051399999298155, 4735545.191999999806285 ], [ -416704.765500000678003, 4735474.66950000077486 ], [ -416744.567399999126792, 4735426.179700000211596 ], [ -416753.414099998772144, 4735415.409400001168251 ], [ -416775.899100000970066, 4735307.491900002583861 ], [ -416755.985399998724461, 4735082.40060000307858 ], [ -416747.691800000146031, 4735007.925799999386072 ], [ -416744.697099999524653, 4734946.026900002732873 ], [ -416774.122100000269711, 4734887.153900001198053 ], [ -416777.786999998614192, 4734879.816500000655651 ], [ -416849.268999999389052, 4734809.621400000527501 ], [ -416930.021399999037385, 4734757.306700000539422 ], [ -417011.76869999896735, 4734698.032400004565716 ], [ -417069.475599999539554, 4734639.049000004306436 ], [ -417072.663399999029934, 4734635.788600001484156 ], [ -417115.347799998708069, 4734568.58250000141561 ], [ -417114.488400000147521, 4734525.787100000306964 ], [ -417113.003899999894202, 4734452.3915 ], [ -417069.598499999381602, 4734292.517799999564886 ], [ -416988.80390000063926, 4734179.3301 ], [ -416839.812299999408424, 4734046.963900003582239 ], [ -416718.978699999861419, 4733998.999200001358986 ], [ -416545.189799999818206, 4733974.213300002738833 ], [ -416421.389400000683963, 4733963.653699999675155 ], [ -416340.619299999438226, 4733949.77140000090003 ], [ -416269.436900000087917, 4733918.3487 ], [ -416241.289499999955297, 4733867.047800000756979 ], [ -416245.061599998734891, 4733809.006999997422099 ], [ -416245.25029999949038, 4733806.141100002452731 ], [ -416292.900299998931587, 4733753.829100001603365 ], [ -416304.082999999634922, 4733751.478500001132488 ], [ -416453.765000000596046, 4733720.02080000191927 ], [ -416681.516200000420213, 4733780.870100002735853 ], [ -416845.385800001211464, 4733825.512200001627207 ], [ -416959.254700000397861, 4733822.8361000046134 ], [ -417230.012299999594688, 4733781.056900003924966 ], [ -417503.09190000128001, 4733723.051999999210238 ], [ -417544.274299998767674, 4733712.863900002092123 ], [ -417733.464599999599159, 4733666.058599999174476 ], [ -417812.758600000292063, 4733648.87050000205636 ], [ -417950.608299999497831, 4733618.994000002741814 ], [ -418072.759499998763204, 4733624.586700001731515 ], [ -418198.234699998982251, 4733689.768700001761317 ], [ -418362.778499999083579, 4733779.4324000030756 ], [ -418555.132800000719726, 4733873.067800002172589 ], [ -418802.107199999503791, 4733965.027200000360608 ], [ -418898.452099999412894, 4734035.514200001955032 ], [ -419007.41190000064671, 4734233.116599999368191 ], [ -419074.039200001396239, 4734578.366200001910329 ], [ -419089.793399999849498, 4734643.071100004017353 ], [ -419157.538300001062453, 4734921.294800000265241 ], [ -419253.581699999980628, 4735109.966300003230572 ], [ -419413.202699999324977, 4735366.818099999800324 ], [ -419520.489000000059605, 4735509.798100000247359 ], [ -419720.791600000113249, 4735614.034900004044175 ], [ -419888.302699998952448, 4735633.194400001317263 ], [ -419971.111699999310076, 4735665.166200000792742 ], [ -420004.838699999265373, 4735678.190099999308586 ], [ -420037.961699998937547, 4735777.500800000503659 ], [ -420032.702799999155104, 4735930.444400001317263 ], [ -420034.383899999782443, 4736067.826199999079108 ], [ -420053.2648, 4736117.809299999848008 ], [ -420122.478000001050532, 4736229.354100003838539 ], [ -420192.670300000347197, 4736317.400499999523163 ], [ -420243.660899998620152, 4736357.778100002557039 ], [ -420277.762099999934435, 4736383.9206000007689 ], [ -420312.523599999956787, 4736388.878699999302626 ], [ -420352.073699998669326, 4736355.4046 ], [ -420355.554299999959767, 4736352.455700000748038 ], [ -420411.813000000081956, 4736256.444100001826882 ], [ -420452.414099999703467, 4736130.745700001716614 ], [ -420454.157900000922382, 4736125.338500000536442 ], [ -420550.476299999281764, 4736030.309300001710653 ], [ -420625.947300001047552, 4735981.959899999201298 ], [ -420695.462000000290573, 4735975.323800001293421 ], [ -420799.759899999946356, 4736056.412300001829863 ], [ -420882.882099999114871, 4736186.4945 ], [ -420980.911399999633431, 4736377.824899999424815 ], [ -421030.938199998810887, 4736590.679300002753735 ], [ -421078.657999999821186, 4736819.75310000218451 ], [ -421111.457200000062585, 4736954.486600000411272 ], [ -421162.783699999563396, 4737025.656100001186132 ], [ -421228.998399999924004, 4737075.301000002771616 ], [ -421311.436899999156594, 4737094.152500001713634 ], [ -421398.833000000566244, 4737078.247899999842048 ], [ -421429.515000000596046, 4737047.023200003430247 ], [ -421437.557699999772012, 4737038.846699997782707 ], [ -421468.324099999852479, 4736922.63570000231266 ], [ -421428.892300001345575, 4736718.382700001820922 ], [ -421310.973599999211729, 4736417.811699999496341 ], [ -421241.419099998660386, 4736225.815300000831485 ], [ -421160.607199999503791, 4736062.955300001427531 ], [ -421087.745599999092519, 4735927.240300001576543 ], [ -421001.978000000119209, 4735799.141699999570847 ], [ -420945.341400001198053, 4735682.288800001144409 ], [ -420934.726999999023974, 4735590.92650000192225 ], [ -420968.158399999141693, 4735533.541100000962615 ], [ -420975.433299999684095, 4735521.066900003701448 ], [ -421079.707899999804795, 4735502.836900001391768 ], [ -421157.508099999278784, 4735521.022900003939867 ], [ -421290.279600000940263, 4735617.994999999180436 ], [ -421416.112199999392033, 4735763.631800003349781 ], [ -421478.362699999473989, 4735824.531700003892183 ], [ -421639.606599999591708, 4735904.281800001859665 ], [ -421723.032200001180172, 4735899.627400001510978 ], [ -421771.066100001335144, 4735859.473000001162291 ], [ -421771.355899999849498, 4735859.225300000980496 ], [ -421812.727200000546873, 4735801.285499999299645 ], [ -421816.689100000075996, 4735740.370400002226233 ], [ -421759.382399999536574, 4735611.603499999269843 ], [ -421728.886700000613928, 4735563.440800001844764 ], [ -421703.419499998912215, 4735523.225100003182888 ], [ -421526.596800000406802, 4735370.312900001183152 ], [ -421327.927099999971688, 4735188.278300000354648 ], [ -421150.440900000743568, 4735006.902800001204014 ], [ -421022.951699999161065, 4734872.857400001958013 ], [ -420941.814500001259148, 4734728.872000001370907 ], [ -420918.608099998906255, 4734593.146999999880791 ], [ -420897.372099999338388, 4734410.410900000482798 ], [ -420914.228400000371039, 4734292.223200000822544 ], [ -420953.532199999317527, 4734213.563599998131394 ], [ -420957.243600000627339, 4734206.141500001773238 ], [ -421023.109999999403954, 4734142.226299999281764 ], [ -421094.93620000127703, 4734102.819500001147389 ], [ -421190.274000001139939, 4734080.940000001341105 ], [ -421383.610599999316037, 4734101.421499999240041 ], [ -421619.015699999406934, 4734208.289600001648068 ], [ -421796.487399999052286, 4734290.347200002521276 ], [ -421922.964200001209974, 4734348.577200001105666 ], [ -422013.68159999884665, 4734375.704700002446771 ], [ -422080.881000000052154, 4734368.735700001940131 ], [ -422108.587900000624359, 4734335.573100002482533 ], [ -422117.949499999172986, 4734324.36739999987185 ], [ -422114.287899999879301, 4734250.537799999117851 ], [ -422068.24210000038147, 4734125.73929999768734 ], [ -422049.329800000414252, 4733959.889500001445413 ], [ -422028.442599998787045, 4733857.596599999815226 ], [ -421984.39229999948293, 4733768.550300000235438 ], [ -421911.568600000813603, 4733703.424699999392033 ], [ -421890.018599999137223, 4733684.158500000834465 ], [ -421741.023599999956787, 4733601.429200001060963 ], [ -421603.606900000944734, 4733503.805700000375509 ], [ -421531.082200000062585, 4733431.991300001740456 ], [ -421414.865799999795854, 4733351.572200002148747 ], [ -421280.430499999783933, 4733249.64360000193119 ], [ -421154.605299999006093, 4733153.677700001746416 ], [ -421060.568199998699129, 4733100.075300000607967 ], [ -420867.834699998609722, 4732876.341 ], [ -420779.068099998869002, 4732719.443300003185868 ], [ -420716.474299998953938, 4732627.7654 ], [ -420702.457899999804795, 4732598.481499999761581 ], [ -420661.818199998699129, 4732513.565199999138713 ], [ -420616.762599999085069, 4732398.375400001183152 ], [ -420562.753899999894202, 4732229.889399999752641 ], [ -420535.879200000315905, 4732036.897900003939867 ], [ -420535.138899999670684, 4731793.250200001522899 ], [ -420516.528599998913705, 4731558.875500001013279 ], [ -420508.558600001037121, 4731482.077099999412894 ], [ -420502.247200000099838, 4731199.085800001397729 ], [ -420501.842299998737872, 4731180.826000003144145 ], [ -420494.773199998773634, 4730832.232600001618266 ], [ -420495.6360999988392, 4730444.580100001767278 ], [ -420469.060300000011921, 4730183.061400003731251 ], [ -420425.594400000758469, 4729890.763400001451373 ], [ -420409.319099999032915, 4729739.48589999973774 ], [ -420420.534200000576675, 4729627.588900001719594 ], [ -420457.435700000263751, 4729564.901000002399087 ], [ -420464.201899998821318, 4729553.416799999773502 ], [ -420597.260099998675287, 4729482.5252 ], [ -420777.683900000527501, 4729494.047600001096725 ], [ -420942.576799998991191, 4729581.38090000115335 ], [ -421035.314099999144673, 4729710.459500001743436 ], [ -421035.014400000683963, 4729778.981500001624227 ], [ -420984.725200000219047, 4729866.400500003248453 ], [ -420955.972599999979138, 4730018.362800002098083 ], [ -420958.714399999938905, 4730281.210600003600121 ], [ -421038.923100000247359, 4730548.016200000420213 ], [ -421122.386599998921156, 4730675.767899999395013 ], [ -421219.417300000786781, 4730758.171900000423193 ], [ -421354.510099998675287, 4730822.345200000330806 ], [ -421511.779299999587238, 4730880.229200001806021 ], [ -421652.807300000451505, 4730886.140800002962351 ], [ -421759.067000000737607, 4730870.545700002461672 ], [ -421836.49650000128895, 4730806.64809999987483 ], [ -421842.14219999872148, 4730801.986700002104044 ], [ -421883.8235999988392, 4730708.621100001037121 ], [ -421881.465699999593198, 4730575.866000002250075 ], [ -421882.411300000734627, 4730436.4868 ], [ -421916.672100000083447, 4730238.705000001937151 ], [ -421922.384799999184906, 4730205.731099998578429 ], [ -421962.394399999640882, 4730057.729900000616908 ], [ -422038.489299998618662, 4729921.970800003036857 ], [ -422167.531299999915063, 4729729.914300004020333 ], [ -422227.140399999916553, 4729627.07740000076592 ], [ -422233.372899999842048, 4729616.336800001561642 ], [ -422322.400100000202656, 4729555.717800004407763 ], [ -422436.926499999128282, 4729498.732700001448393 ], [ -422609.736499999649823, 4729480.794000003486872 ], [ -422840.49379999935627, 4729487.658399999141693 ], [ -423035.170399999246001, 4729515.39780000038445 ], [ -423230.408200000412762, 4729547.467200001701713 ], [ -423250.824000000022352, 4729550.814600000157952 ], [ -423469.555600000545382, 4729586.752000002190471 ], [ -423736.083299999125302, 4729624.726700000464916 ], [ -423880.764099999330938, 4729638.247300000861287 ], [ -424474.059700000099838, 4729656.570000002160668 ], [ -424690.189600000157952, 4729663.677699999883771 ], [ -424825.175299999304116, 4729668.115200003609061 ], [ -424862.416400001384318, 4729669.338799998164177 ], [ -425158.076900000683963, 4729685.456700002774596 ], [ -425480.896399999968708, 4729710.170500000938773 ], [ -425663.337700000032783, 4729740.895100001245737 ], [ -425954.058699999935925, 4729824.888000002130866 ], [ -426164.667099999263883, 4729906.927000002935529 ], [ -426191.73619999922812, 4729916.051899999380112 ], [ -426419.634200001135468, 4729992.915600001811981 ], [ -426454.665099998936057, 4730002.8597999997437 ], [ -426653.747200000099838, 4730059.385600002482533 ], [ -426683.771800000220537, 4730065.454200001433492 ], [ -426970.956899999640882, 4730123.50450000166893 ], [ -427343.460299999453127, 4730164.758900001645088 ], [ -427691.785400000400841, 4730193.112000001594424 ], [ -427801.434399998746812, 4730208.732899999246001 ], [ -427969.930499998852611, 4730232.749000001698732 ], [ -428205.314299998804927, 4730263.071100000292063 ], [ -428315.948699998669326, 4730277.324300000444055 ], [ -428641.106599998660386, 4730285.820800002664328 ], [ -428823.545499999076128, 4730283.438100000843406 ], [ -429237.536199999973178, 4730282.240800000727177 ], [ -429344.058799998834729, 4730281.934300001710653 ], [ -429701.982699999585748, 4730279.80629999935627 ], [ -429758.284599999897182, 4730279.470500001683831 ], [ -429776.470200001262128, 4730278.635299999266863 ], [ -430084.438099999912083, 4730264.45720000192523 ], [ -430348.997499999590218, 4730250.129100002348423 ], [ -430660.575699998997152, 4730221.206600002944469 ], [ -430832.427600000053644, 4730193.666300000622869 ], [ -430859.221099999733269, 4730186.747600002214313 ], [ -431139.354500000365078, 4730114.416600001975894 ], [ -431339.009800001047552, 4730057.720800001174212 ], [ -431485.156999998725951, 4730019.313300000503659 ], [ -431665.805499999783933, 4729971.841100001707673 ], [ -431998.564099999144673, 4729877.353200001642108 ], [ -432228.709699999541044, 4729817.471600001677871 ], [ -432248.365699999034405, 4729812.352700004354119 ], [ -432268.749900001101196, 4729807.052400000393391 ], [ -432660.455199999734759, 4729713.857200000435114 ], [ -433014.752599999308586, 4729634.250600002706051 ], [ -433362.756899999454618, 4729549.025400001555681 ], [ -433939.24110000114888, 4729420.649800000712276 ], [ -434060.323100000619888, 4729385.3487 ], [ -434331.619800000451505, 4729306.261600002646446 ], [ -435008.574799998663366, 4729106.943700002506375 ], [ -435089.555600000545382, 4729083.10249999910593 ], [ -435195.566700000315905, 4729048.112800002098083 ], [ -435384.923600000329316, 4728985.628000002354383 ], [ -435512.071899999864399, 4728939.882200000807643 ], [ -435864.715499999932945, 4728822.17710000090301 ], [ -436348.803400000557303, 4728595.468700002878904 ], [ -436602.762099999934435, 4728473.168400000780821 ], [ -436946.356399999931455, 4728330.64130000025034 ], [ -437621.654299998655915, 4728050.593900000676513 ], [ -437693.815700000151992, 4728020.6711 ], [ -437720.760799999348819, 4728013.819199999794364 ], [ -438111.068900000303984, 4727914.523299999535084 ], [ -438176.308799999766052, 4727904.891999999061227 ], [ -438356.146100000478327, 4727912.766200002282858 ], [ -438562.536199999041855, 4728049.796700002625585 ], [ -438932.880699999630451, 4728239.749000003561378 ], [ -439377.10080000013113, 4728442.595100000500679 ], [ -439432.743400000035763, 4728464.5135000012815 ], [ -439595.7955, 4728528.738200003281236 ], [ -439847.472599999979138, 4728627.885500000789762 ], [ -440490.084499998949468, 4728832.976100001484156 ], [ -440695.14780000038445, 4728937.889799999073148 ], [ -441042.975499999709427, 4729086.800699999555945 ], [ -441737.605900000780821, 4729292.226600000634789 ], [ -441828.095700000412762, 4729325.123999999836087 ], [ -442116.702199999243021, 4729430.057599999010563 ], [ -442133.459499998949468, 4729436.156500002369285 ], [ -442614.458300000056624, 4729596.952299999073148 ], [ -442911.597699998877943, 4729686.608300002291799 ], [ -443670.845599999651313, 4729887.052400002256036 ], [ -444370.1402000002563, 4730060.037100002169609 ], [ -444383.122799999080598, 4730063.585600001737475 ], [ -444677.559399998746812, 4730144.062499998137355 ], [ -444988.272699998691678, 4730228.466700000688434 ], [ -445611.426099999807775, 4730397.796400001272559 ], [ -445988.748300000093877, 4730472.862399999052286 ], [ -446538.574199999682605, 4730598.512599997222424 ], [ -446758.641300001181662, 4730648.823900001123548 ], [ -447349.645600001327693, 4730768.537200000137091 ], [ -447786.941100000403821, 4730854.51490000076592 ], [ -448438.497300000861287, 4730983.625 ], [ -448594.632099999114871, 4731014.575600001960993 ], [ -449466.60249999910593, 4731188.533900000154972 ], [ -449535.393799998797476, 4731202.140900002792478 ], [ -449809.500500001013279, 4731256.333500003442168 ], [ -450803.420999999158084, 4731454.781100001186132 ], [ -451058.534799999557436, 4731524.270899999886751 ], [ -451791.728699998930097, 4731659.531700002029538 ], [ -452136.881899999454618, 4731719.844999998807907 ], [ -452819.153500000946224, 4731839.108800001442432 ], [ -453332.909600000828505, 4731920.872899997979403 ], [ -453814.121600000187755, 4731997.492500001564622 ], [ -454806.7956000007689, 4732155.550900001078844 ], [ -455482.507500000298023, 4732254.972100000828505 ], [ -455833.621999999508262, 4732306.656999999657273 ], [ -456861.451899998821318, 4732417.668800000101328 ], [ -456882.735899998806417, 4732419.296500001102686 ], [ -457898.578000000678003, 4732496.885600004345179 ], [ -458469.647999999113381, 4732526.804700002074242 ], [ -458922.792199999094009, 4732550.584400003775954 ], [ -459554.700500000268221, 4732583.86849999986589 ], [ -459963.935700001195073, 4732585.399900000542402 ], [ -460149.630899999290705, 4732585.330300001427531 ], [ -460924.894399999640882, 4732585.112500000745058 ], [ -461406.374500000849366, 4732561.446600001305342 ], [ -461815.948199999518692, 4732544.09150000102818 ], [ -462091.745900000445545, 4732528.841199999675155 ], [ -462569.826199999079108, 4732502.443199999630451 ], [ -462874.034099998883903, 4732493.73110000230372 ], [ -463652.789599998854101, 4732456.654200002551079 ], [ -463932.149899998679757, 4732443.373199999332428 ], [ -464486.567399999126792, 4732422.995699999853969 ], [ -464790.392500000074506, 4732385.405500004068017 ], [ -465002.206100000999868, 4732359.206200003623962 ], [ -465952.034400000236928, 4732243.905799999833107 ], [ -466006.668499998748302, 4732237.273 ], [ -466682.7195999994874, 4732144.268100002780557 ], [ -466920.736800000071526, 4732112.524600001052022 ], [ -466991.587600000202656, 4732103.082100000232458 ], [ -467727.646700001321733, 4732004.421100001782179 ], [ -468084.205299998633564, 4731827.985200004652143 ], [ -468811.261699998751283, 4731510.246100001037121 ], [ -469234.677000000141561, 4731030.851000001654029 ], [ -469666.044699999503791, 4730528.904500000178814 ], [ -469758.937699999660254, 4730422.567200003191829 ], [ -469768.039600000716746, 4730412.152899999171495 ], [ -470076.196999998763204, 4730059.438400000333786 ], [ -470368.748300000093877, 4729734.178999999538064 ], [ -470778.895999998785555, 4729248.124700002372265 ], [ -471031.007299998775125, 4728924.200799997895956 ], [ -471325.520099999383092, 4728535.29420000128448 ], [ -471555.757600001059473, 4728231.924200000241399 ], [ -471820.117999999783933, 4727888.424499999731779 ], [ -471879.921000000089407, 4727813.697600001469254 ], [ -472073.554900000803173, 4727571.779100002720952 ], [ -472126.598400000482798, 4727501.42850000038743 ], [ -472170.015099999494851, 4727443.857000002637506 ], [ -472581.392499999143183, 4726898.355700001120567 ], [ -473253.210199999623001, 4726004.424800001084805 ], [ -473351.225499999709427, 4725872.840500000864267 ], [ -473559.115400000475347, 4725593.774100001901388 ], [ -473680.537399999797344, 4725430.780700001865625 ], [ -474115.159699999727309, 4724855.798300001770258 ], [ -474547.305900000035763, 4724287.432800002396107 ], [ -474552.096299999393523, 4724281.127299999818206 ], [ -474559.037999998778105, 4724271.430899998173118 ], [ -474564.189799998886883, 4724264.222900003194809 ], [ -474572.470799999311566, 4724252.655899999663234 ], [ -474603.041400001384318, 4724209.942199999466538 ], [ -474669.384000000543892, 4724117.229500003159046 ], [ -474687.541900000534952, 4724091.85950000025332 ], [ -474786.827600001357496, 4723953.114800002425909 ], [ -474791.797899998724461, 4723946.176100002601743 ], [ -474909.350199999287724, 4723781.913400001823902 ], [ -474927.444099999964237, 4723756.631500001996756 ], [ -474968.802699998952448, 4723698.838600002229214 ], [ -475018.843000000342727, 4723628.905200002714992 ], [ -475057.1557, 4723575.368700001388788 ], [ -475134.473399998620152, 4723467.316700004041195 ], [ -475153.945299999788404, 4723440.115200001746416 ], [ -475218.649899998679757, 4723349.697300000116229 ], [ -475283.87540000025183, 4723258.548900000751019 ], [ -475324.060299999080598, 4723202.395800003781915 ], [ -475375.181799999438226, 4723130.958800001069903 ], [ -475385.504200000315905, 4723116.535199999809265 ], [ -475476.268799998797476, 4722989.691400004550815 ], [ -475491.281499998643994, 4722968.712300002574921 ], [ -475564.251000000163913, 4722866.746500002220273 ], [ -475597.722999999299645, 4722819.965000001713634 ], [ -475644.310499998740852, 4722754.866600001230836 ], [ -475651.492899999953806, 4722744.823200004175305 ], [ -475662.156999999657273, 4722729.916800001636147 ], [ -475698.677000001072884, 4722678.884200001135468 ], [ -475700.469700001180172, 4722676.3805 ], [ -475714.304700001142919, 4722657.044199999421835 ], [ -475754.44679999910295, 4722600.963300000876188 ], [ -475765.611900000832975, 4722585.354900000616908 ], [ -475781.900299999862909, 4722562.593000004068017 ], [ -475787.316799999214709, 4722555.026499999687076 ], [ -475790.524599999189377, 4722550.548900002613664 ], [ -475801.821000000461936, 4722534.761899998411536 ], [ -475802.208399999886751, 4722534.218300003558397 ], [ -475802.611600001342595, 4722533.669300001114607 ], [ -475811.206599999219179, 4722522.052400000393391 ], [ -475819.980499998666346, 4722510.188000001013279 ], [ -475821.487799999304116, 4722508.151300001889467 ], [ -475827.013099999167025, 4722500.675700003281236 ], [ -475840.337500000372529, 4722482.659900000318885 ], [ -475843.800999999046326, 4722477.983300002291799 ], [ -475860.543399999849498, 4722455.345000000670552 ], [ -475867.294599998742342, 4722446.2171 ], [ -475878.091400001198053, 4722431.616100000217557 ], [ -475891.388599999248981, 4722413.634100001305342 ], [ -475900.452699999324977, 4722401.378799999132752 ], [ -475909.403599998913705, 4722389.281700002029538 ], [ -475920.997700001113117, 4722373.596500001847744 ], [ -475921.194600000046194, 4722373.3289 ], [ -475924.424200000241399, 4722368.967700002714992 ], [ -475929.294499999843538, 4722362.376500001177192 ], [ -475932.038200001232326, 4722358.666200002655387 ], [ -475933.356100001372397, 4722356.89809999987483 ], [ -475936.193999999202788, 4722353.057200001552701 ], [ -475936.195099999196827, 4722353.049799999222159 ], [ -475937.917299999855459, 4722350.725300000980496 ], [ -475940.68959999922663, 4722346.973600002005696 ], [ -475941.38300000037998, 4722346.033900000154972 ], [ -475946.081899998709559, 4722339.691099999472499 ], [ -475946.512699999846518, 4722339.10810000449419 ], [ -475949.548600001260638, 4722334.992200000211596 ], [ -475950.905599999241531, 4722333.161499999463558 ], [ -475951.448699999600649, 4722332.427700001746416 ], [ -475955.86809999961406, 4722326.454500000923872 ], [ -475958.425499999895692, 4722322.990599999204278 ], [ -475961.768400001339614, 4722318.471100002527237 ], [ -475964.438000000081956, 4722314.856400003656745 ], [ -475968.557900001294911, 4722309.287800000980496 ], [ -475970.129900000058115, 4722307.169300001114607 ], [ -475974.363000000827014, 4722301.442400000989437 ], [ -475974.522900000214577, 4722301.222600003704429 ], [ -475978.771900000981987, 4722295.49040000140667 ], [ -475980.805399999022484, 4722292.732700001448393 ], [ -475984.765499998815358, 4722287.383800001814961 ], [ -475985.000400001183152, 4722287.061000002548099 ], [ -475989.672899998724461, 4722280.744799999520183 ], [ -475990.71239999961108, 4722279.338800003752112 ], [ -475995.271700001321733, 4722273.180800000205636 ], [ -475996.255100000649691, 4722271.850199999287724 ], [ -476000.318899999372661, 4722266.35700000077486 ], [ -476001.482200001366436, 4722264.771600002422929 ], [ -476004.974399999715388, 4722260.05350000038743 ], [ -476007.201599999330938, 4722257.0504 ], [ -476008.924999998882413, 4722254.718400001525879 ], [ -476012.389700000174344, 4722250.034400001168251 ], [ -476014.544899999164045, 4722247.111999999731779 ], [ -476016.539200000464916, 4722244.416799997910857 ], [ -476017.605200000107288, 4722242.984300000593066 ], [ -476021.136599999852479, 4722238.203600000590086 ], [ -476021.435099999420345, 4722237.806399999186397 ], [ -476023.15849999897182, 4722235.474500000476837 ], [ -476024.245600000023842, 4722233.999500000849366 ], [ -476024.957999999634922, 4722233.032100001350045 ], [ -476026.174299999140203, 4722231.393500002101064 ], [ -476028.299899999983609, 4722228.520000003278255 ], [ -476029.649600000120699, 4722226.688200002536178 ], [ -476029.67710000090301, 4722226.654200002551079 ], [ -476031.821800000034273, 4722223.75310000218451 ], [ -476032.805200001224875, 4722222.422500001266599 ], [ -476035.098100000061095, 4722219.330200001597404 ], [ -476036.560000000521541, 4722217.347600001841784 ], [ -476036.849999998696148, 4722216.956800002604723 ], [ -476038.815800000913441, 4722214.303000001236796 ], [ -476038.826399998739362, 4722214.2818 ], [ -476038.993599999696016, 4722214.063100002706051 ], [ -476039.453099999576807, 4722213.438700001686811 ], [ -476040.548700000159442, 4722211.957300001755357 ], [ -476040.725499998778105, 4722211.724700001999736 ], [ -476041.110799999907613, 4722211.195900002494454 ], [ -476042.748399998992682, 4722208.988100001588464 ], [ -476043.179300000891089, 4722208.405200004577637 ], [ -476044.424200001172721, 4722206.725199999287724 ], [ -476044.835900001227856, 4722206.169800000265241 ], [ -476046.588899999856949, 4722203.789000004529953 ], [ -476047.524699999019504, 4722202.5274 ], [ -476048.320799998939037, 4722201.45070000179112 ], [ -476049.688399999402463, 4722199.598700001835823 ], [ -476051.439299999736249, 4722197.232699999585748 ], [ -476051.87019999884069, 4722196.649700000882149 ], [ -476053.761800000444055, 4722194.091600002720952 ], [ -476054.004299999214709, 4722193.769799999892712 ], [ -476055.5318, 4722191.698000002652407 ], [ -476056.055800001136959, 4722190.991800000891089 ], [ -476057.628899998962879, 4722188.865800000727177 ], [ -476057.712500000372529, 4722188.756500001996756 ], [ -476059.100300000980496, 4722186.869400003924966 ], [ -476060.054100000299513, 4722185.587700003758073 ], [ -476060.24140000063926, 4722185.333900002762675 ], [ -476060.990899998694658, 4722184.318700002506375 ], [ -476062.105599999427795, 4722182.80970000103116 ], [ -476062.948200001381338, 4722181.671300003305078 ], [ -476063.387600000016391, 4722181.082000000402331 ], [ -476064.098900000564754, 4722180.121999999508262 ], [ -476065.626400001347065, 4722178.050200002267957 ], [ -476065.879399999976158, 4722177.7072 ], [ -476067.236600000411272, 4722175.87639999948442 ], [ -476067.6864, 4722175.265800002962351 ], [ -476069.53899999987334, 4722172.770300000905991 ], [ -476069.548500000499189, 4722172.756500001996756 ], [ -476071.759899999015033, 4722169.758700001984835 ], [ -476071.853099999018013, 4722169.635500000789762 ], [ -476073.78279999922961, 4722167.022099999710917 ], [ -476074.07289999909699, 4722166.631300000473857 ], [ -476075.945500001311302, 4722164.10080000013113 ], [ -476076.002700000070035, 4722164.017899999395013 ], [ -476077.574699998833239, 4722161.899399999529123 ], [ -476078.005600000731647, 4722161.316400004550815 ], [ -476079.363699998706579, 4722159.478200001642108 ], [ -476079.972399999387562, 4722158.655200000852346 ], [ -476081.358099998906255, 4722156.783000001683831 ], [ -476081.705299998633564, 4722156.309399999678135 ], [ -476083.258299998939037, 4722154.218500001356006 ], [ -476083.286899999715388, 4722154.17710000090301 ], [ -476085.459099999628961, 4722151.241900002583861 ], [ -476085.58079999871552, 4722151.077300000935793 ], [ -476086.798200000077486, 4722149.43130000308156 ], [ -476087.781700001098216, 4722148.100700000301003 ], [ -476088.597800000570714, 4722146.988900000229478 ], [ -476089.552699999883771, 4722145.699699999764562 ], [ -476090.338199999183416, 4722144.644200002774596 ], [ -476091.106700000353158, 4722143.601399999111891 ], [ -476091.695299999788404, 4722142.813400002196431 ], [ -476092.886199999600649, 4722141.194000001996756 ], [ -476093.214299999177456, 4722140.74800000153482 ], [ -476094.674200000241399, 4722138.780200002714992 ], [ -476095.029799998737872, 4722138.300199998542666 ], [ -476096.06940000038594, 4722136.894200002774596 ], [ -476097.126899999566376, 4722135.468000002205372 ], [ -476097.810800000093877, 4722134.541999999433756 ], [ -476099.412399998866022, 4722132.374700002372265 ], [ -476100.002100000157952, 4722131.579300003126264 ], [ -476101.670400001108646, 4722129.315300000831485 ], [ -476101.792100000195205, 4722129.150699999183416 ], [ -476103.645800000056624, 4722126.647700002416968 ], [ -476104.36670000012964, 4722125.673900000751019 ], [ -476105.826499999500811, 4722123.70610000193119 ], [ -476106.380099999718368, 4722122.951099997386336 ], [ -476107.850499999709427, 4722120.962100002914667 ], [ -476107.858999999240041, 4722120.955700000748038 ], [ -476108.712199999019504, 4722119.796100001782179 ], [ -476109.348399998620152, 4722118.939099999144673 ], [ -476111.44550000037998, 4722116.10700000077486 ], [ -476111.576799998991191, 4722115.928600000217557 ], [ -476113.046199998818338, 4722113.947000000625849 ], [ -476113.262099999003112, 4722113.651799999177456 ], [ -476114.385299999266863, 4722112.136400001123548 ], [ -476115.191900000907481, 4722111.0384 ], [ -476117.065600000321865, 4722108.500400001183152 ], [ -476117.428800000809133, 4722108.02140000090003 ], [ -476118.506400001235306, 4722106.560200000181794 ], [ -476118.862099998630583, 4722106.080200001597404 ], [ -476120.519899999722838, 4722103.837400000542402 ], [ -476120.998300000093877, 4722103.185400003567338 ], [ -476122.233699998818338, 4722101.519200000911951 ], [ -476122.403099999763072, 4722101.285600000992417 ], [ -476123.609899998642504, 4722099.660800004377961 ], [ -476123.806800000369549, 4722099.393200000748038 ], [ -476125.642499999143183, 4722096.910400003194809 ], [ -476126.166499999351799, 4722096.204200001433492 ], [ -476127.505599998869002, 4722094.39360000193119 ], [ -476127.814699999056756, 4722093.975199999287724 ], [ -476129.520100000314415, 4722091.6634 ], [ -476129.725499999709427, 4722091.389399999752641 ], [ -476131.757999999448657, 4722088.639000000432134 ], [ -476131.878700000233948, 4722088.481899999082088 ], [ -476132.890700000338256, 4722087.109800001606345 ], [ -476133.135300000198185, 4722086.773199999704957 ], [ -476135.212300000712276, 4722083.976100001484156 ], [ -476135.484299998730421, 4722083.605500001460314 ], [ -476136.861599999479949, 4722081.739600002765656 ], [ -476137.441699999384582, 4722080.958100002259016 ], [ -476139.136500000022352, 4722078.667500004172325 ], [ -476139.184199999086559, 4722078.598400002345443 ], [ -476140.850399998947978, 4722076.349300002679229 ], [ -476140.990199999883771, 4722076.164500001817942 ], [ -476142.751700000837445, 4722073.777300003916025 ], [ -476143.116899998858571, 4722073.283500000834465 ], [ -476145.223599999211729, 4722070.437500001862645 ], [ -476145.279699998907745, 4722070.362100001424551 ], [ -476147.135400000028312, 4722067.844200002029538 ], [ -476147.340799999423325, 4722067.570200001820922 ], [ -476149.156299998983741, 4722065.122500002384186 ], [ -476149.269600000232458, 4722064.964200003072619 ], [ -476151.217399999499321, 4722062.330600000917912 ], [ -476151.536099999211729, 4722061.898400001227856 ], [ -476152.97789999935776, 4722059.950800001621246 ], [ -476153.117700000293553, 4722059.766100002452731 ], [ -476154.953300000168383, 4722057.283200001344085 ], [ -476155.085600000806153, 4722057.097400004044175 ], [ -476156.3295, 4722055.424799999222159 ], [ -476156.780399998649955, 4722054.806800000369549 ], [ -476158.923100000247359, 4722051.920400001108646 ], [ -476158.970700000412762, 4722051.851400002837181 ], [ -476160.385099999606609, 4722049.937800001353025 ], [ -476160.918600000441074, 4722049.217800000682473 ], [ -476162.502299999818206, 4722047.070599999278784 ], [ -476162.651599999517202, 4722046.871999999508262 ], [ -476164.749699999578297, 4722044.032400000840425 ], [ -476165.038800000213087, 4722043.649000002071261 ], [ -476166.566300000995398, 4722041.577199999243021 ], [ -476167.389899998903275, 4722040.466399999335408 ], [ -476168.924999999813735, 4722038.395600004121661 ], [ -476170.114799998700619, 4722036.783600000664592 ], [ -476171.08769999910146, 4722035.474199999123812 ], [ -476171.706999999471009, 4722034.630000002682209 ], [ -476173.644299999810755, 4722032.017600001767278 ], [ -476173.963999998755753, 4722031.5779 ], [ -476175.330699999816716, 4722029.733300002291799 ], [ -476175.86530000064522, 4722029.005899999290705 ], [ -476177.053100000135601, 4722027.408700000494719 ], [ -476177.700899998657405, 4722026.523100001737475 ], [ -476178.881299998611212, 4722024.924900002777576 ], [ -476179.525999999605119, 4722024.061500001698732 ], [ -476179.835100000724196, 4722023.643100002780557 ], [ -476180.89369999896735, 4722022.209499999880791 ], [ -476181.062099998816848, 4722021.983300002291799 ], [ -476182.551500000059605, 4722019.966700000688434 ], [ -476182.588600001297891, 4722019.9189000017941 ], [ -476183.487399999052286, 4722018.705100001767278 ], [ -476184.405199999921024, 4722017.46370000205934 ], [ -476184.695299999788404, 4722017.07290000282228 ], [ -476185.894700000062585, 4722015.447000000625849 ], [ -476186.614599999040365, 4722014.480599999427795 ], [ -476187.888100000098348, 4722012.759200001135468 ], [ -476188.309399999678135, 4722012.190000001341105 ], [ -476189.574500000104308, 4722010.474999999627471 ], [ -476189.967299999669194, 4722009.947200000286102 ], [ -476191.681200000457466, 4722007.629000000655651 ], [ -476191.738300001248717, 4722007.546200003474951 ], [ -476193.218299998901784, 4722005.543300000950694 ], [ -476193.432199999690056, 4722005.263000002130866 ], [ -476194.593500001356006, 4722003.692399999126792 ], [ -476195.025399998761714, 4722003.101899998262525 ], [ -476196.926699998788536, 4722000.529899999499321 ], [ -476196.955199998803437, 4722000.488500002771616 ], [ -476198.947599999606609, 4721997.8081 ], [ -476199.219700000248849, 4721997.4375 ], [ -476200.971700000576675, 4721995.064100001007318 ], [ -476201.440700001083314, 4721994.425799997523427 ], [ -476203.434100000187755, 4721991.737999999895692 ], [ -476203.903099998831749, 4721991.0998 ], [ -476205.738699999637902, 4721988.617000002413988 ], [ -476206.14949999935925, 4721988.069000001996756 ], [ -476208.023299998603761, 4721985.531000001356006 ], [ -476208.2762999990955, 4721985.188000002875924 ], [ -476210.374499999918044, 4721982.348300000652671 ], [ -476210.467699999921024, 4721982.225099999457598 ], [ -476212.012200000695884, 4721980.140499997884035 ], [ -476212.097899999469519, 4721980.01630000025034 ], [ -476213.809800000861287, 4721977.712899999693036 ], [ -476214.784799998626113, 4721976.388600001111627 ], [ -476216.159999999217689, 4721974.53770000115037 ], [ -476216.816300000064075, 4721973.645600002259016 ], [ -476218.613900000229478, 4721971.218000000342727 ], [ -476219.14949999935925, 4721970.483200000599027 ], [ -476221.143000000156462, 4721967.795300003141165 ], [ -476221.395000000484288, 4721967.459800001233816 ], [ -476223.183999999426305, 4721965.038499999791384 ], [ -476224.111400000751019, 4721963.783299997448921 ], [ -476233.158599999733269, 4721951.547499999403954 ], [ -476276.761999999172986, 4721890.420099999755621 ], [ -476280.674099999479949, 4721884.928000001236796 ], [ -476317.326099999248981, 4721833.543999999761581 ], [ -476332.979099999181926, 4721811.598799999803305 ], [ -476385.172799998894334, 4721738.419800002127886 ], [ -476398.097199999727309, 4721720.292899999767542 ], [ -476450.290000000037253, 4721647.127900000661612 ], [ -476460.909200000576675, 4721632.235500000417233 ], [ -476508.324799998663366, 4721565.75760000385344 ], [ -476521.200100000016391, 4721547.714300001040101 ], [ -476551.734400000423193, 4721504.902200000360608 ], [ -476570.570799998939037, 4721478.504400001838803 ], [ -476620.086299998685718, 4721409.079400001093745 ], [ -476623.401800000108778, 4721404.43440000154078 ], [ -476650.177099999971688, 4721366.893200000748038 ], [ -476681.131699999794364, 4721324.0176 ], [ -476692.134600001387298, 4721308.776900004595518 ], [ -476738.528799999505281, 4721244.521900003775954 ], [ -476744.067900000140071, 4721236.850000001490116 ], [ -476779.773000000044703, 4721187.387199999764562 ], [ -476799.818899999372661, 4721159.628400001674891 ], [ -476841.457800000905991, 4721101.957700001075864 ], [ -476864.70890000090003, 4721069.749800002202392 ], [ -476919.387499999254942, 4720994.01860000193119 ], [ -476932.575600000098348, 4720975.760100001469254 ], [ -476958.944499999284744, 4720939.241900002583861 ], [ -476995.978799999691546, 4720887.9493000023067 ], [ -477016.932499999180436, 4720858.923500001430511 ], [ -477037.715900000184774, 4720830.138699997216463 ], [ -477071.839499999769032, 4720782.881300000473857 ], [ -477097.684400000609457, 4720747.075900001451373 ], [ -477098.67339999973774, 4720745.707900004461408 ], [ -477152.066599999554455, 4720671.753700001165271 ], [ -477174.388400000520051, 4720640.82909999974072 ], [ -477193.995400001294911, 4720613.672700000926852 ], [ -477229.290900001302361, 4720564.783700002357364 ], [ -477243.074400000274181, 4720545.698899999260902 ], [ -477269.646199999377131, 4720508.88880000077188 ], [ -477275.167299999855459, 4720501.24379999935627 ], [ -477286.247600000351667, 4720485.898500001057982 ], [ -477299.487099999561906, 4720467.555000001564622 ], [ -477317.651699999347329, 4720442.406399998813868 ], [ -477317.652699999511242, 4720442.398900002241135 ], [ -477336.166799999773502, 4720416.761700002476573 ], [ -477353.504599998705089, 4720392.746299998834729 ], [ -477368.449199999682605, 4720372.044600000604987 ], [ -477392.900100000202656, 4720338.184100000187755 ], [ -477405.405100000090897, 4720320.857699999585748 ], [ -477414.865799999795854, 4720307.753200000151992 ], [ -477429.367100001312792, 4720287.670500000938773 ], [ -477443.849399998784065, 4720267.615300001576543 ], [ -477453.497600000351667, 4720254.256900001317263 ], [ -477469.762199999764562, 4720231.725800003856421 ], [ -477485.526099999435246, 4720209.89670000039041 ], [ -477492.914500000886619, 4720199.6587999984622 ], [ -477493.498099999502301, 4720198.854700000956655 ], [ -477516.977099998854101, 4720166.1368000023067 ], [ -477535.513100000098348, 4720140.2972 ], [ -477552.471300001256168, 4720116.666700003668666 ], [ -477562.758200000040233, 4720102.329900002107024 ], [ -477584.24790000077337, 4720072.376299999654293 ], [ -477597.186600000597537, 4720054.345300002023578 ], [ -477618.326100000180304, 4720024.887599999085069 ], [ -477626.121299999766052, 4720014.024900004267693 ], [ -477661.880600000731647, 4719964.189500000327826 ], [ -477669.629399999044836, 4719953.388399999588728 ], [ -477691.278799999505281, 4719923.221799999475479 ], [ -477706.030999999493361, 4719902.658299999311566 ], [ -477729.236400000751019, 4719870.332099998369813 ], [ -477739.61809999961406, 4719855.864200001582503 ], [ -477768.017300001345575, 4719816.285300001502037 ], [ -477779.116199999116361, 4719800.819900002330542 ], [ -477808.771800000220537, 4719759.486000001430511 ], [ -477816.850399999879301, 4719748.231000000610948 ], [ -477844.249499998986721, 4719710.048300001770258 ], [ -477856.066700000315905, 4719693.5779 ], [ -477884.492499999701977, 4719653.979000002145767 ], [ -477897.187800000421703, 4719636.283700004220009 ], [ -477912.827499998733401, 4719614.488299997523427 ], [ -477918.076500000432134, 4719607.220599999651313 ], [ -477922.307799999602139, 4719601.362400004640222 ], [ -477951.536799999885261, 4719560.860899997875094 ], [ -477962.6568, 4719545.466000001877546 ], [ -477989.095300001092255, 4719508.835999999195337 ], [ -477994.721499999053776, 4719501.045500002801418 ], [ -478026.125799999572337, 4719457.546900000423193 ], [ -478031.329400000162423, 4719450.333200000226498 ], [ -478031.602700000628829, 4719449.955 ], [ -478058.896699999459088, 4719412.1570999994874 ], [ -478061.584799999371171, 4719408.4222999997437 ], [ -478073.017699999734759, 4719392.586300000548363 ], [ -478087.570899998769164, 4719372.424800001084805 ], [ -478090.096099998801947, 4719368.932099999859929 ], [ -478115.591000000014901, 4719333.622700002044439 ], [ -478121.321299999952316, 4719325.687599999830127 ], [ -478139.276999998837709, 4719300.815800003707409 ], [ -478146.187299999408424, 4719291.236300000920892 ], [ -478149.458100000396371, 4719286.704700002446771 ], [ -478152.219499998725951, 4719282.881600003689528 ], [ -478175.78389999922365, 4719250.239199999719858 ], [ -478177.112200000323355, 4719248.403599999845028 ], [ -478200.394100000150502, 4719216.153000002726912 ], [ -478207.77479999884963, 4719205.927600001916289 ], [ -478220.207099999301136, 4719188.709100002422929 ], [ -478220.988800000399351, 4719187.629899999126792 ], [ -478227.9543999992311, 4719177.982200002297759 ], [ -478230.472200000658631, 4719174.488400001078844 ], [ -478231.028300000354648, 4719173.718300001695752 ], [ -478237.230200000107288, 4719165.129700003191829 ], [ -478239.405899998731911, 4719162.125600000843406 ], [ -478242.818799999542534, 4719157.394200002774596 ], [ -478253.056400000117719, 4719143.207400001585484 ], [ -478259.766799999400973, 4719133.917700000107288 ], [ -478272.340200000442564, 4719116.506799997761846 ], [ -478274.443900000303984, 4719113.583400001749396 ], [ -478286.084099998697639, 4719097.465299999341369 ], [ -478291.041499999351799, 4719090.602900000289083 ], [ -478303.426500000059605, 4719073.453200001269579 ], [ -478304.126599999144673, 4719072.468500003218651 ], [ -478318.340000000782311, 4719052.7884 ], [ -478321.732800000347197, 4719048.092000002041459 ], [ -478334.476999999955297, 4719030.439800001680851 ], [ -478336.660299998708069, 4719027.436600001528859 ], [ -478338.373200000263751, 4719025.07940000295639 ], [ -478352.635800000280142, 4719005.428800001740456 ], [ -478354.357199999503791, 4719003.065100001171231 ], [ -478368.777700001373887, 4718983.2094 ], [ -478372.722599999047816, 4718977.772399999201298 ], [ -478378.848800000734627, 4718969.347200002521276 ], [ -478383.856200000271201, 4718962.453799998387694 ], [ -478394.192099999636412, 4718948.219799999147654 ], [ -478396.347799998708069, 4718945.250600000843406 ], [ -478403.154100000858307, 4718935.875600002706051 ], [ -478406.83420000039041, 4718930.810399999842048 ], [ -478417.122500000521541, 4718916.645400000736117 ], [ -478420.474200000055134, 4718912.026399999856949 ], [ -478432.324099999852479, 4718895.717499999329448 ], [ -478433.898199999704957, 4718893.53770000115037 ], [ -478438.575299999676645, 4718887.105300003662705 ], [ -478447.168799999170005, 4718875.277300000190735 ], [ -478452.78010000102222, 4718867.544600000604987 ], [ -478454.135099999606609, 4718865.682300001382828 ], [ -478461.213700000196695, 4718855.936400003731251 ], [ -478468.359000000171363, 4718846.093900002539158 ], [ -478474.297800000756979, 4718837.922399999573827 ], [ -478479.333999998867512, 4718830.987500000745058 ], [ -478481.329899999313056, 4718828.238199999555945 ], [ -478492.702100001275539, 4718812.573999999091029 ], [ -478496.48619999922812, 4718807.364299999549985 ], [ -478499.138899999670684, 4718803.7226 ], [ -478512.722200000658631, 4718785.021099999547005 ], [ -478515.179900000803173, 4718781.632200004532933 ], [ -478526.373300000093877, 4718766.215500000864267 ], [ -478530.525000000372529, 4718760.496899999678135 ], [ -478543.213299999944866, 4718743.033000001683831 ], [ -478545.285400000400841, 4718740.17310000397265 ], [ -478556.099700000137091, 4718725.293800001963973 ], [ -478564.478400000371039, 4718713.753499999642372 ], [ -478571.642099998891354, 4718703.890600001439452 ], [ -478575.106300000101328, 4718699.1206 ], [ -478584.472500000149012, 4718686.226800002157688 ], [ -478590.986700001172721, 4718677.25730000063777 ], [ -478596.418300000019372, 4718669.779400002211332 ], [ -478601.209999999031425, 4718663.181100001558661 ], [ -478605.031299998983741, 4718657.923500001430511 ], [ -478615.734499999321997, 4718643.187500001862645 ], [ -478617.317300000227988, 4718641.00110000371933 ], [ -478622.672600000165403, 4718633.633600000292063 ], [ -478630.260199999436736, 4718623.186300002038479 ], [ -478635.0329, 4718616.615599999204278 ], [ -478642.536700000986457, 4718606.277699999511242 ], [ -478646.348499999381602, 4718601.033900002017617 ], [ -478653.36189999897033, 4718591.376900000497699 ], [ -478657.880399999208748, 4718585.1568 ], [ -478667.5954, 4718571.78150000423193 ], [ -478670.804399998858571, 4718567.369500001892447 ], [ -478676.010499999858439, 4718560.200600003823638 ], [ -478682.516400001011789, 4718551.237300001084805 ], [ -478688.588100000284612, 4718542.879599999636412 ], [ -478691.675300000235438, 4718538.632300002500415 ], [ -478699.706899999640882, 4718527.565500002354383 ], [ -478705.636599998921156, 4718519.407500000670552 ], [ -478715.265999998897314, 4718506.156400004401803 ], [ -478717.96860000025481, 4718502.430600000545382 ], [ -478727.588499999605119, 4718489.193300001323223 ], [ -478732.306199999526143, 4718482.690500000491738 ], [ -478739.24349999986589, 4718473.143900001421571 ], [ -478746.162900000810623, 4718463.617499999701977 ], [ -478750.126299999654293, 4718458.160000002011657 ], [ -478758.439899999648333, 4718446.708500001579523 ], [ -478758.48759999871254, 4718446.639500003308058 ], [ -478759.165400000289083, 4718445.651599999517202 ], [ -478768.131199998781085, 4718432.527100000530481 ], [ -478778.225999999791384, 4718417.743300000205636 ], [ -478807.40819999948144, 4718375.024400001391768 ], [ -478862.96239999961108, 4718293.70549999922514 ], [ -478874.912299999967217, 4718276.205099998041987 ], [ -478970.759799999184906, 4718135.902000004425645 ], [ -478991.798400000669062, 4718105.111500000581145 ], [ -479078.809099999256432, 4717977.736099999397993 ], [ -479141.384399999864399, 4717886.149500001221895 ], [ -479142.00719999987632, 4717885.229499999433756 ], [ -479178.083999999798834, 4717832.431099999696016 ], [ -479183.037399998866022, 4717825.173000002279878 ], [ -479211.865399998612702, 4717789.89780000038445 ], [ -479405.06279999949038, 4717553.455400001257658 ], [ -480180.24100000038743, 4716486.867600001394749 ], [ -480378.942999999038875, 4716221.623500002548099 ], [ -480840.692000000737607, 4715605.21000000461936 ], [ -481281.194999999366701, 4715004.816900001838803 ], [ -481283.634399998933077, 4715001.62810000218451 ], [ -481288.35429999884218, 4714995.190300004556775 ], [ -481290.573800000362098, 4714992.160100003704429 ], [ -481293.115000000223517, 4714988.841600000858307 ], [ -481297.119799999520183, 4714983.599200000986457 ], [ -481321.473500000312924, 4714951.727900002151728 ], [ -481353.818199998699129, 4714909.399299999698997 ], [ -481361.631799998693168, 4714899.174799997359514 ], [ -481381.654400000348687, 4714872.977300001308322 ], [ -481467.839699999429286, 4714760.19820000231266 ], [ -481476.436399999074638, 4714748.946699997410178 ], [ -481576.223600000143051, 4714618.364099999889731 ], [ -481613.870299999602139, 4714569.1009 ], [ -481620.454199998639524, 4714560.491700001060963 ], [ -481665.626300000585616, 4714501.386900000274181 ], [ -481744.341199999675155, 4714398.382400000467896 ], [ -481753.832899998873472, 4714385.96000000089407 ], [ -481787.393600000999868, 4714342.040300000458956 ], [ -481826.430499998852611, 4714290.961899999529123 ], [ -481899.161199999041855, 4714195.784100001677871 ], [ -481903.63260000012815, 4714189.932099999859929 ], [ -481981.546299998648465, 4714087.962400004267693 ], [ -482002.103499999269843, 4714061.071300001814961 ], [ -482026.230499999597669, 4714029.497300000861287 ], [ -482071.513599999248981, 4713970.236600002273917 ], [ -482163.56940000038594, 4713849.785599999129772 ], [ -482198.111700001172721, 4713804.590500000864267 ], [ -482214.536999999545515, 4713783.795299999415874 ], [ -482317.825000000186265, 4713653.086100000888109 ], [ -482385.833999998867512, 4713567.028600001707673 ], [ -482540.855499998666346, 4713370.852700004354119 ], [ -482573.263000001199543, 4713329.841700004413724 ], [ -482665.79590000025928, 4713212.758100001141429 ], [ -482710.76649999897927, 4713163.162900000810623 ], [ -482876.062399999238551, 4712980.892400000244379 ], [ -482937.360399999655783, 4712913.303600002080202 ], [ -483190.853700000792742, 4712633.798300001770258 ], [ -483204.022499999962747, 4712619.273499999195337 ], [ -483254.535999999381602, 4712563.569500003010035 ], [ -483448.551099999807775, 4712349.619200002402067 ], [ -483470.198799999430776, 4712325.754899999126792 ], [ -483606.153300000354648, 4712175.838200001046062 ], [ -483715.905299999751151, 4712054.83 ], [ -483756.60090000089258, 4712014.913900000974536 ], [ -483779.428100000135601, 4711992.525499999523163 ], [ -483881.740699999965727, 4711892.189400002360344 ], [ -483884.713600000366569, 4711889.278699999675155 ], [ -484101.392799999564886, 4711676.792899999767542 ], [ -484110.393799999728799, 4711667.966099997982383 ], [ -484285.396200000308454, 4711496.362500004470348 ], [ -484345.602599998936057, 4711434.3311 ], [ -484827.071599999442697, 4710938.324800001457334 ], [ -484842.945199999026954, 4710921.977900000289083 ], [ -484917.014200000092387, 4710847.308300003409386 ], [ -485052.979599999263883, 4710710.262000001966953 ], [ -485259.509899999015033, 4710553.305099999532104 ], [ -485291.890099999494851, 4710528.698700003325939 ], [ -485551.054299999028444, 4710387.903400000184774 ], [ -485804.276399998925626, 4710272.301000002771616 ], [ -485920.216799999587238, 4710234.74269999936223 ], [ -486017.7516999989748, 4710203.151799997314811 ], [ -486254.468499999493361, 4710170.461300000548363 ], [ -486530.125800000503659, 4710198.9814 ], [ -486623.207799999974668, 4710208.6108 ], [ -486752.264199999161065, 4710233.829800000414252 ], [ -486953.249400000087917, 4710273.110400002449751 ], [ -487199.255199999548495, 4710321.1996 ], [ -487202.403899999335408, 4710321.976500000804663 ], [ -487393.106899999082088, 4710369.303100002929568 ], [ -487645.32880000025034, 4710431.90540000423789 ], [ -487909.857599998824298, 4710499.709700001403689 ], [ -487919.460599998943508, 4710502.17 ], [ -488316.800699999555945, 4710604.039000002667308 ], [ -488578.42200000025332, 4710671.127399999648333 ], [ -488659.878499999642372, 4710692.016799999400973 ], [ -489141.774500001221895, 4710800.717100001871586 ], [ -489194.177400000393391, 4710808.838000001385808 ], [ -489594.367300000973046, 4710870.913200004026294 ], [ -489684.010599999688566, 4710884.824899999424815 ], [ -490012.640199999324977, 4710905.446100000292063 ], [ -490263.011699998751283, 4710910.2127 ], [ -490543.571899999864399, 4710935.848600003868341 ], [ -490594.273499999195337, 4710935.980200003832579 ], [ -490730.599399998784065, 4710936.354900002479553 ], [ -491009.133199999108911, 4710945.2324 ], [ -491763.269899998791516, 4710969.325300002470613 ], [ -491986.128600000403821, 4710950.823899999260902 ], [ -492005.335500000044703, 4710949.232600003480911 ], [ -492290.334399999119341, 4710917.198600001633167 ], [ -492498.747299998998642, 4710893.776100000366569 ], [ -492840.263499999418855, 4710823.848799999803305 ], [ -493269.710500000976026, 4710728.462799999862909 ], [ -493471.235299998894334, 4710683.71650000102818 ], [ -493911.663399999029934, 4710581.036299999803305 ], [ -493919.52280000038445, 4710579.206500001251698 ], [ -494720.310699999332428, 4710399.329700004309416 ], [ -494998.472299998626113, 4710336.87050000205636 ], [ -495095.458599998615682, 4710305.073600001633167 ], [ -495684.128999998793006, 4710112.101399999111891 ], [ -495764.870399999432266, 4710089.80320000089705 ], [ -496055.15819999948144, 4710009.634900001809001 ], [ -496442.970399999059737, 4709739.010000003501773 ], [ -496557.108799998648465, 4709667.379899999126792 ], [ -496861.623199999332428, 4709476.308499997481704 ], [ -496933.597599999047816, 4709430.03940000012517 ], [ -497664.463699999265373, 4708960.214700002223253 ], [ -497959.603800000622869, 4708775.058900002390146 ], [ -498029.806799999438226, 4708731.019800001755357 ], [ -498483.570800000801682, 4708446.402200000360608 ], [ -499050.919599998742342, 4708095.815400000661612 ], [ -499098.523000000044703, 4707735.4057 ], [ -499179.432799999602139, 4707348.929100001230836 ], [ -499307.396300000138581, 4706914.638000002130866 ], [ -499373.721900000236928, 4706547.413600001484156 ], [ -499479.425899999216199, 4706086.275499999523163 ], [ -499570.521999999880791, 4705611.224300000816584 ], [ -499627.945099999196827, 4705306.687300000339746 ], [ -499701.222699999809265, 4704940.439800001680851 ], [ -499775.813299999572337, 4704564.902200000360608 ], [ -499892.714100000448525, 4704041.3871 ], [ -499946.404099999926984, 4703662.886000001803041 ], [ -500000.296900001354516, 4703165.967800002545118 ], [ -500056.093100000172853, 4702906.19539999961853 ], [ -500128.792500000447035, 4702644.091299999505281 ], [ -500195.759300000034273, 4702288.790200000628829 ], [ -500229.881400001235306, 4701931.192299999296665 ], [ -500297.014299999922514, 4701424.307 ], [ -500328.4847999997437, 4701126.688700003549457 ], [ -500338.719399998895824, 4701029.882900001481175 ], [ -500335.353600000031292, 4700669.345500001683831 ], [ -500335.684799998998642, 4700366.181800000369549 ], [ -500345.291200000792742, 4700047.748100001364946 ], [ -500340.684000000357628, 4699942.182800002396107 ], [ -500331.347099998965859, 4699728.35500000230968 ], [ -500332.790400000289083, 4699534.311500001698732 ], [ -500342.332700000144541, 4699166.128700001165271 ], [ -500342.31529999896884, 4699148.696200001984835 ], [ -500341.965300000272691, 4698834.444500001147389 ], [ -500338.283299999311566, 4698509.390599999576807 ], [ -500325.035899998620152, 4698339.692099997773767 ], [ -500311.357600000686944, 4698164.470499999821186 ], [ -500308.63990000076592, 4697815.866699999198318 ], [ -500321.936300000175834, 4697554.812100004404783 ], [ -500325.152099999599159, 4697180.997200002893806 ], [ -500333.496600001119077, 4696938.195600001141429 ], [ -500376.511399999260902, 4696567.644899999722838 ], [ -500426.303199999965727, 4696316.503900002688169 ], [ -500523.07109999936074, 4695967.781099997460842 ], [ -500546.720499999821186, 4695865.259600000455976 ], [ -500553.764399999752641, 4695834.738299999386072 ], [ -500605.262499999254942, 4695354.060499997809529 ], [ -500615.395600001327693, 4695232.315999999642372 ], [ -500595.74280000012368, 4694886.051900001242757 ], [ -500610.365500001236796, 4694364.624099999666214 ], [ -500633.231699999421835, 4694138.226500000804663 ], [ -500645.75719999987632, 4694014.314100001007318 ], [ -500689.99959999974817, 4693584.715300003066659 ], [ -500696.020699999295175, 4693358.16920000128448 ], [ -500603.017699998803437, 4692994.42259999923408 ], [ -500583.568099999800324, 4692869.180299999192357 ], [ -500581.949899999424815, 4692858.786800000816584 ], [ -500584.591499999165535, 4692589.113900003954768 ], [ -500603.907399999909103, 4692385.766600001603365 ], [ -500636.55559999961406, 4692238.788200002163649 ], [ -500728.363799999468029, 4691924.88880000449717 ], [ -500756.033399999141693, 4691779.575300000607967 ], [ -500771.026600001379848, 4691573.239600002765656 ], [ -500766.956399998627603, 4691250.511000001803041 ], [ -500775.660399999469519, 4690804.042500000447035 ], [ -500776.805399999953806, 4690765.912200000137091 ], [ -500778.379899999126792, 4690713.224000001326203 ], [ -500783.919499998912215, 4690528.066700000315905 ], [ -500777.505099998787045, 4690188.424699997529387 ], [ -500784.988799999468029, 4689834.162000002339482 ], [ -500807.397400001063943, 4689474.912400001659989 ], [ -500833.196000001393259, 4689175.358200002461672 ], [ -500814.665000000037253, 4688970.173200001940131 ], [ -500808.272499999962747, 4688899.430100001394749 ], [ -500778.163799999281764, 4688710.402000002563 ], [ -500779.828599998727441, 4688663.771500002592802 ], [ -500782.959599998779595, 4688576.061000002548099 ], [ -500801.350399998947978, 4688446.011299999430776 ], [ -500867.506099999882281, 4688313.250499999150634 ], [ -500961.560000000521541, 4688173.486099999397993 ], [ -501027.871299998834729, 4688096.427899999544024 ], [ -501029.511199998669326, 4688093.051899999380112 ], [ -501029.661500001326203, 4688092.745900003239512 ], [ -501037.354099999181926, 4688083.8103 ], [ -501074.065199999138713, 4688008.471100000664592 ], [ -501081.905200000852346, 4687919.561400001868606 ], [ -501065.925399999134243, 4687881.775299998000264 ], [ -501032.407999998889863, 4687867.555000001564622 ], [ -500965.436099999584258, 4687888.87360000051558 ], [ -500909.416899998672307, 4687916.487200003117323 ], [ -500873.266600000672042, 4687920.850299999117851 ], [ -500836.110699999146163, 4687915.593299999833107 ], [ -500811.507199998944998, 4687871.843800002709031 ], [ -500784.817499999888241, 4687759.1085 ], [ -500756.483900001272559, 4687423.473400002345443 ], [ -500758.578499999828637, 4687257.954200003296137 ], [ -500809.151099999435246, 4686900.317099999636412 ], [ -500860.947499999776483, 4686701.563500000163913 ], [ -500936.650299999862909, 4686518.029699999839067 ], [ -500990.23549999948591, 4686386.843299999833107 ], [ -501027.215099998749793, 4686296.331000002101064 ], [ -501130.00690000038594, 4686038.458200000226498 ], [ -501213.601299999281764, 4685815.770500000566244 ], [ -501290.913900000974536, 4685604.041899997740984 ], [ -501328.141999999061227, 4685424.53800000436604 ], [ -501339.555200000293553, 4685293.501199999824166 ], [ -501381.980999998748302, 4685043.670299999415874 ], [ -501382.771900000050664, 4685038.085699999704957 ], [ -501428.60249999910593, 4684713.899600001052022 ], [ -501433.00829999987036, 4684548.703500000759959 ], [ -501504.789800000376999, 4684191.693600004538894 ], [ -501599.99409999884665, 4683970.646999999880791 ], [ -501626.074900000356138, 4683886.6842 ], [ -501641.121999999508262, 4683746.687500001862645 ], [ -501629.643400000408292, 4683610.046400001272559 ], [ -501572.016999999061227, 4683447.931900002062321 ], [ -501521.820899999700487, 4683296.442900003865361 ], [ -501470.718699999153614, 4683142.256799999624491 ], [ -501390.276899999938905, 4682806.365700002759695 ], [ -501295.898299999535084, 4682468.515000002458692 ], [ -501276.385099998675287, 4682402.735200002789497 ], [ -501218.881099998950958, 4682208.915300000458956 ], [ -501111.062199999578297, 4681982.863600002601743 ], [ -501037.20479999948293, 4681801.688200000673532 ], [ -501005.524400001391768, 4681723.967499999329448 ], [ -500910.17339999973774, 4681409.669799998402596 ], [ -500831.157999999821186, 4681147.428300004452467 ], [ -500718.250099998898804, 4680638.785700002685189 ], [ -500686.563000000081956, 4680525.89950000308454 ], [ -500672.559199999086559, 4680475.998700000345707 ], [ -500589.260199999436736, 4680026.023900000378489 ], [ -500532.199299999512732, 4679809.520099999383092 ], [ -500436.655499999411404, 4679189.072300000116229 ], [ -500427.797799999825656, 4679131.546999998390675 ], [ -500360.660499999299645, 4678944.41469999961555 ], [ -500211.060799999162555, 4678527.729900002479553 ], [ -500055.45060000102967, 4678086.503599999472499 ], [ -499943.549299999140203, 4677805.416700001806021 ], [ -499820.971499999053776, 4677411.13429999910295 ], [ -499801.835099998861551, 4677349.580900000408292 ], [ -499730.449499999172986, 4677100.27280000038445 ], [ -499550.4222999997437, 4676546.661800000816584 ], [ -499520.43959999922663, 4676450.725999999791384 ], [ -499504.737399999983609, 4676400.469800002872944 ], [ -499286.670199999585748, 4675713.593100002035499 ], [ -499238.163099999539554, 4675469.893300000578165 ], [ -499243.809600001201034, 4675278.832000000402331 ], [ -499242.275400000624359, 4675155.451000003144145 ], [ -499188.470800000242889, 4674915.740200001746416 ], [ -499028.29039999935776, 4674540.22380000166595 ], [ -498916.863500000908971, 4674356.330900002270937 ], [ -498818.028199998661876, 4674167.11150000244379 ], [ -498652.787600001320243, 4673743.515799999237061 ], [ -498606.668700000271201, 4673626.544600002467632 ], [ -498527.195700000040233, 4673424.998500004410744 ], [ -498474.988099999725819, 4673157.096300000324845 ], [ -498452.491399999707937, 4673055.2949 ], [ -498421.498200000263751, 4672915.06560000218451 ], [ -498329.773100000806153, 4672625.018899999558926 ], [ -498271.400800000876188, 4672434.410900000482798 ], [ -498154.48759999871254, 4672155.013100003823638 ], [ -498044.340499999001622, 4671760.522200001403689 ], [ -497957.463500000536442, 4671402.476500000804663 ], [ -497886.06940000038594, 4670985.03010000102222 ], [ -497885.567200000397861, 4670887.855400001630187 ], [ -497846.409300000406802, 4670695.2281 ], [ -497866.293300000019372, 4670319.081900004297495 ], [ -497920.103799999691546, 4670149.015900000929832 ], [ -497960.276899999938905, 4670022.063100002706051 ], [ -498083.768300000578165, 4669717.3662 ], [ -498199.722299999557436, 4669466.078500002622604 ], [ -498272.364000000059605, 4669286.847600001841784 ], [ -498309.988199999555945, 4669187.933199999853969 ], [ -498290.345700001344085, 4669031.795900002121925 ], [ -498285.417599999345839, 4668992.625199999660254 ], [ -498282.788999998942018, 4668826.467900002375245 ], [ -498279.879200000315905, 4668511.046200001612306 ], [ -498332.550699999555945, 4668120.57740000076592 ], [ -498375.335600000806153, 4667766.6031 ], [ -498421.318899999372661, 4667524.390600003302097 ], [ -498453.093499999493361, 4667315.707599999383092 ], [ -498498.218699999153614, 4667146.801400000229478 ], [ -498545.357999999076128, 4667066.218000000342727 ], [ -498548.138899999670684, 4667061.472200000658631 ], [ -498638.812899999320507, 4666955.824400000274181 ], [ -498781.241499998606741, 4666852.735400002449751 ], [ -498939.234699998982251, 4666739.994200002402067 ], [ -499002.378799999132752, 4666666.546899998560548 ], [ -499010.055600000545382, 4666657.60359999909997 ], [ -499072.510400000028312, 4666533.773499999195337 ], [ -499160.220200001262128, 4666264.2774 ], [ -499168.395499999634922, 4666143.584300000220537 ], [ -499172.031299998983741, 4666089.997800001874566 ], [ -499182.157200000248849, 4665940.522800002247095 ], [ -499156.974099999293685, 4665783.023800000548363 ], [ -499157.834699999541044, 4665541.5592 ], [ -499146.126400000415742, 4665396.43470000103116 ], [ -499135.410699998959899, 4665263.654200000688434 ], [ -499122.134099999442697, 4664920.727200001478195 ], [ -499135.84599999897182, 4664806.600300000980496 ], [ -499212.485999999567866, 4664649.231500001624227 ], [ -499294.073300000280142, 4664473.61879999935627 ], [ -499328.025299999862909, 4664367.082900004461408 ], [ -499322.301199999637902, 4664155.47859999909997 ], [ -499301.724899998866022, 4663982.052899999544024 ], [ -499227.641099998727441, 4663751.350100001320243 ], [ -499226.701499999500811, 4663749.362700002267957 ], [ -499129.053999998606741, 4663543.249700002372265 ], [ -498997.98439999949187, 4663347.159000001847744 ], [ -498887.974799999967217, 4663068.766299998387694 ], [ -498794.253800000064075, 4662809.248100001364946 ], [ -498761.017699999734759, 4662607.992300001904368 ], [ -498658.364399999380112, 4662361.431900000199676 ], [ -498573.470000000670552, 4662039.216600000858307 ], [ -498558.582500000484288, 4661892.642800001427531 ], [ -498580.45579999871552, 4661720.457499999552965 ], [ -498625.225200000219047, 4661553.868800001218915 ], [ -498723.050099999643862, 4661380.539100000634789 ], [ -498867.363499999977648, 4661160.562999999150634 ], [ -498873.828599998727441, 4661150.707599999383092 ], [ -499004.598499999381602, 4661033.316000001505017 ], [ -499017.510499999858439, 4661021.721600001677871 ], [ -499116.948699998669326, 4660940.738400001078844 ], [ -499118.014399998821318, 4660939.864400003105402 ], [ -499119.165799998678267, 4660938.925899997353554 ], [ -499196.874499998986721, 4660824.340399999171495 ], [ -499275.499099998734891, 4660669.617800001055002 ], [ -499290.263099999167025, 4660630.722000000998378 ], [ -499339.498099999502301, 4660500.991999998688698 ], [ -499396.598699999041855, 4660364.555400002747774 ], [ -499446.729500000365078, 4660227.138300003483891 ], [ -499468.540699999779463, 4660113.622100001201034 ], [ -499491.030500000342727, 4659996.524599999189377 ], [ -499515.771099998615682, 4659770.264600001275539 ], [ -499521.550100000575185, 4659358.970799999311566 ], [ -499509.058799998834729, 4659094.310900000855327 ], [ -499487.021300000138581, 4658863.840500002726912 ], [ -499483.98619999922812, 4658683.416100000962615 ], [ -499500.002599999308586, 4658569.61290000192821 ], [ -499553.500600000843406, 4658458.716800002381206 ], [ -499567.326699999161065, 4658433.73589999973774 ], [ -499606.893599999137223, 4658362.253500001505017 ], [ -499610.662800000049174, 4658355.44649999961257 ], [ -499694.096400001086295, 4658271.6524 ], [ -499707.548700000159442, 4658258.149100001901388 ], [ -499718.109900000505149, 4658247.541400004178286 ], [ -499718.234199998900294, 4658247.421299999579787 ], [ -499790.995799998752773, 4658151.080199999734759 ], [ -499837.308400001376867, 4658083.039300002157688 ], [ -499892.509899999946356, 4658001.939099999144673 ], [ -499935.192800001241267, 4657891.197699999436736 ], [ -499941.003599999472499, 4657876.12529999949038 ], [ -499990.474799999035895, 4657743.346799999475479 ], [ -499998.389700001105666, 4657652.768400000408292 ], [ -500002.13359999936074, 4657609.986000001430511 ], [ -500009.431799999438226, 4657457.058700000867248 ], [ -499991.408100000582635, 4657248.472000000998378 ], [ -499984.265199999324977, 4657192.941900003701448 ], [ -499975.678700000979006, 4657126.257200002670288 ], [ -499969.883099999278784, 4657081.194400001317263 ], [ -499956.329400001093745, 4656975.897500002756715 ], [ -499899.404500000178814, 4656723.937800001353025 ], [ -499818.703499999828637, 4656523.111999999731779 ], [ -499800.093299999833107, 4656454.230900000780821 ], [ -499796.182500000111759, 4656439.764699999243021 ], [ -499754.842699999921024, 4656286.76410000026226 ], [ -499746.584400000050664, 4656251.472100000828505 ], [ -499691.237399999052286, 4656014.920399999246001 ], [ -499558.315599999390543, 4655595.955700000748038 ], [ -499517.956099999137223, 4655460.051000000908971 ], [ -499488.075400001369417, 4655359.429600002244115 ], [ -499465.096499999053776, 4655282.056499999016523 ], [ -499403.912100000306964, 4655060.300000000745058 ], [ -499347.501199998892844, 4654857.072800001129508 ], [ -499330.025999998673797, 4654794.12020000256598 ], [ -499239.667799999006093, 4654577.7347999997437 ], [ -499130.362499999813735, 4654344.468000000342727 ], [ -499015.471099998801947, 4654134.109100002795458 ], [ -498915.853000000119209, 4653933.003699999302626 ], [ -498760.387900001369417, 4653674.30630000308156 ], [ -498654.492400000803173, 4653484.163300001993775 ], [ -498542.31529999896884, 4653304.976600002497435 ], [ -498472.439600001089275, 4653206.33360000140965 ], [ -498411.888500000350177, 4653120.853000001981854 ], [ -498311.070600001141429, 4652978.792199999094009 ], [ -498193.774400000460446, 4652734.947799999266863 ], [ -498172.160899999551475, 4652691.678700001910329 ], [ -498038.522900000214577, 4652424.192399999126792 ], [ -497862.650499999523163, 4652091.590000003576279 ], [ -497821.701399999670684, 4652019.170100001618266 ], [ -497669.174300000071526, 4651749.415100002661347 ], [ -497524.042299999855459, 4651518.245100002735853 ], [ -497405.977299999445677, 4651229.302200002595782 ], [ -497252.994300000369549, 4650902.30010000243783 ], [ -497116.320099999196827, 4650639.682199999690056 ], [ -497090.760899999178946, 4650590.575300002470613 ], [ -497078.199099998921156, 4650567.486099999397993 ], [ -496934.546600000932813, 4650303.379899999126792 ], [ -496858.219200000166893, 4650138.722800003364682 ], [ -496817.815599999390543, 4650021.742100002244115 ], [ -496732.715099998749793, 4649649.817100001499057 ], [ -496725.497499998658895, 4649397.774399999529123 ], [ -496712.802099999040365, 4649218.372899999842048 ], [ -496586.335999999195337, 4648888.007200004532933 ], [ -496392.277399999089539, 4648448.684800002723932 ], [ -496206.725599999539554, 4648100.550800001248717 ], [ -496134.904699998907745, 4648021.785800000652671 ], [ -496071.770400000736117, 4647978.8915 ], [ -495866.829299999400973, 4647839.680300002917647 ], [ -495549.585199999623001, 4647619.883899999782443 ], [ -495163.519199999980628, 4647468.571500001475215 ], [ -495150.3277000002563, 4647464.150800000876188 ], [ -494871.771099999547005, 4647370.765500001609325 ], [ -494606.660899998620152, 4647319.330200001597404 ], [ -494224.222300000488758, 4647294.03800000064075 ], [ -493976.955799999646842, 4647351.669199999421835 ], [ -493632.761500000953674, 4647509.345700001344085 ], [ -493171.062399999238551, 4647761.821800000965595 ], [ -492759.153799999505281, 4648030.750800000503659 ], [ -492538.6546, 4648184.484000001102686 ], [ -492329.440499999560416, 4648342.160500001162291 ], [ -492204.721099999733269, 4648471.4561 ], [ -492200.308299998752773, 4648478.75110000371933 ], [ -492102.978400001302361, 4648639.496300002560019 ], [ -492029.211199999786913, 4648861.194599999114871 ], [ -491977.535799998790026, 4649026.796 ], [ -491893.31180000025779, 4649171.246300004422665 ], [ -491889.108599999919534, 4649174.654600001871586 ], [ -491716.887199998833239, 4649314.586400000378489 ], [ -491565.205899999476969, 4649399.828800002112985 ], [ -491445.226000000722706, 4649427.963800003752112 ], [ -491362.324300000444055, 4649428.157800002023578 ], [ -491210.949099999852479, 4649359.533399999141693 ], [ -491129.961199998855591, 4649316.253100000321865 ], [ -490922.415299999527633, 4649205.342200001701713 ], [ -490779.35179999936372, 4649144.99100000038743 ], [ -490599.900099999271333, 4649124.521200001239777 ], [ -490477.814000000245869, 4649100.266500001773238 ], [ -490372.881999999284744, 4649038.165300000458956 ], [ -490209.988499999046326, 4648866.110200002789497 ], [ -490115.127199999056756, 4648715.452000001445413 ], [ -490072.368700001388788, 4648581.588500000536442 ], [ -490061.309599999338388, 4648390.605100000277162 ], [ -490023.275000001303852, 4648290.554300000891089 ], [ -489848.328800001181662, 4648069.454800000414252 ], [ -489555.975399999879301, 4647841.334900001063943 ], [ -489369.905200000852346, 4647682.609899999573827 ], [ -489280.051699999719858, 4647546.869600001722574 ], [ -489256.882900000549853, 4647425.230200000107288 ], [ -489255.340000000782311, 4647335.034600000828505 ], [ -489267.083599999547005, 4647251.447200000286102 ], [ -489312.678700000047684, 4647044.746200002729893 ], [ -489362.523400000296533, 4646807.867899999022484 ], [ -489437.049600000493228, 4646496.316900001838803 ], [ -489502.611299999058247, 4646181.140700001269579 ], [ -489500.576799999922514, 4646026.95130000449717 ], [ -489469.956899998709559, 4645840.33110000193119 ], [ -489443.237300001084805, 4645760.816099999472499 ], [ -489403.352500000037253, 4645724.432099999859929 ], [ -489349.62459999974817, 4645719.261200001463294 ], [ -489306.644100001081824, 4645772.420900002121925 ], [ -489305.909499999135733, 4645774.124399999156594 ], [ -489257.50829999987036, 4645886.276700001209974 ], [ -489222.4671, 4646068.404900001361966 ], [ -489196.271499998867512, 4646204.424500001594424 ], [ -489172.55629999935627, 4646272.128100000321865 ], [ -489148.764799999073148, 4646306.674000000581145 ], [ -489147.879800000227988, 4646306.689400002360344 ], [ -489103.670700000599027, 4646307.4463 ], [ -489056.172899999655783, 4646274.732599999755621 ], [ -489028.839700000360608, 4646216.432 ], [ -489031.700699999928474, 4646027.421700000762939 ], [ -489089.678599999286234, 4645867.447000000625849 ], [ -489193.767300000414252, 4645716.319499999284744 ], [ -489260.782599999569356, 4645593.137599999085069 ], [ -489279.445200000889599, 4645493.942099999636412 ], [ -489253.216099998913705, 4645343.457699999213219 ], [ -489172.267099999822676, 4645329.73110000230372 ], [ -489085.744500000029802, 4645338.893500003963709 ], [ -488933.388399999588728, 4645412.213500002399087 ], [ -488887.684199999086559, 4645434.207000000402331 ], [ -488821.320899999700487, 4645417.78770000115037 ], [ -488769.139600000344217, 4645367.845700001344085 ], [ -488778.431800001300871, 4645285.015600003302097 ], [ -488778.551000000908971, 4645283.9307000041008 ], [ -488867.160499999299645, 4645175.616900000721216 ], [ -488958.931399999186397, 4645070.667899999767542 ], [ -488963.053499999456108, 4645065.951900003477931 ], [ -489014.411899998784065, 4644991.377000002190471 ], [ -489022.527900000102818, 4644979.594099998474121 ], [ -489053.899999999441206, 4644924.807199999690056 ], [ -489045.795999999158084, 4644864.473999999463558 ], [ -489040.456300000660121, 4644855.826900001615286 ], [ -488980.208499998785555, 4644758.189300000667572 ], [ -488934.222999999299645, 4644664.128200000151992 ], [ -488930.75660000089556, 4644604.449700001627207 ], [ -488955.131599999032915, 4644552.395300000905991 ], [ -488957.808499999344349, 4644546.691199999302626 ], [ -488990.888399999588728, 4644513.448300002142787 ], [ -489048.285799999721348, 4644526.242200000211596 ], [ -489075.75650000013411, 4644548.059800002723932 ], [ -489084.496399998664856, 4644554.996800001710653 ], [ -489144.052000001072884, 4644636.760700000450015 ], [ -489223.409799998626113, 4644678.675599999725819 ], [ -489337.466999999247491, 4644675.747900003567338 ], [ -489505.304599999450147, 4644559.609400002285838 ], [ -489560.560200001113117, 4644530.067600002512336 ], [ -489573.329300000332296, 4644523.241599999368191 ], [ -489600.020800000056624, 4644508.968700001016259 ], [ -489742.891200000420213, 4644486.404799999669194 ], [ -489861.375, 4644518.604800002649426 ], [ -489923.069999999366701, 4644535.373700000345707 ], [ -489942.074200000613928, 4644539.607799999415874 ], [ -490095.267799998633564, 4644573.75 ], [ -490211.283800000324845, 4644556.883400002494454 ], [ -490345.069999999366701, 4644480.952300000935793 ], [ -490405.358799998648465, 4644456.264799999073148 ], [ -490475.025399998761714, 4644466.0471 ], [ -490541.777200000360608, 4644492.181400001049042 ], [ -490569.292800000868738, 4644502.950000001117587 ], [ -490658.059799999929965, 4644595.92030000127852 ], [ -490745.477299999445677, 4644681.59010000154376 ], [ -490832.82050000037998, 4644734.101700000464916 ], [ -490947.5793999992311, 4644743.107100004330277 ], [ -491102.101800001226366, 4644738.752800000831485 ], [ -491216.784499999135733, 4644714.594499999657273 ], [ -491326.858599998988211, 4644706.370500000193715 ], [ -491329.465800000354648, 4644706.731500003486872 ], [ -491431.35219999961555, 4644721.038599999621511 ], [ -491499.46610000077635, 4644775.586899999529123 ], [ -491514.466799998655915, 4644796.752600003033876 ], [ -491564.691099999472499, 4644867.621300000697374 ], [ -491609.745699999853969, 4644985.229900004342198 ], [ -491721.646899999119341, 4645080.892000000923872 ], [ -491732.364799999631941, 4645090.057800000533462 ], [ -491883.4222999997437, 4645160.989400003105402 ], [ -492097.956899999640882, 4645150.851499998942018 ], [ -492315.101499998942018, 4645122.130500001832843 ], [ -492565.571000000461936, 4645024.686699999496341 ], [ -492735.766900000162423, 4644921.891699999570847 ], [ -492759.621900000609457, 4644907.487400004640222 ], [ -492938.02489999961108, 4644766.771099999547005 ], [ -493083.430300001055002, 4644692.459099998697639 ], [ -493228.91609999909997, 4644651.313200000673532 ], [ -493453.683399999514222, 4644618.926899999380112 ], [ -493692.666499999351799, 4644569.596100002527237 ], [ -493938.418700001202524, 4644573.305200003087521 ], [ -494260.523199999704957, 4644606.677600003778934 ], [ -494353.486699999310076, 4644620.406000001356006 ], [ -494449.402200000360608, 4644634.561000002548099 ], [ -494585.314199999906123, 4644654.63260000012815 ], [ -494593.768499999307096, 4644655.592700000852346 ], [ -494673.885999999009073, 4644664.702100001275539 ], [ -494913.611600000411272, 4644778.86259999871254 ], [ -495107.752799999900162, 4644829.794399999082088 ], [ -495403.661799999885261, 4644864.2248 ], [ -495767.496299998834729, 4644870.303400000557303 ], [ -496160.631699999794364, 4644920.752100002020597 ], [ -496443.962799998931587, 4644960.523800000548363 ], [ -496530.830299998633564, 4644949.036000004038215 ], [ -496741.068199998699129, 4644800.936799999326468 ], [ -496906.619699999690056, 4644684.4527000002563 ], [ -497097.34150000102818, 4644557.29109999909997 ], [ -497289.132200000807643, 4644456.323300004005432 ], [ -497444.846599998883903, 4644390.024200001731515 ], [ -497523.375399999320507, 4644356.585899999365211 ], [ -497743.517799999564886, 4644323.543400002643466 ], [ -497995.851599998772144, 4644297.380200002342463 ], [ -498439.453799999319017, 4644224.651700001209974 ], [ -498810.85010000038892, 4644193.894200000911951 ], [ -499223.045300000347197, 4644159.383800001814961 ], [ -499504.194099999032915, 4644113.584700001403689 ], [ -499840.932500000111759, 4644009.267400002107024 ], [ -500018.509100000374019, 4643925.245799999684095 ], [ -500183.69749999884516, 4643794.488099999725819 ], [ -500225.722799999639392, 4643743.053700001910329 ], [ -500271.78800000064075, 4643686.686200002208352 ], [ -500280.918999999761581, 4643675.505300000309944 ], [ -500330.306700000539422, 4643526.122099997475743 ], [ -500394.351900001056492, 4643272.223200004547834 ], [ -500396.302600000053644, 4642988.28969999961555 ], [ -500394.666500000283122, 4642981.292899999767542 ], [ -500354.278899999335408, 4642809.214000001549721 ], [ -500339.981900000013411, 4642748.284000003710389 ], [ -500258.400299999862909, 4642485.795800000429153 ], [ -500084.182099998928607, 4642056.363600000739098 ], [ -499935.884700000286102, 4641779.776000000536442 ], [ -499881.354399999603629, 4641684.520200002938509 ], [ -499817.953499998897314, 4641573.76830000244081 ], [ -499773.174799999222159, 4641476.633199999108911 ], [ -499703.56180000025779, 4641325.622600000351667 ], [ -499650.824099999852479, 4641195.075300002470613 ], [ -499618.581399999558926, 4641036.607100000604987 ], [ -499608.777600000612438, 4640701.302300002425909 ], [ -499619.753700001165271, 4640454.175300003960729 ], [ -499687.599499998614192, 4640004.237999999895692 ], [ -499740.986400000751019, 4639738.742200002074242 ], [ -499765.874599998816848, 4639614.972300002351403 ], [ -499843.314799998886883, 4639381.944399999454618 ], [ -499884.69099999871105, 4639257.44060000218451 ], [ -499978.950799998827279, 4639024.354599999263883 ], [ -500099.110600000247359, 4638674.117200000211596 ], [ -500244.491799999959767, 4638329.774700000882149 ], [ -500441.968000000342727, 4637867.2193 ], [ -500623.772499999031425, 4637499.562000002712011 ], [ -500819.782299999147654, 4637114.945500001311302 ], [ -501008.745299999602139, 4636837.937100002542138 ], [ -501056.401499998755753, 4636768.07630000077188 ], [ -501197.689600000157952, 4636560.975700000301003 ], [ -501237.101800000295043, 4636503.196800000965595 ], [ -501383.808600000105798, 4636280.74239999987185 ], [ -501465.0262999990955, 4636157.604000002145767 ], [ -501495.974199999123812, 4636110.673100002110004 ], [ -501498.753999999724329, 4636106.462500000372529 ], [ -501721.279199998825788, 4635833.127699999138713 ], [ -501779.121600000187755, 4635762.07149999961257 ], [ -501913.47649999987334, 4635647.624500000849366 ], [ -502013.102199998684227, 4635562.759700002148747 ], [ -502272.680800001136959, 4635383.6108 ], [ -502424.173100000247359, 4635290.645600000396371 ], [ -502524.035400000400841, 4635229.359000001102686 ], [ -502631.134799999184906, 4635183.930299999192357 ], [ -502838.797899998724461, 4635095.833800002932549 ], [ -502989.930499999783933, 4635058.019600002095103 ], [ -503018.642199999652803, 4635050.837300000712276 ], [ -503057.24870000127703, 4635041.18099999986589 ], [ -503378.943099999800324, 4635074.429700000211596 ], [ -503379.435799999162555, 4635074.483200002461672 ], [ -503521.280999999493361, 4635104.027200002223253 ], [ -503726.930800000205636, 4635146.8597999997437 ], [ -503798.56599999871105, 4635164.958100004121661 ], [ -503937.383399999700487, 4635200.036499999463558 ], [ -504126.841199998743832, 4635288.345700001344085 ], [ -504384.729000000283122, 4635408.568200003355742 ], [ -504504.785299999639392, 4635464.538800001144409 ], [ -504562.128499999642372, 4635491.27930000051856 ], [ -504680.022499999031425, 4635541.408400001004338 ], [ -505060.614899999462068, 4635703.248299999162555 ], [ -505062.968799998983741, 4635704.29839999973774 ], [ -505135.845900000073016, 4635736.759700000286102 ], [ -505611.272900001145899, 4635948.588200002908707 ], [ -505904.919199999421835, 4636131.857400001958013 ], [ -506007.687699998728931, 4636196.005999999120831 ], [ -506231.243899999186397, 4636307.875800000503659 ], [ -506445.053999999538064, 4636370.997099999338388 ], [ -506541.728700000792742, 4636402.333599999547005 ], [ -506728.267799999564886, 4636462.806500002741814 ], [ -506999.264999998733401, 4636574.218500003218651 ], [ -507092.263599999248981, 4636609.915600003674626 ], [ -507990.531200000084937, 4636954.772700000554323 ], [ -508582.668700000271201, 4637182.085699999704957 ], [ -508981.819399999454618, 4637335.346500001847744 ], [ -509907.094999998807907, 4637676.397399999201298 ], [ -509977.408400001004338, 4637702.32120000012219 ], [ -510975.340099999681115, 4638069.643500000238419 ], [ -511008.212100000120699, 4638081.304199999198318 ], [ -511979.569600000977516, 4638426.019800001755357 ], [ -512555.067999999038875, 4638629.659700002521276 ], [ -512988.47099999897182, 4638783.060100002214313 ], [ -513037.594000000506639, 4638800.828200001269579 ], [ -513907.747799999080598, 4639115.534099999815226 ], [ -513994.085199998691678, 4639146.764400001615286 ], [ -514998.38090000115335, 4639503.195500001311302 ], [ -515234.480899998918176, 4639586.860400000587106 ], [ -515744.640899999067187, 4639767.664500003680587 ], [ -516005.017000000923872, 4639859.962800001725554 ], [ -517007.033800000324845, 4640216.103600000962615 ], [ -517269.28929999936372, 4640312.269899999722838 ], [ -517721.567000000737607, 4640478.145500002428889 ], [ -518000.789499999955297, 4640580.575600003823638 ], [ -518994.573599999770522, 4640945.061200002208352 ], [ -519391.169900000095367, 4641079.451300002634525 ], [ -519996.607699999585748, 4641284.66020000167191 ], [ -520749.614499999210238, 4641539.502699999138713 ], [ -521000.987099998630583, 4641624.596799999475479 ], [ -521996.140499998815358, 4641979.846400002017617 ], [ -522647.817699998617172, 4642226.718200001865625 ], [ -522929.908300000242889, 4642333.607599999755621 ], [ -523078.72510000038892, 4642387.656200001016259 ], [ -523799.921600000932813, 4642533.878500001505017 ], [ -524126.303199999965727, 4642589.151300001889467 ], [ -524508.636599999852479, 4642681.936900001019239 ], [ -524589.228500000201166, 4642701.500499999150634 ], [ -524926.296700000762939, 4642781.97380000166595 ], [ -525671.171299998648465, 4642935.693900002166629 ], [ -525859.062400000169873, 4642974.477800000458956 ], [ -526383.417200000025332, 4643088.34400000423193 ], [ -526889.177400000393391, 4643199.610100002959371 ], [ -527806.084800001233816, 4643404.116900004446507 ], [ -527955.269299998879433, 4643436.465399999171495 ], [ -528548.978000001050532, 4643565.250800002366304 ], [ -529165.065799999050796, 4643705.156600002199411 ], [ -529559.581200000829995, 4643794.774900002405047 ], [ -530578.169200000353158, 4644018.314400000497699 ], [ -530799.18680000025779, 4644064.762599999085069 ], [ -531595.751699999906123, 4644232.238300001248717 ], [ -532619.362300000153482, 4644454.127400001510978 ], [ -533016.415000000968575, 4644542.045500002801418 ], [ -533642.337199999950826, 4644680.67650000192225 ], [ -534428.603199999779463, 4644854.943300001323223 ], [ -534663.013000000268221, 4644906.912500001490116 ], [ -535683.714199999347329, 4645133.16270000115037 ], [ -536573.977800000458956, 4645330.489800000563264 ], [ -536704.442099999636412, 4645359.419700000435114 ], [ -537725.19539999961853, 4645585.691000003367662 ], [ -538237.151799999177456, 4645697.955700002610683 ], [ -538746.297199999913573, 4645809.644900003448129 ], [ -539767.425300000235438, 4646033.613300003111362 ], [ -540572.529399999417365, 4646208.301400000229478 ], [ -540788.89570000115782, 4646255.263400003314018 ], [ -541571.915700000710785, 4646439.899299999698997 ], [ -541807.786999999545515, 4646495.532200001180172 ], [ -542828.332499999552965, 4646724.182300001382828 ], [ -543419.11849999986589, 4646836.009000001475215 ], [ -543846.827600000426173, 4646916.991699999198318 ], [ -544643.66679999884218, 4647078.718200003728271 ], [ -544870.359699998982251, 4647124.740499999374151 ], [ -545759.793299999088049, 4647290.756599998101592 ], [ -545896.201699999161065, 4647316.221799999475479 ], [ -546921.740699999965727, 4647510.039700001478195 ], [ -547682.66469999961555, 4647714.120899999514222 ], [ -547928.573599999770522, 4647786.597599998116493 ], [ -548490.865399998612702, 4647911.36120000295341 ], [ -548947.270299999974668, 4648012.666500002145767 ], [ -548989.908599999733269, 4648022.222200004383922 ], [ -549967.985600000247359, 4648241.397900000214577 ], [ -550303.226400000974536, 4648313.358800003305078 ], [ -550990.030899998731911, 4648460.840500000864267 ], [ -551620.044799999333918, 4648596.09600000269711 ], [ -552012.098400000482798, 4648680.289300000295043 ], [ -553034.194399999454618, 4648899.752800000831485 ], [ -553528.724599999375641, 4649005.92200000025332 ], [ -554056.311600000597537, 4649119.230100000277162 ], [ -554195.332899998873472, 4649150.054400002583861 ], [ -555077.475899999029934, 4649345.6941 ], [ -555402.697100000455976, 4649417.8004 ], [ -556098.666800000704825, 4649572.172800004482269 ], [ -557119.878200000151992, 4649798.657800002023578 ], [ -558140.459800000302494, 4650029.805500000715256 ], [ -558934.672299998812377, 4650209.676000000908971 ], [ -559161.066999998874962, 4650260.968100002035499 ], [ -559167.452100000344217, 4650262.3509 ], [ -560183.002600000239909, 4650482.832700002938509 ], [ -560232.108099999837577, 4650493.4956 ], [ -561204.966699999757111, 4650704.712300000712276 ], [ -562226.95170000102371, 4650926.605800000950694 ], [ -562756.812500000931323, 4651041.631499998271465 ], [ -563248.966299999505281, 4651148.506800001487136 ], [ -564196.11739999987185, 4651354.158299997448921 ], [ -564271.002100001089275, 4651370.421900002285838 ], [ -565293.058899999596179, 4651592.3509 ], [ -566313.179800000041723, 4651828.248900003731251 ], [ -566512.581299999728799, 4651874.346400000154972 ], [ -567333.326500001363456, 4652064.1546 ], [ -567852.152200001291931, 4652171.93300000205636 ], [ -568356.773199998773634, 4652276.807800004258752 ], [ -569378.271999999880791, 4652503.4364 ], [ -570219.902999999932945, 4652690.149600002914667 ], [ -570399.799599999561906, 4652730.072799999266863 ], [ -571230.107300001196563, 4652914.27419999986887 ], [ -571421.355899998918176, 4652956.716900000348687 ], [ -572442.932499999180436, 4653183.375099999830127 ], [ -573464.529199998825788, 4653410.047499999403954 ], [ -573773.146200000308454, 4653478.508500000461936 ], [ -574486.153899999335408, 4653636.735300000756979 ], [ -574908.419400000013411, 4653730.41270000115037 ], [ -575507.800000000745058, 4653863.429700003936887 ], [ -576529.148299999535084, 4654092.456900000572205 ], [ -577498.739799999631941, 4654309.890100002288818 ], [ -577550.515299999155104, 4654321.505899999290705 ], [ -578571.910799998790026, 4654550.56279999949038 ], [ -579235.09360000025481, 4654699.268800003454089 ], [ -579593.327299999073148, 4654779.626600002869964 ], [ -580618.371899998746812, 4654983.107600001618266 ], [ -580932.444199998863041, 4655045.441099999472499 ], [ -581643.436700000427663, 4655186.602100001648068 ], [ -582667.549599998630583, 4655397.086700001731515 ], [ -582923.416999999433756, 4655456.267300000414252 ], [ -583688.083899999037385, 4655633.185000002384186 ], [ -584448.829900000244379, 4655809.165899999439716 ], [ -584708.637400000356138, 4655869.290300000458956 ], [ -585730.200699999928474, 4656098.42790000140667 ], [ -586047.547099999152124, 4656169.592700002714992 ], [ -586751.791999999433756, 4656327.581300001591444 ], [ -587516.327100001275539, 4656494.4682 ], [ -587597.764700000174344, 4656526.619400002062321 ], [ -589182.801700000651181, 4657152.679700003936887 ], [ -589097.081100000068545, 4657715.033900002017617 ], [ -589036.348000000230968, 4658113.436499999836087 ], [ -589024.370899999514222, 4658191.971899997442961 ], [ -589017.686999999918044, 4658235.798400001600385 ], [ -588974.92020000051707, 4658516.213899999856949 ], [ -588875.662799999117851, 4659167.026700003072619 ], [ -588816.085799999535084, 4659557.646199999377131 ], [ -588635.434100001119077, 4660741.879900000989437 ], [ -588411.403400000184774, 4662210.156700002029538 ], [ -588226.063599999062717, 4663424.543199999257922 ], [ -588211.232699998654425, 4663521.698799999430776 ], [ -588193.035799999721348, 4663640.903100002557039 ], [ -587794.084699998609722, 4666253.9616 ], [ -587550.222099998965859, 4667850.617900002747774 ], [ -587507.264000000432134, 4668131.806199999526143 ], [ -587406.079699999652803, 4668794.11849999986589 ], [ -586764.268099999986589, 4672993.42989999987185 ], [ -586177.176200000569224, 4676831.962700001895428 ], [ -586090.580900000408292, 4677397.918700000271201 ], [ -586087.991699999198318, 4677414.838900001719594 ], [ -584773.593399999663234, 4685998.29250000230968 ], [ -583518.275100001133978, 4694183.786399999633431 ], [ -583358.086799998767674, 4695227.479700000956655 ], [ -582721.108799998648465, 4699375.762300001457334 ], [ -581837.724399998784065, 4705123.692900000140071 ], [ -580761.825299998745322, 4712116.427500002086163 ], [ -579811.243099998682737, 4718287.620700001716614 ], [ -578798.337500000372529, 4724856.009400000795722 ], [ -578033.865399999544024, 4729808.433500001206994 ], [ -577643.994100000709295, 4732332.483700003474951 ], [ -577279.386800001375377, 4734691.936499999836087 ], [ -576858.935399999842048, 4737411.585899997502565 ], [ -576776.415300000458956, 4737945.20920000039041 ], [ -576543.940699999220669, 4739448.268899999558926 ], [ -576468.575699998997152, 4739935.457100002095103 ], [ -576299.791699999012053, 4741026.379700001329184 ], [ -576013.322100001387298, 4742877.461300002411008 ], [ -575859.605999999679625, 4743870.503700001165271 ], [ -575403.425200000405312, 4746816.48619999922812 ], [ -574775.164200001396239, 4750871.3443 ], [ -574033.536599999293685, 4755654.150000000372529 ], [ -573299.016099998727441, 4760387.279899999499321 ], [ -572520.220900000073016, 4765401.461799999698997 ], [ -571894.276700000278652, 4769428.4287 ], [ -571859.137799998745322, 4769654.38740000128746 ], [ -571092.021499998867512, 4774585.540800001472235 ], [ -570447.969800000078976, 4778722.410400001332164 ], [ -569677.128300000913441, 4783669.788800001144409 ], [ -568856.595999999903142, 4788931.506500001996756 ], [ -568322.104399999603629, 4792356.397200001403689 ], [ -567606.379499998874962, 4796939.495599998161197 ], [ -566781.488499999046326, 4802217.171200001612306 ], [ -566109.147099998779595, 4806515.314099999144673 ], [ -566072.365399999544024, 4806750.340299999341369 ], [ -565995.275000000372529, 4807242.947100002318621 ], [ -565233.192699999548495, 4812110.382400000467896 ], [ -564649.982899999246001, 4815832.642899997532368 ], [ -563749.87599999923259, 4821572.858400002121925 ], [ -563085.263500000350177, 4825807.679100001230836 ], [ -562441.003700000233948, 4829909.932299999520183 ], [ -561614.245900000445545, 4835170.04759999923408 ], [ -561161.075399999506772, 4838051.270300000905991 ], [ -560919.549800000153482, 4839586.315899999812245 ], [ -560288.819999999366701, 4843593.133600004017353 ], [ -560154.012099999934435, 4844449.139499999582767 ], [ -559591.210299999453127, 4848021.633600000292063 ], [ -558712.465099999681115, 4853595.359400004148483 ], [ -558214.084100000560284, 4856754.175799999386072 ], [ -557409.859600000083447, 4861847.968900002539158 ], [ -557406.781799999065697, 4861867.452700002118945 ], [ -557406.750799999572337, 4861867.649399999529123 ], [ -556850.7034, 4865386.994500001892447 ], [ -555932.874599998816848, 4871191.584000000730157 ], [ -555260.315299999900162, 4875441.455600002780557 ], [ -554451.057799998670816, 4880551.149000003933907 ], [ -554433.50899999961257, 4880661.8947 ], [ -553672.618300000205636, 4885462.179400002583861 ], [ -553475.731599998660386, 4886703.6415 ], [ -553095.589700000360608, 4889099.942200001329184 ], [ -552983.822900000959635, 4889804.28319999948144 ], [ -552699.456399998627603, 4891596.025000002235174 ], [ -552474.447999999858439, 4893013.3301 ], [ -552347.593200000934303, 4893812.270200001075864 ], [ -552245.50099999923259, 4894455.147700002416968 ], [ -551900.929999999701977, 4896624.44680000282824 ], [ -551631.920499999076128, 4898317.537100002169609 ], [ -551456.113099999725819, 4899423.746999999508262 ], [ -550563.249400000087917, 4905038.717500003054738 ], [ -550051.170199999585748, 4908256.678400004282594 ], [ -549199.778400000184774, 4913603.187300000339746 ], [ -548543.437499999068677, 4917721.596000000834465 ], [ -548299.580599999986589, 4919251.039900001138449 ], [ -547716.813000000081956, 4922904.531600000336766 ], [ -546804.592499999329448, 4928619.084499999880791 ], [ -546054.919300000183284, 4933311.324899999424815 ], [ -545519.120999999344349, 4936662.732200002297759 ], [ -544556.618499998934567, 4942678.530099999159575 ], [ -544022.715300001204014, 4946012.935800002887845 ], [ -543281.733599998988211, 4950637.647800002247095 ], [ -542618.816100000403821, 4954772.229600002989173 ], [ -542534.877000000327826, 4955295.548400001600385 ], [ -541588.402700000442564, 4961193.306199999526143 ], [ -541087.942999999970198, 4964309.520999999716878 ], [ -540264.047899998724461, 4969436.25139999948442 ], [ -539647.064699999056756, 4973272.700800001621246 ], [ -538606.226100000552833, 4979739.30630000308156 ], [ -538231.173000001348555, 4982067.8278 ], [ -537175.407299999147654, 4988617.822799999266863 ], [ -536737.682700000703335, 4991331.480399999767542 ], [ -536659.861399998888373, 4991813.803400000557303 ], [ -536021.22169999871403, 4995770.56389999948442 ], [ -534982.201100000180304, 5002202.560100000351667 ], [ -534334.977799999527633, 5006205.850100001320243 ], [ -533413.58809999935329, 5011900.447100000455976 ], [ -532548.348799998871982, 5017243.327300000935793 ], [ -531877.942999999038875, 5021379.99720000103116 ], [ -530954.388299999758601, 5027074.218299999833107 ], [ -530666.792700000107288, 5028846.3169 ], [ -530166.039200001396239, 5031930.735700001940131 ], [ -529379.802699999883771, 5036770.512700002640486 ], [ -528590.290499999187887, 5041626.717700000852346 ], [ -527582.112299999222159, 5047822.502700001001358 ], [ -526530.093799998983741, 5054281.268100002780557 ], [ -526437.271900000050664, 5054850.813100000843406 ], [ -526368.874599998816848, 5055270.470000002533197 ], [ -526340.442900000140071, 5055444.888700000941753 ], [ -526286.170099998824298, 5055777.863800002261996 ], [ -526251.016099998727441, 5055993.503200003877282 ], [ -526243.26759999897331, 5056041.077000001445413 ], [ -526212.313399999402463, 5056230.946900000795722 ], [ -526192.085299999453127, 5056355.020199997350574 ], [ -526189.844999998807907, 5056368.762000000104308 ], [ -526176.316200000233948, 5056451.742000004276633 ], [ -526156.482400000095367, 5056573.438200002536178 ], [ -526144.783999999053776, 5056645.189400002360344 ], [ -526124.361399999819696, 5056770.448200004175305 ], [ -526108.009399998933077, 5056870.738199999555945 ], [ -526105.747200000099838, 5056884.613000001758337 ], [ -526092.627399999648333, 5056965.078200001269579 ], [ -526088.127299998886883, 5056992.722699999809265 ], [ -526088.055800000205636, 5056993.160700000822544 ], [ -526001.146399999037385, 5057526.426700003445148 ], [ -525999.572099999524653, 5057535.858200002461672 ], [ -525875.45579999871552, 5058297.004300000146031 ], [ -525644.769000001251698, 5059711.50590000115335 ], [ -525465.134799999184906, 5060812.779799999669194 ], [ -525454.787899999879301, 5060876.200000001117587 ], [ -525403.914599999785423, 5061188.010300002992153 ], [ -525224.988100000657141, 5062284.691600002348423 ], [ -525205.584400000050664, 5062403.595500001683831 ], [ -525120.720300001092255, 5062923.652500001713634 ], [ -525092.169999999925494, 5063098.587199999019504 ], [ -525083.529000000096858, 5063151.531700000166893 ], [ -525006.117600001394749, 5063625.867700001224875 ], [ -524959.254799999296665, 5063913.017800001427531 ], [ -524932.152600000612438, 5064079.054400002583861 ], [ -524910.034399999305606, 5064214.598300000652671 ], [ -524886.881799999624491, 5064356.431900003924966 ], [ -524876.136499999091029, 5064422.2566 ], [ -524875.310600000433624, 5064427.315700003877282 ], [ -524855.48450000025332, 5064548.767400002107024 ], [ -524847.188099998980761, 5064599.633200000971556 ], [ -524840.903900001198053, 5064638.128900000825524 ], [ -524833.38370000012219, 5064684.195000004023314 ], [ -524829.590799999423325, 5064707.428999997675419 ], [ -524827.560099999420345, 5064719.868000002577901 ], [ -524819.363799999468029, 5064770.074999999254942 ], [ -524800.220700000412762, 5064887.336100000888109 ], [ -524788.087600000202656, 5064961.656700002029538 ], [ -524770.353300000540912, 5065070.329199999570847 ], [ -524754.444499999284744, 5065167.774000003933907 ], [ -524740.099899998866022, 5065255.636700002476573 ], [ -524729.436499998904765, 5065320.950899999588728 ], [ -524725.215099998749793, 5065346.806800002232194 ], [ -524708.011699998751283, 5065452.176799999549985 ], [ -524702.834299999289215, 5065483.887500001117587 ], [ -524687.197599998675287, 5065579.704400001093745 ], [ -524686.8739, 5065581.686699999496341 ], [ -524639.822700001299381, 5065869.858300002291799 ], [ -524485.832399999722838, 5065895.513700002804399 ], [ -522291.808000000193715, 5066261.510600002482533 ], [ -520306.024400000460446, 5066593.4539 ], [ -518998.168599999509752, 5066812.426600001752377 ], [ -518654.776399999856949, 5066869.966900000348687 ], [ -515188.464299999177456, 5067451.889399999752641 ], [ -513452.626200000755489, 5067744.038799999281764 ], [ -510055.246700000017881, 5068317.273299997672439 ], [ -508648.827599999494851, 5068555.136600000783801 ], [ -504824.809099999256432, 5069203.518999999389052 ], [ -504739.835699998773634, 5069217.7884 ], [ -503123.285199999809265, 5069489.510300001129508 ], [ -500717.192999999038875, 5069894.739 ], [ -500648.440000000409782, 5069906.4375 ], [ -500324.483099999837577, 5069961.512200003489852 ], [ -497732.953899999149144, 5070402.677200000733137 ], [ -497551.941599999554455, 5070432.715299999341369 ], [ -495706.315000000409782, 5070739.268300000578165 ], [ -494648.022299999371171, 5070915.299800001084805 ], [ -493508.790899999439716, 5071114.3827 ], [ -492966.866599999368191, 5071205.588900003582239 ], [ -492866.114199999719858, 5071222.549400001764297 ], [ -491497.513100000098348, 5071449.99129999987781 ], [ -488460.625, 5071955.792400002479553 ], [ -488433.16880000103265, 5071960.506700001657009 ], [ -487077.654099998995662, 5072193.424500001594424 ], [ -486036.152500000782311, 5072372.588199999183416 ], [ -485234.98200000077486, 5072507.450600001960993 ], [ -484148.059799998998642, 5072686.303300002589822 ], [ -483157.157000000588596, 5072849.531300004571676 ], [ -482851.734300000593066, 5072899.805400004610419 ], [ -482729.651399999856949, 5072919.911399999633431 ], [ -482707.631899999454618, 5072923.536100000143051 ], [ -482696.013199999928474, 5072925.447600001469254 ], [ -482576.13329999987036, 5072945.180500000715256 ], [ -481229.018000000156462, 5073171.576500002294779 ], [ -480173.856399999931455, 5073349.112700000405312 ], [ -478410.155100000090897, 5073645.572300001978874 ], [ -477276.044999999925494, 5073836.47749999910593 ], [ -476502.098599999211729, 5073966.772199999541044 ], [ -476150.749300001189113, 5074025.688100000843406 ], [ -474632.350899999961257, 5074280.512600002810359 ], [ -472234.154799999669194, 5074683.770300002768636 ], [ -471356.876799999736249, 5074831.33330000191927 ], [ -470593.185500000603497, 5074959.885300002992153 ], [ -470419.893299999646842, 5074988.933399999514222 ], [ -468535.057500000111759, 5075305.167099999263883 ], [ -467924.736899999901652, 5075407.822700003162026 ], [ -466756.351800000295043, 5075604.511 ], [ -466210.727200000546873, 5075696.174799997359514 ], [ -463992.208100000396371, 5076069.391100000590086 ], [ -463321.16330000013113, 5076182.121200000867248 ], [ -462960.982800000347197, 5076242.657800000160933 ], [ -461276.353699998930097, 5076525.058900002390146 ], [ -458773.402600000612438, 5076945.509800003841519 ], [ -458486.385700000450015, 5076993.784600000828505 ], [ -457593.572800001129508, 5077144.051800003275275 ], [ -456199.597799999639392, 5077378.924599999561906 ], [ -454463.389799999073148, 5077670.235400002449751 ], [ -453668.987400000914931, 5077803.6919 ], [ -453226.776600001379848, 5077878.027399998158216 ], [ -450779.40019999910146, 5078289.013399999588728 ], [ -449627.661999999545515, 5078482.764599999412894 ], [ -449362.978400000371039, 5078527.24239999987185 ], [ -449146.081300000660121, 5078563.686800001189113 ], [ -449006.248700000345707, 5078587.198400001972914 ], [ -448627.583300000987947, 5078650.860400002449751 ], [ -447380.693599999882281, 5078860.197499999776483 ], [ -446379.563099998980761, 5079028.172600001096725 ], [ -445333.522899999283254, 5079203.868299998342991 ], [ -444195.7489, 5079395.164800003170967 ], [ -442599.219400000758469, 5079663.253000002354383 ], [ -442540.442499998956919, 5079673.135299999266863 ], [ -442481.659899999387562, 5079683.010000003501773 ], [ -442422.88359999936074, 5079692.89330000244081 ], [ -442364.107699999585748, 5079702.777000000700355 ], [ -442305.326100001111627, 5079712.653100002557039 ], [ -442246.550799999386072, 5079722.537699999287724 ], [ -441886.232999999076128, 5079783.118400001898408 ], [ -440814.175400000996888, 5079963.162900002673268 ], [ -440439.244699998758733, 5080026.171700002625585 ], [ -439471.638200000859797, 5080188.9518 ], [ -438421.075000000186265, 5080365.228900000452995 ], [ -436968.754300000146031, 5080609.2182 ], [ -436726.549400000832975, 5080649.940000001341105 ], [ -434918.708499999716878, 5080953.249400001019239 ], [ -433922.086799999698997, 5081121.020700003951788 ], [ -433864.594999998807907, 5081130.704500004649162 ], [ -432587.059999999590218, 5081348.083399999886751 ], [ -431456.63300000037998, 5081540.65430000051856 ], [ -430411.214899999089539, 5081712.740800002589822 ], [ -429824.701999999582767, 5081809.35869999974966 ], [ -429710.606799999251962, 5081828.162300001829863 ], [ -429689.89329999871552, 5081831.575500000268221 ], [ -429649.783300000242889, 5081838.311399998143315 ], [ -428692.562500000931323, 5081999.151699999347329 ], [ -426439.098500001244247, 5082377.028600001707673 ], [ -426380.430400000885129, 5082386.876299999654293 ], [ -426321.769700000062585, 5082396.725600004196167 ], [ -426263.10219999961555, 5082406.5743000023067 ], [ -425122.96650000102818, 5082598.121000001206994 ], [ -424284.188699999824166, 5082739.176400002092123 ], [ -422398.067699998617172, 5083055.708000000566244 ], [ -421652.582599999383092, 5083180.984500002115965 ], [ -421124.340400000102818, 5083269.60020000115037 ], [ -419682.230800000019372, 5083511.745899999514222 ], [ -418657.890100000426173, 5083683.873200001195073 ], [ -418628.940100000239909, 5083688.7379 ], [ -417419.294700000435114, 5083891.423700001090765 ], [ -414808.169699999503791, 5084329.758400002494454 ], [ -414310.427700000815094, 5084413.443800002336502 ], [ -413509.371899999678135, 5084547.910599997267127 ], [ -412471.664499999955297, 5084722.25760000012815 ], [ -410661.522799999453127, 5085025.832600001245737 ], [ -409350.057499999180436, 5085246.113399997353554 ], [ -409311.207400000654161, 5085252.644999999552965 ], [ -407116.812599998898804, 5085621.014499999582767 ], [ -406955.840900000184774, 5085648.034199997782707 ], [ -406711.894999998621643, 5085688.98790000192821 ], [ -404678.711099999025464, 5086030.23960000090301 ], [ -404300.473000001162291, 5086093.804300000891089 ], [ -403225.584199999459088, 5086274.092200001701713 ], [ -402450.395899998955429, 5086404.057299999520183 ], [ -400820.24100000038743, 5086677.687600003555417 ], [ -400819.666900000534952, 5086677.783399999141693 ], [ -400670.589999999850988, 5086702.762200001627207 ], [ -397976.590699998661876, 5087154.727000001817942 ], [ -397253.19639999885112, 5087276.296200003474951 ], [ -395905.57740000076592, 5087502.201999999582767 ], [ -394616.487300000153482, 5087718.579100001603365 ], [ -393879.12779999896884, 5087842.237300001084805 ], [ -393630.957899999804795, 5087883.875399999320507 ], [ -391097.749900001101196, 5088309.030000003054738 ], [ -391058.410099999047816, 5088315.642500001937151 ], [ -389640.199299999512732, 5088553.507900001481175 ], [ -389234.590700000524521, 5088621.662100002169609 ], [ -388748.353300000540912, 5088703.405700001865625 ], [ -386624.927399999462068, 5089059.096699999645352 ], [ -386020.980200000107288, 5089160.4002 ], [ -384861.181399999186397, 5089355.108500001952052 ], [ -384536.60120000038296, 5089409.63910000026226 ], [ -384220.737700000405312, 5089462.557 ], [ -383553.686599999666214, 5089574.370200000703335 ], [ -382509.743099998682737, 5089749.504000000655651 ], [ -382169.328700000420213, 5089806.654100000858307 ], [ -381554.873999999836087, 5089909.606600001454353 ], [ -381198.855299999937415, 5089969.285299999639392 ], [ -380759.708300000056624, 5090042.873900001868606 ], [ -380163.2955, 5090142.87360000424087 ], [ -379731.568400000222027, 5090215.297199998050928 ], [ -378935.924899999052286, 5090348.854399999603629 ], [ -378268.077399999834597, 5090461.033000001683831 ], [ -377891.590599998831749, 5090524.099400002509356 ], [ -377004.949799999594688, 5090672.701999999582767 ], [ -376214.841000000014901, 5090805.244200002402067 ], [ -375707.852999999187887, 5090890.341399999335408 ], [ -375258.423299999907613, 5090965.585400003939867 ], [ -374365.967299998737872, 5091115.093499999493361 ], [ -373026.95549999922514, 5091339.658600002527237 ], [ -372696.462899998761714, 5091395.132099999114871 ], [ -372325.569399999454618, 5091457.35190000012517 ], [ -371621.456699999980628, 5091575.530200002714992 ], [ -371195.609599999152124, 5091646.857699999585748 ], [ -370380.385000000707805, 5091783.485499998554587 ], [ -369650.608099999837577, 5091905.8903 ], [ -368605.529299999587238, 5092081.33219999819994 ], [ -368475.137000000104308, 5092103.235400000587106 ], [ -367799.039499999955297, 5092216.445800004526973 ], [ -366865.090599999763072, 5092372.944300003349781 ], [ -366369.32249999884516, 5092456.084899999201298 ], [ -365079.718999998643994, 5092672.5329 ], [ -365052.141299999319017, 5092677.143900003284216 ], [ -364661.942499999888241, 5092742.398299999535084 ], [ -363564.795799999497831, 5092926.002200001850724 ], [ -362927.187399999238551, 5093032.793199999257922 ], [ -361774.424000000581145, 5093226.049900002777576 ], [ -360898.272099998779595, 5093373.072900000959635 ], [ -360091.061199999414384, 5093508.652499999850988 ], [ -359927.540199999697506, 5093536.129100000485778 ], [ -358701.32050000037998, 5093741.518900001421571 ], [ -358301.103500000201166, 5093808.612199999392033 ], [ -358073.478000000119209, 5093846.795500000938773 ], [ -357287.26869999896735, 5093978.745500000193715 ], [ -357019.192399999126792, 5094023.760299999266863 ], [ -356099.977500000037253, 5094177.713800001889467 ], [ -355719.944299999624491, 5094241.398200001567602 ], [ -354839.235699999146163, 5094389.088900001719594 ], [ -354485.645199999213219, 5094448.300200000405312 ], [ -353805.2204, 5094562.313200004398823 ], [ -352944.314799999818206, 5094706.67340000346303 ], [ -352810.796099998988211, 5094729.070800000801682 ], [ -351853.405999999493361, 5094889.401900002732873 ], [ -350988.969699999317527, 5095034.300000000745058 ], [ -349967.163299999199808, 5095205.734100000932813 ], [ -349618.732099999673665, 5095264.022400001063943 ], [ -348997.742499999701977, 5095367.943099999800324 ], [ -348918.920599999837577, 5095381.138600002974272 ], [ -347699.231199999339879, 5095585.417300002649426 ], [ -346893.157699999399483, 5095720.559400003403425 ], [ -345928.658599998801947, 5095882.403100002557039 ], [ -345544.707700000144541, 5095946.877000002190471 ], [ -344856.830199999734759, 5096061.974500000476837 ], [ -343934.143400000408292, 5096216.490499999374151 ], [ -343070.326999998651445, 5096361.269499998539686 ], [ -342417.298399998806417, 5096470.807900002226233 ], [ -341883.076799998991191, 5096560.1623 ], [ -340942.998299999162555, 5096717.518200002610683 ], [ -339802.034099998883903, 5096908.692800002172589 ], [ -339014.520499998703599, 5097040.768900001421571 ], [ -338515.625599998980761, 5097124.498600002378225 ], [ -337761.166100000962615, 5097251.121699998155236 ], [ -337161.43849999923259, 5097351.850500002503395 ], [ -336972.742200000211596, 5097383.390900000929832 ], [ -335746.310799999162555, 5097588.553600002080202 ], [ -335706.159499999135733, 5097595.277000002563 ], [ -334897.697799999266863, 5097730.685000000521541 ], [ -334398.571700001135468, 5097814.335999999195337 ], [ -333186.8277000002563, 5098017.141100000590086 ], [ -332753.017500000074506, 5098089.804199999198318 ], [ -331347.438299998641014, 5098325.466800002381206 ], [ -331245.479199999012053, 5098342.538899999111891 ], [ -330422.699099998921156, 5098480.386500002816319 ], [ -329987.454299999400973, 5098553.357100000604987 ], [ -329716.847799998708069, 5098598.658700002357364 ], [ -328738.214100001379848, 5098762.599400004372001 ], [ -328530.462600000202656, 5098797.422900000587106 ], [ -327928.269699999131262, 5098898.206900000572205 ], [ -327793.671499999240041, 5098920.744200000539422 ], [ -327097.239000000059605, 5099037.394600002095103 ], [ -326781.058899999596179, 5099090.375399999320507 ], [ -326560.0, 5099127.4341000020504 ], [ -326547.019699999131262, 5099129.604800002649426 ], [ -326345.518899998627603, 5099163.35050000064075 ], [ -325782.853799999691546, 5099257.607300002127886 ], [ -325369.174499998800457, 5099326.939900001510978 ], [ -325337.301400000229478, 5099332.267200004309416 ], [ -325239.792999998666346, 5099348.566800003871322 ], [ -325000.204900000244379, 5099388.630800001323223 ], [ -324686.038599998690188, 5099441.181700000539422 ], [ -324273.126199999824166, 5099510.275800000876188 ], [ -323875.438299998641014, 5099576.846800001338124 ], [ -323299.497899999842048, 5099673.309599999338388 ], [ -323126.960999999195337, 5099702.211100000888109 ], [ -322730.61879999935627, 5099768.641999999061227 ], [ -322566.909400000236928, 5099796.020900001749396 ], [ -322344.770799999125302, 5099833.182000003755093 ], [ -321814.686999998986721, 5099921.89330000244081 ], [ -321569.161699999123812, 5099963.000200001522899 ], [ -321016.16609999909997, 5100055.625000001862645 ], [ -320876.756399999372661, 5100078.98509999923408 ], [ -320348.646200001239777, 5100167.495300002396107 ], [ -320131.21860000025481, 5100203.950300000607967 ], [ -319857.826500000432134, 5100249.802999999374151 ], [ -319544.450799999758601, 5100302.258300004526973 ], [ -319287.322399999015033, 5100345.317500002682209 ], [ -319277.895499998703599, 5100346.897600000724196 ], [ -318741.504699999466538, 5100436.685900002717972 ], [ -318507.698800001293421, 5100475.836200002580881 ], [ -318499.045699998736382, 5100477.2851 ], [ -318020.887099999003112, 5100557.267899999395013 ], [ -317686.462700000964105, 5100613.224300004541874 ], [ -317212.290899999439716, 5100692.596600001677871 ], [ -316825.871700000017881, 5100757.309800002723932 ], [ -316501.190899998880923, 5100811.70440000295639 ], [ -316408.388100000098348, 5100827.256400000303984 ], [ -316403.344200001098216, 5100828.104100003838539 ], [ -316366.436300000175834, 5100834.288000002503395 ], [ -316234.609499999321997, 5100856.357999999076128 ], [ -316159.645799999125302, 5100868.902999999001622 ], [ -315948.901699999347329, 5100904.188300000503659 ], [ -315886.714200000278652, 5100914.60610000230372 ], [ -315713.434500000439584, 5100943.6216000020504 ], [ -315702.590399999171495, 5100945.438200002536178 ], [ -315626.121499999426305, 5100958.244400000199676 ], [ -315441.221199999563396, 5100989.221800001338124 ], [ -315406.197499999776483, 5100995.090299999341369 ], [ -315297.184600000269711, 5101013.3564000017941 ], [ -315134.589399999007583, 5101040.603199999779463 ], [ -314968.49199999962002, 5101068.436200002208352 ], [ -314912.008600000292063, 5101077.908399999141693 ], [ -314720.460900000296533, 5101110.015900000929832 ], [ -314696.172900000587106, 5101114.09090000204742 ], [ -314477.265999998897314, 5101150.798300001770258 ], [ -314469.659099999815226, 5101152.069700002670288 ], [ -314418.315899998880923, 5101160.6809 ], [ -314276.923899998888373, 5101184.337099999189377 ], [ -314195.661000001244247, 5101197.925499998033047 ], [ -314057.383100000210106, 5101221.065100003033876 ], [ -314032.5887999990955, 5101225.210500001907349 ], [ -313992.748099999502301, 5101231.879000000655651 ], [ -313918.335999999195337, 5101244.326200000941753 ], [ -313858.794400000013411, 5101254.291400000452995 ], [ -313782.859699998982251, 5101267.0011 ], [ -313775.136599998921156, 5101268.293400002643466 ], [ -313741.569899998605251, 5101273.913599999621511 ], [ -313656.449099998921156, 5101288.157799998298287 ], [ -313614.657300000078976, 5101295.154000002890825 ], [ -313583.750599998980761, 5101300.329199999570847 ], [ -313550.54939999897033, 5101305.884600000455976 ], [ -313529.4637999990955, 5101309.418400000780821 ], [ -313515.300300000235438, 5101311.788699999451637 ], [ -313499.475600000470877, 5101314.437700001522899 ], [ -313465.509000000543892, 5101320.127200001850724 ], [ -313444.01659999974072, 5101323.72130000218749 ], [ -313416.177500000223517, 5101328.384400002658367 ], [ -313411.164900000207126, 5101329.22380000166595 ], [ -313395.536899999715388, 5101331.8421 ], [ -313360.289200001396239, 5101337.740000000223517 ], [ -313335.036899999715388, 5101341.9693 ], [ -313302.244300000369549, 5101347.458799999207258 ], [ -313283.229100000113249, 5101350.6404 ], [ -313241.103699999861419, 5101357.694199999794364 ], [ -313222.605199999175966, 5101360.794800000265241 ], [ -313215.785899999551475, 5101361.936700003221631 ], [ -313172.00650000013411, 5101369.270499998703599 ], [ -313138.981200001202524, 5101374.801100002601743 ], [ -313128.497499999590218, 5101376.554999999701977 ], [ -313114.254799999296665, 5101378.936900001019239 ], [ -313093.388399998657405, 5101382.436699999496341 ], [ -313086.7955, 5101383.537399999797344 ], [ -313084.442300000227988, 5101383.931200003251433 ], [ -313079.30530000012368, 5101384.7971 ], [ -313074.78139999974519, 5101385.55180000141263 ], [ -313071.590599998831749, 5101386.084100000560284 ], [ -313068.019999999552965, 5101386.68720000050962 ], [ -313063.022499999962747, 5101387.521700002253056 ], [ -313057.274200000800192, 5101388.484899999573827 ], [ -313053.814199999906123, 5101389.059900000691414 ], [ -313048.830699998885393, 5101389.896300001069903 ], [ -313044.335799998603761, 5101390.647700000554323 ], [ -313037.684100000187755, 5101391.762000001966953 ], [ -313034.310899998992682, 5101392.327099999412894 ], [ -313026.704999999143183, 5101393.600099999457598 ], [ -313024.191300000064075, 5101394.02250000089407 ], [ -313024.11849999986589, 5101394.034299997612834 ], [ -313016.468799998983741, 5101395.315700002014637 ], [ -313014.195400000549853, 5101395.698600001633167 ], [ -313006.604499999433756, 5101396.966499999165535 ], [ -313003.172500001266599, 5101397.545200001448393 ], [ -312996.135000000707805, 5101398.722400000318885 ], [ -312991.7347999997437, 5101399.458000000566244 ], [ -312985.702299999073148, 5101400.469000002369285 ], [ -312981.309100000187755, 5101401.20549999922514 ], [ -312976.435300000011921, 5101402.02080000191927 ], [ -312970.228400000371039, 5101403.058700002729893 ], [ -312963.175900000147521, 5101404.241100000217557 ], [ -312960.698200000450015, 5101404.6612 ], [ -312959.285299999639392, 5101404.894500004127622 ], [ -312955.139399999752641, 5101405.592499999329448 ], [ -312952.851999999955297, 5101405.973600002005696 ], [ -312952.83009999897331, 5101405.977900004014373 ], [ -312949.326299998909235, 5101406.561400001868606 ], [ -312947.453799999319017, 5101406.876299999654293 ], [ -312946.550400000996888, 5101407.027500001713634 ], [ -312946.200399999506772, 5101407.087999997660518 ], [ -312945.872399998828769, 5101407.144300002604723 ], [ -312944.459499998949468, 5101407.377600001171231 ], [ -312944.386699998751283, 5101407.389400003477931 ], [ -312943.541199998930097, 5101407.533900000154972 ], [ -312943.322800000198185, 5101407.569100001826882 ], [ -312942.972900000400841, 5101407.629700001329184 ], [ -312941.763399999588728, 5101407.832900002598763 ], [ -312941.355600000359118, 5101407.900100000202656 ], [ -312941.231900000013411, 5101407.919299999251962 ], [ -312940.059299999848008, 5101408.113199999555945 ], [ -312939.760200000368059, 5101408.166200000792742 ], [ -312938.35429999884218, 5101408.400500001385808 ], [ -312938.252599999308586, 5101408.415500001981854 ], [ -312936.722099999897182, 5101408.676000000908971 ], [ -312936.620400000363588, 5101408.691000001505017 ], [ -312935.214399999007583, 5101408.925300002098083 ], [ -312935.111799999140203, 5101408.947300001978874 ], [ -312933.74269999936223, 5101409.172200003638864 ], [ -312933.545400000177324, 5101409.210200000554323 ], [ -312932.328899999149144, 5101409.412500001490116 ], [ -312932.161399999633431, 5101409.440200001001358 ], [ -312931.971900000236928, 5101409.472100004553795 ], [ -312931.826400000602007, 5101409.495600003749132 ], [ -312931.294899999164045, 5101409.582000000402331 ], [ -312931.002799999900162, 5101409.635900001972914 ], [ -312930.784399999305606, 5101409.6711 ], [ -312930.733500000089407, 5101409.6787 ], [ -312930.653699998743832, 5101409.689500000327826 ], [ -312930.281899999827147, 5101409.75420000217855 ], [ -312930.136299999430776, 5101409.777700001373887 ], [ -312929.742499998770654, 5101409.846699999645352 ], [ -312929.61879999935627, 5101409.866000002250075 ], [ -312929.517099999822676, 5101409.880999999120831 ], [ -312929.327600000426173, 5101409.912900000810623 ], [ -312929.080299999564886, 5101409.951400002464652 ], [ -312928.868899999186397, 5101409.987600000575185 ], [ -312928.583899999037385, 5101410.042400000616908 ], [ -312928.365500000305474, 5101410.077600002288818 ], [ -312928.357599999755621, 5101410.083700003102422 ], [ -312920.99199999962002, 5101411.317299999296665 ], [ -312920.970099998638034, 5101411.321599999442697 ], [ -312882.4227, 5101417.782200001180172 ], [ -312882.204300000332296, 5101417.817399997264147 ], [ -312793.054100001230836, 5101432.748700002208352 ], [ -312793.04009999986738, 5101432.746900003403425 ], [ -312793.004099999554455, 5101432.749299999326468 ], [ -312052.819799998775125, 5101556.796400001272559 ], [ -310342.958399998955429, 5099818.376300001516938 ], [ -308900.431300000287592, 5098352.98169999755919 ], [ -307872.474000001326203, 5097309.413200000301003 ], [ -306378.614799998700619, 5095793.89950000308454 ], [ -305052.419400000013411, 5094449.479100001975894 ], [ -304009.086099999956787, 5093392.471699999645352 ], [ -302409.213699999265373, 5091772.767699999734759 ], [ -301290.989900001324713, 5090641.507800001651049 ], [ -300554.170499999076128, 5089896.458000002428889 ], [ -299363.033999999053776, 5088692.628800000995398 ], [ -298503.531000000424683, 5087824.452000001445413 ], [ -298376.676699998788536, 5087696.348900001496077 ], [ -297513.298800000920892, 5086824.703500000759959 ], [ -296140.887099999003112, 5085439.967200001701713 ], [ -295227.1546, 5084518.59119999781251 ], [ -294164.73689999897033, 5083447.836500000208616 ], [ -293354.777199999429286, 5082631.924700001254678 ], [ -293250.696999998763204, 5082527.104200001806021 ], [ -291894.864099998958409, 5081152.908900002017617 ], [ -291335.188399999402463, 5080585.93779999949038 ], [ -291068.410099999979138, 5080315.7368 ], [ -290485.326600001193583, 5079725.313300000503659 ], [ -290107.081499999389052, 5079342.403500001877546 ], [ -289528.91160000115633, 5078757.250900002196431 ], [ -289134.958200000226498, 5078358.644900001585484 ], [ -288985.762499999254942, 5078207.70610000193119 ], [ -288815.444599999114871, 5078035.415000002831221 ], [ -288189.356299999170005, 5077402.206500001251698 ], [ -287635.61259999871254, 5076842.340199999511242 ], [ -287211.584699999541044, 5076413.730900002643466 ], [ -286582.153500000014901, 5075777.683500001206994 ], [ -286381.04689999949187, 5075574.508199999108911 ], [ -286322.801299999468029, 5075515.663200004026294 ], [ -286199.932799998670816, 5075391.547000002115965 ], [ -286091.1360999988392, 5075281.649200001731515 ], [ -285908.787999998778105, 5075097.470899999141693 ], [ -285697.283400001004338, 5074883.868300002068281 ], [ -285678.535500000230968, 5074864.934499999508262 ], [ -285512.048000001348555, 5074696.807600004598498 ], [ -285424.656499998643994, 5074608.563999999314547 ], [ -285297.766400001011789, 5074480.437600001692772 ], [ -285265.6579, 5074448.019600000232458 ], [ -285173.860800000838935, 5074355.344100002199411 ], [ -285169.475300000980496, 5074350.919400002807379 ], [ -285085.38289999961853, 5074266.013299999758601 ], [ -285000.317400000989437, 5074180.138399999588728 ], [ -284898.714599999599159, 5074077.575100000947714 ], [ -284864.567199999466538, 5074043.1081000007689 ], [ -284848.684700000099838, 5074027.078100003302097 ], [ -284826.864599999971688, 5074005.047200003638864 ], [ -284710.362399999983609, 5073887.448500003665686 ], [ -284630.699399999342859, 5073807.040899999439716 ], [ -284599.216699999757111, 5073775.273600002750754 ], [ -284527.740299998782575, 5073703.129699999466538 ], [ -284460.204199998639524, 5073634.970300002023578 ], [ -284408.754399999044836, 5073583.04420000128448 ], [ -284391.468999998643994, 5073565.599900003522635 ], [ -284326.978299998678267, 5073500.522700000554323 ], [ -284306.656400000676513, 5073480.012800000607967 ], [ -284254.44300000090152, 5073427.322400001809001 ], [ -284216.262999999336898, 5073388.798400001600385 ], [ -284178.881299998611212, 5073351.079700002446771 ], [ -284153.531600000336766, 5073325.495700003579259 ], [ -284146.019699999131262, 5073317.916200004518032 ], [ -284070.747100000269711, 5073241.967000003904104 ], [ -284048.572700000368059, 5073219.587400000542402 ], [ -283977.051300001330674, 5073147.421100001782179 ], [ -283957.816900000907481, 5073128.0168999992311 ], [ -283950.291299999691546, 5073120.428799998015165 ], [ -283883.148899999447167, 5073052.679400000721216 ], [ -283876.131099998950958, 5073045.596499998122454 ], [ -283847.481499999761581, 5073016.694000001996756 ], [ -283838.630199998617172, 5073007.77170000039041 ], [ -283826.331099999137223, 5072995.361999999731779 ], [ -283795.589300000108778, 5072964.34569999948144 ], [ -283779.365699999965727, 5072947.97580000013113 ], [ -283154.955500001087785, 5072435.245699999853969 ], [ -283085.426899999380112, 5072378.083200002089143 ], [ -280290.127400000579655, 5070081.738299999386072 ], [ -279774.38469999935478, 5069658.394200002774596 ], [ -277967.028300000354648, 5068175.662200003862381 ], [ -277595.324699998833239, 5067870.286800000816584 ], [ -276566.665900000371039, 5067025.481300001963973 ], [ -274554.420400000177324, 5065374.090700000524521 ], [ -274425.718000001274049, 5065268.524200001731515 ], [ -274046.615199999883771, 5064956.324999999254942 ], [ -272414.830199998803437, 5063613.185199998319149 ], [ -271230.404699999839067, 5062638.9221 ], [ -270762.147699998691678, 5062253.909799998626113 ], [ -269355.601400000043213, 5061097.938800001516938 ], [ -268936.883499999530613, 5060753.963100001215935 ], [ -266743.325499999336898, 5058953.103600000962615 ], [ -266473.403099999763072, 5058731.635800002142787 ], [ -264134.487599999643862, 5056813.799500001594424 ], [ -263823.648599999025464, 5056559.081200001761317 ], [ -263046.242499999701977, 5055922.2051 ], [ -262004.313199998810887, 5055068.997000001370907 ], [ -261575.649500001221895, 5054718.093900002539158 ], [ -261027.480799999088049, 5054269.480799999088049 ], [ -260612.295299999415874, 5053929.776300003752112 ], [ -259421.328299999237061, 5052955.694500001147389 ], [ -259264.418200000189245, 5052827.4057 ], [ -258867.692800000309944, 5052503.073200004175305 ], [ -258808.180300001055002, 5052454.43160000257194 ], [ -258681.788800001144409, 5052351.117900002747774 ], [ -258661.566499998793006, 5052334.489499997347593 ], [ -258661.553299998864532, 5052334.480799999088049 ], [ -258661.539199999533594, 5052334.479100001975894 ], [ -255535.114599999040365, 5049766.381100000813603 ], [ -255424.519600001163781, 5049675.59260000102222 ], [ -255417.584399999119341, 5049669.899800000712276 ], [ -246968.705500000156462, 5042745.394099999219179 ], [ -224364.844999998807907, 5024220.094800001010299 ], [ -210501.71339999884367, 5012866.041300004348159 ], [ -173748.822200001217425, 4982793.109800001606345 ], [ -171499.566799999214709, 4980953.98420000448823 ], [ -167921.203900000080466, 4978028.50870000012219 ], [ -167921.470199999399483, 4978028.631699999794364 ], [ -157605.478899999521673, 4968186.933500001206994 ], [ -151726.071600000374019, 4962574.856000002473593 ], [ -148997.584599998779595, 4959975.947600001469254 ], [ -143922.790699999779463, 4955136.697600001469254 ], [ -142743.962299999780953, 4954012.788799999281764 ], [ -141661.855600000359118, 4952981.044099997729063 ], [ -138896.218700001016259, 4950343.464500002563 ], [ -137089.081599999219179, 4948620.735400002449751 ], [ -136659.466400000266731, 4948211.197499999776483 ], [ -133984.876100000925362, 4945661.200100000947714 ], [ -132092.929100000299513, 4943856.86769999936223 ], [ -132082.144899998791516, 4943851.419300001114607 ], [ -129986.49379999935627, 4942792.514300001785159 ], [ -128992.237699999473989, 4942289.823600001633167 ], [ -128882.445899999700487, 4940585.4932000041008 ], [ -128853.595900000073016, 4940107.603400003165007 ], [ -128798.032599998638034, 4939249.442200001329184 ], [ -128480.193300001323223, 4934343.169800000265241 ], [ -128241.896699999459088, 4930650.256800001487136 ], [ -128007.011100000701845, 4926998.662800002843142 ], [ -128007.00889999885112, 4926998.659300001338124 ], [ -128006.320599999278784, 4926987.982400003820658 ], [ -127831.881099999882281, 4926759.790799997746944 ], [ -126842.327899998985231, 4925460.401400001719594 ], [ -126078.565299999900162, 4924457.740000003948808 ], [ -124658.871499999426305, 4922593.285600002855062 ], [ -122379.668599999509752, 4919600.986300002783537 ], [ -121006.655500000342727, 4917798.325300002470613 ], [ -119714.720399999059737, 4916102.243600003421307 ], [ -117987.088499997742474, 4913834.33669999986887 ], [ -116763.508100000210106, 4912229.270899998024106 ], [ -116611.36780000012368, 4912029.691600000485778 ], [ -116611.32869999948889, 4912029.644600002095103 ], [ -115146.533799999393523, 4910108.249100001528859 ], [ -113158.577699999324977, 4907496.488400001078844 ], [ -112966.791199998930097, 4907244.522199999541044 ], [ -112156.366599999368191, 4906180.992100002244115 ], [ -110760.920399998314679, 4904349.013100001960993 ], [ -109800.77419999986887, 4903089.371799999848008 ], [ -107334.650799999944866, 4899853.73619999922812 ], [ -107327.989699998870492, 4899844.910300001502037 ], [ -106807.897099998779595, 4899106.858999999240041 ], [ -105812.347699998877943, 4897694.745300002396107 ], [ -105346.831499999389052, 4897043.051799999549985 ], [ -104229.339599998667836, 4895454.49269999936223 ], [ -104223.011699999682605, 4895445.501499999314547 ], [ -104203.533499999903142, 4895417.816099999472499 ], [ -103362.852799998596311, 4894222.802100002765656 ], [ -103066.793899999931455, 4893803.063300002366304 ], [ -102149.573999999091029, 4892515.489400001242757 ], [ -102118.341000000014901, 4892471.641300002112985 ], [ -102118.327899999916553, 4892471.625600000843406 ], [ -102080.055599997751415, 4892417.902100004255772 ], [ -101615.606100000441074, 4891765.932099999859929 ], [ -100995.537299998104572, 4890885.239100001752377 ], [ -100969.707700000144541, 4890848.5581 ], [ -100661.173199999146163, 4890410.340800002217293 ], [ -100029.68099999986589, 4889520.44370000064373 ], [ -100006.372200000099838, 4889487.594100000336766 ], [ -99961.791000000201166, 4889424.769700003787875 ], [ -98829.811599999666214, 4887829.626800002530217 ], [ -98088.592899999581277, 4886781.989800002425909 ], [ -96905.87599999923259, 4885110.222899999469519 ], [ -95243.443899999372661, 4882759.86230000294745 ], [ -94438.105299999937415, 4881621.575799997895956 ], [ -94137.588300000876188, 4881196.822700001299381 ], [ -94133.653699999675155, 4881191.259199999272823 ], [ -94072.460299999453127, 4881104.767799999564886 ], [ -93157.251499999314547, 4879811.646600000560284 ], [ -92241.032699999399483, 4878517.81670000217855 ], [ -90387.336499999277294, 4875897.661599999293685 ], [ -89495.887199998833239, 4874640.319900000467896 ], [ -87333.261800000444055, 4871582.312400003895164 ], [ -85685.481499999761581, 4869252.379200000315905 ], [ -84741.164799999445677, 4867917.472400000318885 ], [ -83043.858599999919534, 4865522.207699999213219 ], [ -81931.304399998858571, 4863948.728900000452995 ], [ -79862.939399999566376, 4861028.642500003799796 ], [ -79129.362099999561906, 4859992.267200000584126 ], [ -78570.548699998296797, 4859202.83080000244081 ], [ -77042.705899999476969, 4857041.497500000521541 ], [ -76293.046400000341237, 4855985.947000002488494 ], [ -75162.03249999973923, 4854388.554000001400709 ], [ -74149.004099998623133, 4852957.835200004279613 ], [ -73348.070199999958277, 4851826.590199999511242 ], [ -71961.085199997760355, 4849868.032400000840425 ], [ -71403.095099998638034, 4849079.867200002074242 ], [ -70608.89989999961108, 4847959.282500000670552 ], [ -69730.388799998909235, 4846720.344300001859665 ], [ -69726.414299998432398, 4846714.738199999555945 ], [ -68696.882599998265505, 4845258.366099998354912 ], [ -67809.918599999509752, 4843989.23619999922812 ], [ -66692.889899998903275, 4842431.61290000192821 ], [ -65658.419099999591708, 4840873.669700002297759 ], [ -60759.204199998639524, 4834066.817800000309944 ], [ -60296.890599999576807, 4833429.831500001251698 ], [ -60120.791400000452995, 4833187.244499998167157 ], [ -54186.299599999561906, 4825026.607899999246001 ], [ -50834.980399999767542, 4820429.460800001397729 ], [ -50264.588699999265373, 4819673.843600001186132 ], [ -49719.40089999884367, 4818898.140200002118945 ], [ -49143.662899998947978, 4818079.23619999922812 ], [ -48713.183399999514222, 4817482.974200000986457 ], [ -48004.609199999831617, 4816501.851700000464916 ], [ -47984.849999999627471, 4816474.489499997347593 ], [ -47975.483200000599027, 4816471.023400001227856 ], [ -47720.510099998675287, 4816376.685000002384186 ], [ -47154.114299998618662, 4816167.162300003692508 ], [ -44994.654699998907745, 4815368.882799999788404 ], [ -42002.768899999558926, 4814269.320000002160668 ], [ -41177.160600000061095, 4813979.531700000166893 ], [ -40839.893199997954071, 4813867.171499999240041 ], [ -39644.542899999767542, 4813403.333100002259016 ], [ -39028.30009999871254, 4813164.320000000298023 ], [ -36030.349799998104572, 4812057.688400000333786 ], [ -35249.748599998652935, 4811762.57880000025034 ], [ -32951.921599998138845, 4810894.552600001916289 ], [ -32080.670099999755621, 4810628.618300002068281 ], [ -30404.335699998773634, 4810019.41920000128448 ], [ -30035.177499998360872, 4809885.336500003933907 ], [ -27831.225499999709427, 4809026.879599999636412 ], [ -27880.966599998995662, 4808964.561300000175834 ], [ -28022.603999999351799, 4808787.119000002741814 ], [ -28109.099799999035895, 4808678.761699998751283 ], [ -28820.359699999913573, 4807725.197799999266863 ], [ -29134.146299999207258, 4807298.203700002282858 ], [ -29650.087500000372529, 4806602.749300001189113 ], [ -29780.426199998706579, 4806428.743200000375509 ], [ -31098.099099999293685, 4804670.280700003728271 ], [ -31906.46100000012666, 4803591.490100001916289 ], [ -32135.582799999974668, 4803285.785800000652671 ], [ -33174.27170000039041, 4801884.409600004553795 ], [ -34212.459299999289215, 4800489.743599999696016 ], [ -34213.592999999411404, 4800488.228999998420477 ], [ -35253.765599998645484, 4799098.642200002446771 ], [ -35271.013499999418855, 4799076.011299999430776 ], [ -36322.978499998338521, 4797695.98030000180006 ], [ -37351.03319999948144, 4796300.477299999445677 ], [ -38399.286599998362362, 4794906.397199999541044 ], [ -38887.383399998769164, 4794255.435200000181794 ], [ -39709.954899999313056, 4793158.690100001171231 ], [ -41014.186700000427663, 4791404.885600004345179 ], [ -41643.916000001132488, 4790558.426400000229478 ], [ -43978.207600000314415, 4787428.095100004225969 ], [ -46617.213899999856949, 4783872.48450000025332 ], [ -47477.224299999885261, 4782677.983899999409914 ], [ -48782.409299998544157, 4780926.055700002238154 ], [ -49516.158299999311566, 4779949.257500000298023 ], [ -49888.094099998474121, 4779437.516100000590086 ], [ -50677.442399999126792, 4778412.527500001713634 ], [ -50864.554250549699645, 4778158.650136987678707 ], [ -50864.554250549590506, 4778158.650136987678707 ], [ -51342.138799999840558, 4777510.653200000524521 ], [ -51759.756700000725687, 4776956.7752 ], [ -52177.361299999989569, 4776402.904600001871586 ], [ -52576.013999999500811, 4775849.017500001937151 ], [ -52978.216500000096858, 4775302.147600000724196 ], [ -53398.613699998706579, 4774747.100900003686547 ], [ -53809.479399999603629, 4774192.717800002545118 ], [ -54222.655099999159575, 4773643.915400002151728 ], [ -54635.534099998883903, 4773099.145200001075864 ], [ -55043.605800000019372, 4772545.907199999317527 ], [ -55447.821700001135468, 4771989.670400001108646 ], [ -55855.697699999436736, 4771439.111000001430511 ], [ -56263.566800000146031, 4770888.544700004160404 ], [ -56676.637499999254942, 4770341.060000002384186 ], [ -57075.3597999997437, 4769785.761499999091029 ], [ -57472.348899998702109, 4769235.755200002342463 ], [ -57898.792999997735023, 4768690.564099999144673 ], [ -58307.137999999336898, 4768133.237500000745058 ], [ -58716.638500000350177, 4767578.69310000166297 ], [ -59132.396099998615682, 4767031.36260000243783 ], [ -59548.337999999523163, 4766481.33110000193119 ], [ -59954.754999999888241, 4765931.967200003564358 ], [ -60355.775399999693036, 4765382.21480000205338 ], [ -60766.706399999558926, 4764845.357899999246001 ], [ -61166.570000000298023, 4764292.80180000141263 ], [ -61576.727300000376999, 4763747.750900002196431 ], [ -61986.891800000332296, 4763202.695400003343821 ], [ -62386.936899999156594, 4762647.421800002455711 ], [ -62790.547199998982251, 4762099.177999999374151 ], [ -63208.98619999922812, 4761551.989800000563264 ], [ -63618.076999997720122, 4761002.768400000408292 ], [ -64028.424899999983609, 4760454.993700001388788 ], [ -64349.093199999071658, 4760019.93720000423491 ], [ -64433.475899999029934, 4759905.472600003704429 ], [ -64703.774699999019504, 4759546.229200001806021 ], [ -64843.624499999918044, 4759360.37640000320971 ], [ -65253.772899998351932, 4758815.275100002065301 ], [ -65650.437199998646975, 4758269.206000000238419 ], [ -65740.675399999134243, 4758144.968100000172853 ], [ -66047.105599999427795, 4757723.1382 ], [ -66447.524799999780953, 4757181.3868000023067 ], [ -66571.915899999439716, 4757012.705199997872114 ], [ -66848.037499997764826, 4756638.287500001490116 ], [ -67120.30449999962002, 4756297.3684 ], [ -67670.527400000020862, 4755554.958400001749396 ], [ -68064.68269999884069, 4755005.9748 ], [ -68480.303000000305474, 4754459.865000000223517 ], [ -68895.930800000205636, 4753913.758200000971556 ], [ -69311.544999998994172, 4753367.638000002130866 ], [ -69727.070299998857081, 4752822.863900003954768 ], [ -70142.782099998556077, 4752275.390599999576807 ], [ -70552.043799999170005, 4751723.38230000063777 ], [ -70956.008299998939037, 4751169.635900000110269 ], [ -71359.874599998816848, 4750617.2331000007689 ], [ -71763.545300000347197, 4750067.525399999693036 ], [ -72181.948199999518692, 4749520.209100002422929 ], [ -72595.441499998793006, 4748965.771300001069903 ], [ -73008.83119999896735, 4748412.670399999246001 ], [ -73418.173600000329316, 4747859.278200000524521 ], [ -74441.544200000353158, 4746523.195000000298023 ], [ -75455.738299999386072, 4745125.451899999752641 ], [ -75618.613900000229478, 4744901.924300001934171 ], [ -76469.454599999822676, 4743734.420900002121925 ], [ -77466.533799999393523, 4742338.777699999511242 ], [ -77806.32219999935478, 4741860.726000003516674 ], [ -78258.176999998278916, 4741225.1107 ], [ -78456.630599998869002, 4740945.996200002729893 ], [ -78584.981499999761581, 4740770.432099999859929 ], [ -78750.866199999116361, 4740543.546600000932813 ], [ -79473.680599998682737, 4739555.095500003546476 ], [ -80521.529699999839067, 4738159.590200001373887 ], [ -81396.735999998636544, 4736987.4847999997437 ], [ -81583.735599998384714, 4736752.22520000115037 ], [ -81658.178099999204278, 4736658.573799999430776 ], [ -81907.767699998803437, 4735483.952300000935793 ], [ -82012.656899997964501, 4734957.888300003483891 ], [ -82197.476699998602271, 4734031.0176 ], [ -82352.333299998193979, 4733235.504899999126792 ], [ -82480.412499999627471, 4732577.591400003060699 ], [ -82769.591500000096858, 4731131.377600001171231 ], [ -83058.983900000341237, 4729681.779899999499321 ], [ -83358.460099998861551, 4728232.895300002768636 ], [ -83668.75099999923259, 4726774.605600001290441 ], [ -83957.182900000363588, 4725420.963100001215935 ], [ -83978.771699998527765, 4725319.669600004330277 ], [ -84274.567400000058115, 4723873.880799999460578 ], [ -84559.990499999374151, 4722430.729599999263883 ], [ -84838.887499999254942, 4720983.722400000318885 ], [ -85137.738599999807775, 4719541.512000003829598 ], [ -85368.433000000193715, 4718499.709600001573563 ], [ -85456.796199998818338, 4718100.722100000828505 ], [ -85762.349399998784065, 4716658.970100000500679 ], [ -86053.673499999567866, 4715226.362400002777576 ], [ -86148.498299999162555, 4714760.685700001195073 ], [ -86344.733900000341237, 4713797.112700002267957 ], [ -86635.769699999131262, 4712367.847899999469519 ], [ -86831.27479999884963, 4711419.536200003698468 ], [ -87203.265399999916553, 4709379.535500001162291 ], [ -87673.547500000335276, 4706986.625900000333786 ], [ -87679.981799999251962, 4706953.884800000116229 ], [ -87781.713200000114739, 4706434.498900001868606 ], [ -87977.109599999152124, 4705436.93550000153482 ], [ -88271.114499999210238, 4703963.794600002467632 ], [ -88403.002000000327826, 4703404.318600004538894 ], [ -88508.338399999774992, 4702957.512599999085069 ], [ -88961.013199998997152, 4701204.243800001218915 ], [ -89032.597799999639392, 4700892.732100000604987 ], [ -89225.308599999174476, 4700054.19480000063777 ], [ -87901.634499998763204, 4696286.471200002357364 ], [ -86639.071899999864399, 4692698.073300002142787 ], [ -86469.638099999167025, 4692216.914000004529953 ], [ -86371.337899997830391, 4691930.631699999794364 ], [ -83362.686199999414384, 4683184.729499999433756 ], [ -81842.907700001262128, 4678758.000199999660254 ], [ -81419.282899999991059, 4677517.538400001823902 ], [ -80205.068799998611212, 4673965.441400004550815 ], [ -80054.493599999696016, 4673563.953400000929832 ], [ -79823.647200000472367, 4673129.396800000220537 ], [ -79622.497599998489022, 4672750.8246 ], [ -81294.864599999971688, 4672284.854100001975894 ], [ -82544.052199998870492, 4671939.215800004079938 ], [ -83796.808099999092519, 4671581.622200002893806 ], [ -84113.819299999624491, 4671486.056500002741814 ], [ -85045.576099998317659, 4671357.880899999290705 ], [ -86294.462799998931587, 4671132.782199999317527 ], [ -86704.75719999987632, 4671061.432000003755093 ], [ -87542.796299998648465, 4670915.767699999734759 ], [ -88789.018799999728799, 4670690.469700001180172 ], [ -89282.305399999953806, 4670612.719799999147654 ], [ -90028.778599998913705, 4670345.46000000089407 ], [ -90240.679999998770654, 4670266.997899999842048 ], [ -91206.72059999871999, 4669909.385199999436736 ], [ -91299.055499998852611, 4669875.214800000190735 ], [ -91378.191399999894202, 4669845.741100000217557 ], [ -91404.520700000226498, 4669835.939899997785687 ], [ -92569.537499997764826, 4669402.247800001874566 ], [ -93833.976599999703467, 4668938.332000002264977 ], [ -94367.528399999253452, 4668750.926400003954768 ], [ -95038.011899998411536, 4668447.113500000908971 ], [ -96292.099899999797344, 4667995.989800000563264 ], [ -97546.293299999088049, 4667543.502000002190471 ], [ -98787.075000001117587, 4667050.762499999254942 ], [ -99968.817599999718368, 4666549.781200001016259 ], [ -100978.265599997714162, 4666051.581000000238419 ], [ -101191.725099999457598, 4665950.578400002792478 ], [ -101372.618299999274313, 4665864.999299999326468 ], [ -102050.707899998873472, 4665544.239099999889731 ], [ -103123.161899998784065, 4665036.8893 ], [ -104210.080000000074506, 4664535.95890000090003 ], [ -105281.021999999880791, 4664031.181299997493625 ], [ -105638.787800000049174, 4663877.435799999162555 ], [ -106511.153299998492002, 4663922.499400001019239 ], [ -106916.335499998182058, 4663945.868699999526143 ], [ -107419.167600000277162, 4663974.897400001063943 ], [ -107480.353699999861419, 4663978.432200003415346 ], [ -107346.523299998603761, 4663777.771500000730157 ], [ -107137.994699999690056, 4663465.148600000888109 ], [ -107078.190599999390543, 4663375.499000003561378 ], [ -106723.433399999514222, 4662792.166900001466274 ], [ -106473.433199998922646, 4662361.880099998787045 ], [ -106019.745299999602139, 4661581.194700002670288 ], [ -105665.052499998360872, 4660977.555900003761053 ], [ -105310.35950000025332, 4660373.916200002655387 ], [ -105231.405100000090897, 4660245.928600000217557 ], [ -104938.035699999891222, 4659770.404100000858307 ], [ -104565.801499999128282, 4659165.545700000599027 ], [ -104193.564499999396503, 4658560.688700001686811 ], [ -103910.590599999763072, 4658100.865900000557303 ], [ -103821.331499999389052, 4657955.841100001707673 ], [ -103443.598699999041855, 4657351.973100002855062 ], [ -103429.573499999009073, 4657329.543299999088049 ], [ -103065.870600000023842, 4656748.10050000064075 ], [ -102704.506099999882281, 4656142.682900002226233 ], [ -102678.026800000108778, 4656100.981599999591708 ], [ -102318.866100000217557, 4655535.557700004428625 ], [ -101943.917299998924136, 4654930.548500001430511 ], [ -101574.646099998615682, 4654321.87810000218451 ], [ -101193.044800000265241, 4653715.057400001212955 ], [ -100809.894899998791516, 4653110.843900002539158 ], [ -100426.846599999815226, 4652505.293100001290441 ], [ -100354.87569999974221, 4652385.399299999698997 ], [ -100282.895299999974668, 4652265.496700001880527 ], [ -100061.607300000265241, 4651896.923900000751019 ], [ -99712.642699998803437, 4651288.353400001302361 ], [ -99570.770100000314415, 4651059.5746 ], [ -99340.089899999089539, 4650687.620100002735853 ], [ -98967.52759999781847, 4650086.888100001960993 ], [ -98862.641699998639524, 4649912.18019999936223 ], [ -98602.279500000178814, 4649478.541300000622869 ], [ -98247.810599999502301, 4648870.958499999716878 ], [ -97890.646399998106062, 4648263.200099997222424 ], [ -97765.846699999645352, 4648071.088500002399087 ], [ -97500.452700001187623, 4647662.603800004348159 ], [ -97120.543299998156726, 4647050.545400002971292 ], [ -96740.636199998669326, 4646438.496400000527501 ], [ -96515.907299999147654, 4646053.753700001165271 ], [ -96384.900000001303852, 4645829.500700002536178 ], [ -96026.460900000296533, 4645220.314799999818206 ], [ -95682.832599999383092, 4644654.885800004005432 ], [ -95658.302099999971688, 4644614.523399999365211 ], [ -95603.436899999156594, 4644533.140599999576807 ], [ -95250.746199999935925, 4644010.039899999275804 ], [ -94889.61089999973774, 4643400.689999999478459 ], [ -94583.374199998565018, 4642885.822200002148747 ], [ -94527.119199999608099, 4642791.241200001910329 ], [ -94523.601999998092651, 4642785.372900001704693 ], [ -94161.921499998308718, 4642181.618500001728535 ], [ -93793.749299999326468, 4641575.852700000628829 ], [ -93425.664599998854101, 4640968.743900001049042 ], [ -93097.501499998383224, 4640418.580000001937151 ], [ -93065.479899999685585, 4640364.904100004583597 ], [ -92701.249599998816848, 4639760.78800000064075 ], [ -92645.950999999418855, 4639666.724500002339482 ], [ -92346.449400000274181, 4639157.334800001233816 ], [ -91991.648499999195337, 4638553.895600000396371 ], [ -91630.008799998089671, 4637951.329899998381734 ], [ -91174.064699999056756, 4637211.668999999761581 ], [ -91142.026899999007583, 4637159.711400002241135 ], [ -91113.593499999493361, 4637113.458000002428889 ], [ -90870.184799999929965, 4636717.496000001206994 ], [ -90281.886699999682605, 4635760.75250000320375 ], [ -89909.725099999457598, 4635153.413400001823902 ], [ -89573.83559999987483, 4634609.036700002849102 ], [ -89534.870099999941885, 4634545.890600003302097 ], [ -89155.779299999587238, 4633940.791300004348159 ], [ -89041.251099999062717, 4633757.972500002011657 ], [ -88776.678000000305474, 4633335.693300001323223 ], [ -88417.903099999763072, 4632730.670299999415874 ], [ -88226.189899999648333, 4632408.524200001731515 ], [ -88057.771399999968708, 4632125.550000002607703 ], [ -87726.542900000698864, 4631590.103199999779463 ], [ -87682.807400000281632, 4631519.405799999833107 ], [ -87305.141099999658763, 4630913.078600000590086 ], [ -87133.927099999040365, 4630644.359000001102686 ], [ -86919.284599998965859, 4630307.539000002667308 ], [ -86610.159299998544157, 4629808.794600002467632 ], [ -86541.804999998770654, 4629698.524400001391768 ], [ -86492.086699998937547, 4629618.030599998310208 ], [ -86345.048600000329316, 4629379.984800001606345 ], [ -86165.667299998924136, 4629089.609700001776218 ], [ -85800.503800000064075, 4628478.758400000631809 ], [ -85752.088899998925626, 4628397.961999997496605 ], [ -85435.24170000012964, 4627869.259600000455976 ], [ -85055.239400000311434, 4627257.38289999961853 ], [ -84905.932199999690056, 4627024.821699999272823 ], [ -84665.419200000353158, 4626650.246100001037121 ], [ -84340.598699999041855, 4626174.61540000140667 ], [ -84257.313500000163913, 4626052.676600001752377 ], [ -84033.103499999269843, 4625655.291400004178286 ], [ -83951.86769999936223, 4625511.322000000625849 ], [ -83921.06140000000596, 4625403.137199999764562 ], [ -83895.104799998924136, 4625311.987700004130602 ], [ -83708.267300000414252, 4624970.378200002014637 ], [ -83708.266099999658763, 4624970.376299999654293 ], [ -83593.706499999389052, 4624778.97749999910593 ], [ -83397.817200000397861, 4624451.720499999821186 ], [ -82752.091300001367927, 4623373.264900002628565 ], [ -82703.295299999415874, 4623292.562999999150634 ], [ -82685.271199999377131, 4623262.755200004205108 ], [ -82651.789899999275804, 4623207.384100001305342 ], [ -82579.586500000208616, 4623087.979900000616908 ], [ -82511.690799999982119, 4622975.7027000002563 ], [ -82387.682199997827411, 4622770.646600000560284 ], [ -82075.145999999716878, 4622253.811300000175834 ], [ -82075.143999999389052, 4622253.807900002226233 ], [ -82023.270700000226498, 4622168.035700000822544 ], [ -82023.269100000150502, 4622168.032999999821186 ], [ -81677.825899999588728, 4621565.398299999535084 ], [ -81332.37849999871105, 4620962.7665 ], [ -80986.928499999456108, 4620360.1381 ], [ -80641.474299998022616, 4619757.516000000759959 ], [ -80440.059599998407066, 4619411.332800002768636 ], [ -80387.700499999336898, 4619321.350900001823902 ], [ -80290.624499998055398, 4619154.522800002247095 ], [ -79927.542399999685585, 4618552.036800000816584 ], [ -79692.314499999396503, 4618158.898800002411008 ], [ -79692.31319999974221, 4618158.896500004455447 ], [ -79637.705199999734759, 4618067.63820000179112 ], [ -79592.198599999770522, 4617991.592700002714992 ], [ -79567.155299999751151, 4617949.74379999935627 ], [ -79364.748699998483062, 4617610.6239 ], [ -79206.858599998988211, 4617346.1081000007689 ], [ -79079.404599999077618, 4617132.56700000166893 ], [ -78846.558899999596179, 4616742.477600002661347 ], [ -78460.265499998815358, 4616142.462900003418326 ], [ -78460.263600000180304, 4616142.459800001233816 ], [ -78108.23679999820888, 4615536.71030000038445 ], [ -78108.235299998894334, 4615536.707700001075864 ], [ -77728.957100000232458, 4614933.125100001692772 ], [ -77360.838699999265373, 4614324.908700002357364 ], [ -77140.482899999246001, 4613960.822700001299381 ], [ -77059.07289999909699, 4613826.319000001996756 ], [ -77036.822799999266863, 4613789.561799999326468 ], [ -76992.716799999587238, 4613716.697000002488494 ], [ -76624.591300000436604, 4613108.49100000038743 ], [ -76585.085599998943508, 4613043.213899997994304 ], [ -76552.874499998055398, 4612989.990599999204278 ], [ -76256.465499999932945, 4612500.292299998924136 ], [ -76256.46399999782443, 4612500.289799999445677 ], [ -76041.961600000038743, 4612145.888900000602007 ], [ -75888.333199999295175, 4611892.094500001519918 ], [ -75888.332000000402331, 4611892.092499999329448 ], [ -75544.467399999499321, 4611285.593700001016259 ], [ -75178.838599999435246, 4610680.294300001114607 ], [ -74863.521300000138581, 4610158.282100001350045 ], [ -74813.209099998697639, 4610074.998999999836087 ], [ -74813.207499998621643, 4610074.996500000357628 ], [ -74447.576799999922514, 4609469.712799998000264 ], [ -74447.574799999594688, 4609469.709600003436208 ], [ -74089.151100001297891, 4608858.157400000840425 ], [ -74089.148799997754395, 4608858.1535 ], [ -73964.17949999962002, 4608636.928499998524785 ], [ -73744.200699999928474, 4608247.541600001975894 ], [ -73623.714900000020862, 4608045.444399997591972 ], [ -73382.696299999020994, 4607641.201500002294779 ], [ -73120.445099998265505, 4607219.636700004339218 ], [ -73007.425499998033047, 4607037.973000003024936 ], [ -72968.991100000217557, 4606975.450600003823638 ], [ -72868.621199999935925, 4606812.180600000545382 ], [ -72736.35319999884814, 4606597.038799999281764 ], [ -72696.206800000742078, 4606531.740700002759695 ], [ -72696.205000000074506, 4606531.73790000192821 ], [ -72635.036299999803305, 4606432.238900002092123 ], [ -72528.552599999122322, 4606256.334700001403689 ], [ -72476.184899998828769, 4606169.829500000923872 ], [ -72406.482300000265241, 4606054.693299999460578 ], [ -72266.878199999220669, 4605824.099999997764826 ], [ -72184.831499999389052, 4605688.568800000473857 ], [ -72070.479000000283122, 4605499.673000002279878 ], [ -71898.712299999780953, 4605215.964699998497963 ], [ -71848.480000000447035, 4605127.70720000192523 ], [ -71668.156899999827147, 4604810.910499999299645 ], [ -71553.465399999171495, 4604609.425700001418591 ], [ -71525.060999999754131, 4604561.215600002557039 ], [ -71197.241699999198318, 4604004.844600001350045 ], [ -71181.363499998115003, 4603978.824700001627207 ], [ -70825.118299999274313, 4603395.092800000682473 ], [ -70752.225099999457598, 4603273.537600001320243 ], [ -70611.865499998442829, 4603039.48200000077486 ], [ -70459.73369999974966, 4602785.821100000292063 ], [ -70456.336400000378489, 4602780.011700004339218 ], [ -70103.785099999979138, 4602177.210700001567602 ], [ -70048.593000000342727, 4602083.0726000033319 ], [ -69868.951600001193583, 4601776.675800001248717 ], [ -69747.734399998560548, 4601569.949000000953674 ], [ -69379.552099999040365, 4600961.853700002655387 ], [ -69379.550499998964369, 4600961.851099997758865 ], [ -69171.776700000278652, 4600618.67820000462234 ], [ -69095.393400000408292, 4600492.530999999493361 ], [ -69011.365499999374151, 4600353.759099999442697 ], [ -68643.26869999896735, 4599744.322000002488494 ], [ -68275.170499998144805, 4599134.891800003126264 ], [ -67992.874299999326468, 4598667.52390000410378 ], [ -67986.724599999375641, 4598657.3432 ], [ -67907.065499999560416, 4598525.471600003540516 ], [ -67907.063199998810887, 4598525.468100002035499 ], [ -67879.552000000141561, 4598483.519000001251698 ], [ -67648.818099999800324, 4598131.714800000190735 ], [ -67511.435399998910725, 4597922.2686 ], [ -67496.881699998863041, 4597894.52479999884963 ], [ -66980.536699998192489, 4596910.436200000345707 ], [ -66970.743800001218915, 4596891.77559999935329 ], [ -66884.928500001318753, 4596757.09770000167191 ], [ -66821.727300000376999, 4596657.914500001817942 ], [ -66658.272399998269975, 4596359.1554000005126 ], [ -66592.148199997842312, 4596238.2983 ], [ -66254.194999999366701, 4595643.188100002706051 ], [ -66254.192899998277426, 4595643.184399999678135 ], [ -66176.776799999177456, 4595509.399800002574921 ], [ -65962.60869999974966, 4595139.320000000298023 ], [ -65907.082299998961389, 4595043.375000001862645 ], [ -65553.320899998769164, 4594441.757800001651049 ], [ -65347.223199999891222, 4594101.427400000393391 ], [ -65185.099600000306964, 4593833.726700002327561 ], [ -64848.557599999941885, 4593278.0044 ], [ -64816.877599998377264, 4593225.698100002482533 ], [ -64448.652399999089539, 4592617.675200000405312 ], [ -64162.174600000493228, 4592158.914300000295043 ], [ -63919.799200000241399, 4591768.297000002115965 ], [ -63693.136199998669326, 4591403.0285 ], [ -63320.855399998836219, 4590794.745200004428625 ], [ -63320.854299999773502, 4590794.743300000205636 ], [ -63228.85249999910593, 4590636.324699999764562 ], [ -62967.540999999269843, 4590186.424900000914931 ], [ -62805.986199998296797, 4589913.325200002640486 ], [ -62609.899399998597801, 4589581.870500000193715 ], [ -62249.466799997724593, 4588978.488899998366833 ], [ -62100.894100000150502, 4588739.281999999657273 ], [ -61941.200499999336898, 4588482.180000003427267 ], [ -61870.526599999517202, 4588368.408900000154972 ], [ -61728.346199999563396, 4588139.49240000359714 ], [ -61491.590999999083579, 4587758.3322 ], [ -61437.130699997767806, 4587665.020200001075864 ], [ -61135.655100000090897, 4587148.505300000309944 ], [ -61135.653099998831749, 4587148.501900002360344 ], [ -60770.003699999302626, 4586542.072000002488494 ], [ -60409.647399999201298, 4585937.366200001910329 ], [ -60165.350499998778105, 4585527.409000003710389 ], [ -60049.288099999539554, 4585332.66579999960959 ], [ -59696.920499999076128, 4584729.879300002008677 ], [ -59551.634499999694526, 4584481.329700000584126 ], [ -59344.549799999222159, 4584127.098000001162291 ], [ -58985.716499998234212, 4583519.811200004070997 ], [ -58621.581600000150502, 4582910.808000000193715 ], [ -58621.580299998633564, 4582910.805800002068281 ], [ -58534.509199999272823, 4582766.854800002649426 ], [ -58470.320600000210106, 4582660.739400001242757 ], [ -58319.458799998275936, 4582411.356500003486872 ], [ -58252.146199999377131, 4582300.088800001889467 ], [ -57882.7060999982059, 4581689.371000003069639 ], [ -57643.825899998657405, 4581295.046800004318357 ], [ -57514.424599999561906, 4581081.455900000408292 ], [ -57514.422699999064207, 4581081.453300001099706 ], [ -57407.189899999648333, 4580908.342300001531839 ], [ -57139.216699999757111, 4580475.770500004291534 ], [ -56960.158299999311566, 4580167.924100000411272 ], [ -56784.593699998222291, 4579866.101300003007054 ], [ -56555.717599999159575, 4579457.146799998357892 ], [ -56444.70399999897927, 4579258.810999998822808 ], [ -56343.640999998897314, 4579078.227700000628829 ], [ -56238.025499999523163, 4578889.526100004091859 ], [ -56104.813399998471141, 4578651.523600000888109 ], [ -55759.430200000293553, 4578045.22069999948144 ], [ -55751.989999999292195, 4578032.553300002589822 ], [ -55402.008399998769164, 4577436.732899999246001 ], [ -55037.748999999836087, 4576829.131700001657009 ], [ -55037.746399998664856, 4576829.127500001341105 ], [ -54888.249399999156594, 4576584.093599997460842 ], [ -54666.748999999836087, 4576221.06870000064373 ], [ -54511.411199999041855, 4575966.468200001865625 ], [ -54295.744800001382828, 4575613.012700000777841 ], [ -53935.615099999122322, 4575004.360400002449751 ], [ -53575.574599999934435, 4574394.365200001746416 ], [ -53510.226599999703467, 4574285.591600000858307 ], [ -53208.791799999773502, 4573783.908900002017617 ], [ -52909.179999998770654, 4573280.468200001865625 ], [ -52844.798499999567866, 4573172.294600000604987 ], [ -52795.006900001317263, 4573088.6294 ], [ -52480.797899998724461, 4572560.692700002342463 ], [ -52480.796299998648465, 4572560.690099999308586 ], [ -52409.634100000374019, 4572441.114800002425909 ], [ -52116.797199999913573, 4571949.089400000870228 ], [ -51748.747999999672174, 4571337.215600002557039 ], [ -51748.745400000363588, 4571337.214500002563 ], [ -51642.903799999505281, 4571161.680700000375509 ], [ -51380.599599999375641, 4570726.691799998283386 ], [ -51040.321899998001754, 4570138.296800002455711 ], [ -51029.789200000464916, 4570120.085800001397729 ], [ -51029.787499999627471, 4570120.082699999213219 ], [ -50679.245000000111759, 4569548.709800001233816 ], [ -50445.194699998944998, 4569153.326800001785159 ], [ -50343.950699998997152, 4568985.718300001695752 ], [ -50192.528500000014901, 4568735.059699999168515 ], [ -50192.526100000366569, 4568735.055700000375509 ], [ -50192.078700000420213, 4568734.315100001171231 ], [ -50175.408999999053776, 4568706.721699999645352 ], [ -50175.412899999879301, 4568706.720100000500679 ], [ -50337.012099999934435, 4568659.022199999541044 ], [ -50978.529099999926984, 4568469.705100003629923 ], [ -51284.191499998793006, 4568379.524999998509884 ], [ -51409.981800000183284, 4568342.417199999094009 ], [ -51904.013799998909235, 4568197.113900003954768 ], [ -52655.538900000043213, 4567976.151700003072619 ], [ -52655.541499999351799, 4567976.150900004431605 ], [ -52659.714299998246133, 4567974.936700003221631 ], [ -53900.839399999938905, 4567613.917100001126528 ], [ -54138.478799998760223, 4567545.920000001788139 ], [ -55140.2043999992311, 4567259.388100001960993 ], [ -55140.207299998961389, 4567259.387199999764562 ], [ -55771.978899999521673, 4567074.838899999856949 ], [ -56381.494300000369549, 4566896.852899998426437 ], [ -57039.355499999597669, 4566701.886000003665686 ], [ -57623.172899998724461, 4566528.91440000012517 ], [ -57797.823999999091029, 4566477.145900001749396 ], [ -58864.869599998928607, 4566160.96480000205338 ], [ -58864.872899999842048, 4566160.9638 ], [ -58961.97440000064671, 4566132.181399999186397 ], [ -59280.233099998906255, 4566037.852299999445677 ], [ -59521.632899998687208, 4565966.314400000497699 ], [ -60106.583599998615682, 4565793.005000002682209 ], [ -60373.589700000360608, 4565713.860400004312396 ], [ -60759.125399999320507, 4565599.604100000113249 ], [ -61348.315999999642372, 4565425.03320000320673 ], [ -62595.178399999625981, 4565061.467100001871586 ], [ -62845.877600000239909, 4564988.346500001847744 ], [ -62996.03349999897182, 4564944.555200001224875 ], [ -63842.059100000187755, 4564697.889900002628565 ], [ -64315.464100000448525, 4564559.131900001317263 ], [ -65087.701299998909235, 4564332.860300002619624 ], [ -65969.073399999178946, 4564072.3355 ], [ -66332.199799999594688, 4563965.030500002205372 ], [ -66448.298999999649823, 4563930.705 ], [ -66711.646399999968708, 4563852.851700002327561 ], [ -67576.715999999083579, 4563597.189400002360344 ], [ -68496.983099999837577, 4563336.962300002574921 ], [ -68824.270800000987947, 4563244.447100002318621 ], [ -69475.891299999319017, 4563060.199700003489852 ], [ -70071.843299999833107, 4562891.69170000217855 ], [ -70445.253099999390543, 4562786.503900002688169 ], [ -69496.728099999018013, 4561785.3224 ], [ -68644.059100000187755, 4560831.655099999159575 ], [ -68513.098799999803305, 4560663.096400002017617 ], [ -68304.361999999731779, 4560394.459100002422929 ], [ -67951.23450000025332, 4559939.977800000458956 ], [ -67910.040500000119209, 4559886.96650000102818 ], [ -67650.507500000298023, 4559581.832699999213219 ], [ -67380.054800000041723, 4559263.86259999871254 ], [ -67049.187499999068677, 4558890.932100001722574 ], [ -66828.301799999549985, 4558641.977400001138449 ], [ -66688.062999998219311, 4558484.650900004431605 ], [ -66377.770799999125302, 4558136.603900000452995 ], [ -66278.876299999654293, 4558025.675700001418591 ], [ -66253.089900000020862, 4557996.404100004583597 ], [ -65963.347900000400841, 4557667.578499998897314 ], [ -65733.684399998746812, 4557406.9627 ], [ -65202.336399999447167, 4556783.803400000557303 ], [ -64728.610899998806417, 4556228.220600001513958 ], [ -64670.995299999602139, 4556160.646300001069903 ], [ -64275.598399999551475, 4555700.227800004184246 ], [ -64275.355000000447035, 4555699.93550000153482 ], [ -64183.551300000399351, 4555593.050100000575185 ], [ -64135.601599999703467, 4555537.224200000986457 ], [ -63598.673999997787178, 4554916.408800000324845 ], [ -63590.370799998752773, 4554906.980900000780821 ], [ -63052.213399999774992, 4554296.297300001606345 ], [ -62837.680499999783933, 4554055.094200002029538 ], [ -62744.54829999897629, 4553950.386800000444055 ], [ -62559.762799999676645, 4553742.626499999314547 ], [ -62557.806799999438226, 4553740.436200000345707 ], [ -62512.77589999884367, 4553689.805000001564622 ], [ -62501.617299999110401, 4553677.268600003793836 ], [ -61959.019899999722838, 4553060.148199999704957 ], [ -61416.509100000374019, 4552441.688500002026558 ], [ -60877.953399998135865, 4551824.870700001716614 ], [ -60446.773299999535084, 4551341.342800002545118 ], [ -60331.020399998873472, 4551211.543299999088049 ], [ -60226.608799998648465, 4551090.242600001394749 ], [ -59891.82660000026226, 4550701.346300000324845 ], [ -59798.040499999187887, 4550592.412699999287724 ], [ -59265.05250000115484, 4549973.291200000792742 ], [ -59070.510300000198185, 4549755.102100001648068 ], [ -58714.355399998836219, 4549355.669099999591708 ], [ -58597.966500000096858, 4549222.597000000998378 ], [ -58399.212899997830391, 4548995.359300002455711 ], [ -58245.164300000295043, 4548797.429099999368191 ], [ -58101.822900000028312, 4548613.251199999824166 ], [ -57951.139600000344217, 4548444.291400000452995 ], [ -57858.066999999806285, 4548339.933700002729893 ], [ -57705.743300000205636, 4548169.1513 ], [ -57665.532899999991059, 4548124.063000001013279 ], [ -57117.712299997918308, 4547503.9543999992311 ], [ -56999.220099999569356, 4547369.811300003901124 ], [ -56569.897199999541044, 4546883.8509 ], [ -56022.07179999910295, 4546263.758900001645088 ], [ -55880.610799999907613, 4546099.8293999992311 ], [ -55806.024700000882149, 4546013.40230000205338 ], [ -55485.219599998556077, 4545641.723000003024936 ], [ -54936.659599998965859, 4545032.431399999186397 ], [ -54853.949599999934435, 4544940.368200000375509 ], [ -54522.703899999149144, 4544571.66300000064075 ], [ -54391.952499999664724, 4544426.116300001740456 ], [ -54198.305900000035763, 4544215.603000000119209 ], [ -54159.727400000207126, 4544173.665300002321601 ], [ -53931.220099998638034, 4543925.270400002598763 ], [ -53841.290999998338521, 4543827.535000003874302 ], [ -53674.423099999316037, 4543637.189100001007318 ], [ -53636.599899999797344, 4543594.048900000751019 ], [ -53577.008499999530613, 4543527.236600000411272 ], [ -53508.384300000034273, 4543450.292800003662705 ], [ -53430.565000000409782, 4543363.052300000563264 ], [ -53312.989799999631941, 4543231.23619999922812 ], [ -53225.417799999937415, 4543133.050599999725819 ], [ -52762.749599998816848, 4542614.348000001162291 ], [ -52682.373199999332428, 4542521.238200001418591 ], [ -52496.309699999168515, 4542305.668500000610948 ], [ -52459.33420000039041, 4542262.829200001433492 ], [ -51670.199699999764562, 4541348.771199999377131 ], [ -52106.070199999026954, 4540327.8074000030756 ], [ -52351.223600000143051, 4539794.746400002390146 ], [ -52743.009499998763204, 4538942.809100000187755 ], [ -52921.629799999296665, 4538532.862400000914931 ], [ -53346.004599999636412, 4537558.847500000149012 ], [ -53756.351699999533594, 4536620.847699999809265 ], [ -53801.302999998442829, 4536518.079600002616644 ], [ -54201.576499999500811, 4535603.077900001779199 ], [ -54429.230899999849498, 4535081.355600001290441 ], [ -54464.06279999949038, 4535001.545800002291799 ], [ -54487.841099999845028, 4534947.040900001302361 ], [ -54768.175699998624623, 4534304.600800003856421 ], [ -54880.842699998989701, 4534143.046900000423193 ], [ -55333.023499999195337, 4533816.360399998724461 ], [ -55337.559499999508262, 4533813.08330000191927 ], [ -55355.53319999948144, 4533800.098600000143051 ], [ -55378.624199999496341, 4533783.416800001636147 ], [ -55568.620099999010563, 4533646.131899999454618 ], [ -56153.890800000168383, 4533223.2982 ], [ -56241.774899998679757, 4533159.807600002735853 ], [ -56483.112099999561906, 4532991.269899999722838 ], [ -56715.170199998654425, 4532829.226400000974536 ], [ -57304.91569999884814, 4532417.402599999681115 ], [ -57307.711700000800192, 4532415.454200001433492 ], [ -57584.514600000344217, 4532222.13990000076592 ], [ -57676.563199998810887, 4532157.85780000127852 ], [ -57676.571399997919798, 4532157.850800001993775 ], [ -58046.561599999666214, 4531899.491600001230836 ], [ -58112.525799999013543, 4531853.427400002256036 ], [ -58144.484299998730421, 4531831.112700002267957 ], [ -59091.897499999962747, 4531160.379900000989437 ], [ -60023.632099999114871, 4530500.736600004136562 ], [ -60381.778699998743832, 4530247.102399999275804 ], [ -60427.780499998480082, 4530214.527700001373887 ], [ -60494.467799999751151, 4530167.304300002753735 ], [ -60586.885300000198185, 4530101.867000002413988 ], [ -60767.351400000043213, 4529974.084500001743436 ], [ -61221.374900000169873, 4529652.573200004175305 ], [ -61348.47719999961555, 4529562.566600004211068 ], [ -61500.812699997797608, 4529454.683600001037121 ], [ -61601.61949999909848, 4529383.295100001618266 ], [ -61630.156099999323487, 4529363.088500000536442 ], [ -61717.96999999973923, 4529300.908600002527237 ], [ -61770.443899998441339, 4529263.753200000151992 ], [ -61885.015300000086427, 4529182.625 ], [ -62724.135599999688566, 4528605.34850000217557 ], [ -63190.835799998603761, 4528284.265100000426173 ], [ -63335.876799999736249, 4528184.489900000393391 ], [ -63560.180800000205636, 4528030.167200000956655 ], [ -63800.588299999013543, 4527864.783400001004338 ], [ -65319.427799999713898, 4526830.943399999290705 ], [ -65355.936899999156594, 4526806.088900003582239 ], [ -65725.82899999897927, 4526554.312699999660254 ], [ -66672.600599998608232, 4525920.641400001943111 ], [ -66966.667999998666346, 4525723.819600000977516 ], [ -67125.841899999417365, 4525617.276100002229214 ], [ -67699.207000000402331, 4525233.526600003242493 ], [ -67725.693199999630451, 4525214.894800001755357 ], [ -67768.589999998919666, 4525184.723200002685189 ], [ -67962.733199998736382, 4525048.153700003400445 ], [ -68136.183999999426305, 4524926.14580000191927 ], [ -68376.161799999885261, 4524757.359100000932813 ], [ -69944.310999998822808, 4523654.296000001952052 ], [ -71019.35249999910593, 4522918.416899999603629 ], [ -71973.868199999444187, 4522265.029500003904104 ], [ -72317.863999999128282, 4522029.533000001683831 ], [ -72460.664099998772144, 4521931.786299999803305 ], [ -72462.618199998512864, 4521930.451700003817677 ], [ -72707.648599999956787, 4521762.731699999421835 ], [ -73076.847000000067055, 4521509.998500004410744 ], [ -73315.562199998646975, 4521346.578100001439452 ], [ -73547.292499999515712, 4521187.959599997848272 ], [ -74391.144499999471009, 4520597.625800000503659 ], [ -75443.246399998664856, 4519861.605300003662705 ], [ -75706.002399999648333, 4519651.384400002658367 ], [ -75708.392699999734759, 4519649.47410000115633 ], [ -76203.272199999541044, 4519347.150399999693036 ], [ -76615.041600000113249, 4519095.638699999079108 ], [ -77601.143500000238419, 4518493.260300001129508 ], [ -77822.103400000371039, 4518358.284000001847744 ], [ -78900.467100000008941, 4517628.917400000616908 ], [ -79036.911299999803305, 4517536.614400003105402 ], [ -79578.222799997776747, 4517170.451600002124906 ], [ -79578.382099999114871, 4517170.339900001883507 ], [ -79578.457599999383092, 4517170.286900002509356 ], [ -79578.991199999116361, 4517169.924499997869134 ], [ -79652.2237000009045, 4517120.391400001943111 ], [ -79671.420399999246001, 4517107.407199999317527 ], [ -79707.156499998643994, 4517083.228700002655387 ], [ -79770.028100000694394, 4517040.691099999472499 ], [ -79840.856399999931455, 4516992.781300000846386 ], [ -80388.660500000230968, 4516622.22580000013113 ], [ -80996.596900001168251, 4516210.978199999779463 ], [ -81568.143400001339614, 4515824.35249999910593 ], [ -81596.952999998815358, 4515804.8581000007689 ], [ -81604.55350000038743, 4515799.718400001525879 ], [ -82673.382199998944998, 4515076.682099999859929 ], [ -82781.392099998891354, 4515452.715700000524521 ], [ -82871.447599998675287, 4515806.310600001364946 ], [ -82996.249299999326468, 4516197.266200002282858 ], [ -83063.468500000424683, 4516509.661500001326203 ], [ -83094.323299999348819, 4516703.78010000102222 ], [ -83103.181499999947846, 4516759.488000001758337 ], [ -83133.549099999479949, 4516950.504400001838803 ], [ -83187.025000000372529, 4517157.0307 ], [ -83214.052599999122322, 4517273.1385000012815 ], [ -83274.240899998694658, 4517449.818899998441339 ], [ -83378.807400000281632, 4517818.818299999460578 ], [ -83387.393899998627603, 4517849.112199999392033 ], [ -83388.795500000938773, 4517854.0647 ], [ -83434.836499999277294, 4518067.078700000420213 ], [ -83439.888699998147786, 4518148.885499998927116 ], [ -83450.322399999015033, 4518317.639099998399615 ], [ -83436.045599998906255, 4518594.145300004631281 ], [ -83372.329499999061227, 4518911.575100000947714 ], [ -83348.541100000031292, 4519041.485600000247359 ], [ -83330.030499999411404, 4519142.562100002542138 ], [ -83305.277099998667836, 4519277.737100001424551 ], [ -83230.497799999080598, 4519722.643900001421571 ], [ -83205.621500000357628, 4519879.617200000211596 ], [ -83155.939000000245869, 4520232.346300000324845 ], [ -83131.094299999065697, 4520594.926000000908971 ], [ -83122.055499998852611, 4520825.230200001969934 ], [ -83117.073499999009073, 4520943.529500002041459 ], [ -83098.832700001075864, 4521303.903799999505281 ], [ -83066.682799998670816, 4521534.881899999454618 ], [ -83038.781999999657273, 4521976.009700002148747 ], [ -83036.419499998912215, 4522057.121600000187755 ], [ -83035.340200000442564, 4522094.244300000369549 ], [ -83031.946399999782443, 4522210.796499997377396 ], [ -83030.434800000861287, 4522262.53999999910593 ], [ -83026.71309999935329, 4522390.243900001049042 ], [ -83049.53139999974519, 4522601.671100001782179 ], [ -83037.255899999290705, 4522712.753200002014637 ], [ -83058.992599999532104, 4522837.82909999974072 ], [ -83195.12779999896884, 4523327.672200001776218 ], [ -83237.271900000050664, 4523464.3301 ], [ -83297.650000000372529, 4523642.3366 ], [ -83382.212399998679757, 4523769.388199998065829 ], [ -83458.290199999697506, 4523884.196200001984835 ], [ -83587.103000000119209, 4524011.948000002652407 ], [ -83743.205000000074506, 4524115.924500001594424 ], [ -83832.882799998857081, 4524236.332399997860193 ], [ -83954.286299998871982, 4524389.774700002744794 ], [ -83976.18089999910444, 4524417.446599999442697 ], [ -84004.550400000065565, 4524453.302100002765656 ], [ -84093.892699998803437, 4524603.329600000753999 ], [ -84177.829899999313056, 4524724.990300001576543 ], [ -84341.432500001043081, 4524947.433000000193715 ], [ -84574.463299998082221, 4525119.645700002089143 ], [ -84788.84320000000298, 4525257.934500003233552 ], [ -85069.111399999819696, 4525489.351199999451637 ], [ -85362.610000000335276, 4525765.986700002104044 ], [ -85486.809399999678135, 4525885.034100001677871 ], [ -85550.968999998643994, 4525946.534499999135733 ], [ -85574.85319999884814, 4525969.421500001102686 ], [ -85713.684399998746812, 4526121.191700000315905 ], [ -85925.923300000838935, 4526324.631700001657009 ], [ -86061.607699999585748, 4526420.21760000102222 ], [ -86192.591499998234212, 4526550.459600001573563 ], [ -86355.037399998866022, 4526731.829300001263618 ], [ -86537.993400000035763, 4526954.2478 ], [ -86726.51039999909699, 4527219.856900000944734 ], [ -86735.437199999578297, 4527232.440700002014637 ], [ -86786.778099999763072, 4527304.781500000506639 ], [ -86917.623799999244511, 4527501.217500003054738 ], [ -86982.144799998961389, 4527598.095300000160933 ], [ -86991.853099999018013, 4527612.668200001120567 ], [ -87195.784299999475479, 4527869.178200002759695 ], [ -87420.451699999161065, 4528129.446900002658367 ], [ -87568.975999998860061, 4528309.867799999192357 ], [ -87583.744299999438226, 4528326.549000000581145 ], [ -87597.615299999713898, 4528342.206900000572205 ], [ -87705.324399998411536, 4528463.806300001218915 ], [ -87858.991399998776615, 4528705.208700003102422 ], [ -87958.68129999935627, 4528849.63539999909699 ], [ -88056.324499999172986, 4529091.860999999567866 ], [ -88190.510900000110269, 4529481.182900002226233 ], [ -88227.178399998694658, 4529632.16780000180006 ], [ -88251.467199999839067, 4529732.17850000038743 ], [ -88283.232599998824298, 4529862.985100001096725 ], [ -88346.784299998544157, 4530126.193500000983477 ], [ -88392.176599998958409, 4530416.144400004297495 ], [ -88426.491099999286234, 4530595.724200000986457 ], [ -88438.777700000442564, 4530722.499300003051758 ], [ -88436.201999998651445, 4530763.646900003775954 ], [ -88435.906899998895824, 4530768.405099999159575 ], [ -88421.211600000038743, 4531003.262899998575449 ], [ -88419.544900000095367, 4531029.931200001388788 ], [ -88414.81209999974817, 4531105.624400001019239 ], [ -88382.194700000807643, 4531478.83559999987483 ], [ -88356.335199999623001, 4531719.579700000584126 ], [ -88327.158200000412762, 4531838.8366 ], [ -88325.716899999417365, 4531844.934000002220273 ], [ -88312.829099998809397, 4531899.527899999171495 ], [ -88228.522499999962747, 4532256.482299998402596 ], [ -88185.848000000230968, 4532470.42710000090301 ], [ -88088.418600000441074, 4532904.474900003522635 ], [ -88046.353499999269843, 4533168.815700003877282 ], [ -88046.326200000010431, 4533168.965800002217293 ], [ -88018.675900000147521, 4533342.757800001651049 ], [ -87943.172799998894334, 4533796.964500000700355 ], [ -87909.763299999758601, 4534058.940800003707409 ], [ -87883.287999999709427, 4534271.010199999436736 ], [ -87877.627600000239909, 4534377.783500000834465 ], [ -87863.496700000017881, 4534462.769000001251698 ], [ -87840.816199998371303, 4534599.14130000025034 ], [ -87833.919300000183284, 4534640.6228 ], [ -87822.631299998611212, 4534940.669200003147125 ], [ -87872.293800000101328, 4535100.324699999764562 ], [ -87881.388300000689924, 4535273.514800000935793 ], [ -87924.975199999287724, 4535453.735400000587106 ], [ -87972.791499999351799, 4535606.265000002458692 ], [ -88050.48439999949187, 4535833.142100002616644 ], [ -88070.87609999999404, 4535877.516200000420213 ], [ -88112.478099999018013, 4535968.05660000257194 ], [ -88135.68030000012368, 4536018.551400002092123 ], [ -88201.342099998146296, 4536148.993600003421307 ], [ -88306.882699998095632, 4536377.7785 ], [ -88386.648099998943508, 4536574.479400003328919 ], [ -88440.560599999502301, 4536774.073500001803041 ], [ -88535.551199999637902, 4537088.423800000920892 ], [ -88553.777799999341369, 4537152.637000001966953 ], [ -88576.59330000076443, 4537233.017699999734759 ], [ -88595.628799999132752, 4537300.094299998134375 ], [ -88637.455799999646842, 4537505.85190000012517 ], [ -88641.800299998372793, 4537625.643999999389052 ], [ -88643.645999998785555, 4537676.624099999666214 ], [ -88647.123699998483062, 4537772.36629999987781 ], [ -88670.612899999134243, 4537939.547400003299117 ], [ -88676.974000000394881, 4537983.895400002598763 ], [ -88678.929499998688698, 4537997.554200001060963 ], [ -88694.254900000058115, 4538104.409800002351403 ], [ -88736.083999999798834, 4538310.171100001782179 ], [ -88790.450199997983873, 4538435.174000000581145 ], [ -88891.880899999290705, 4538554.0801 ], [ -88970.898899999447167, 4538659.784700002521276 ], [ -89102.676799998618662, 4538846.0768 ], [ -89207.55519999936223, 4539016.5252 ], [ -89284.499299999326468, 4539152.411499999463558 ], [ -89407.32149999961257, 4539401.052699999883771 ], [ -89518.599499998614192, 4539546.286699999123812 ], [ -89581.150299998931587, 4539654.663700001314282 ], [ -89630.711500000208616, 4539740.544700002297759 ], [ -89676.966599999926984, 4539820.692199997603893 ], [ -89786.097299998626113, 4540031.083299998193979 ], [ -89836.491499997675419, 4540281.742500001564622 ], [ -89862.861399999819696, 4540474.778999999165535 ], [ -89872.592699998989701, 4540706.318899998441339 ], [ -89873.20339999999851, 4540768.908500000834465 ], [ -89873.548999999649823, 4540804.320500001311302 ], [ -89877.813099999912083, 4541240.712099999189377 ], [ -89881.998999997973442, 4541266.202100001275539 ], [ -89900.510299999266863, 4541378.865100001916289 ], [ -89932.059300000779331, 4541570.92960000038147 ], [ -90000.827599998563528, 4541689.929400002583861 ], [ -90151.993300000205636, 4542001.154400002211332 ], [ -90228.76829999871552, 4542139.361100001260638 ], [ -90376.713200000114739, 4542361.757700003683567 ], [ -90486.145399999804795, 4542499.876599999144673 ], [ -90507.241699999198318, 4542509.667099999263883 ], [ -90592.362900000065565, 4542549.162600001320243 ], [ -90722.238499999977648, 4542660.246300000697374 ], [ -90722.502699999138713, 4542660.472799999639392 ], [ -90746.534699998795986, 4542681.029799999669194 ], [ -90884.051799998618662, 4542783.773000003769994 ], [ -91061.922500000335276, 4542977.91499999910593 ], [ -91222.590199999511242, 4543184.862400002777576 ], [ -91341.957699998281896, 4543381.974000001326203 ], [ -91531.528699999675155, 4543677.19620000384748 ], [ -91626.248999998904765, 4543893.599300002679229 ], [ -91652.414799998514354, 4544002.891800001263618 ], [ -91677.150800000876188, 4544093.709600001573563 ], [ -91679.25999999884516, 4544100.500500002875924 ], [ -91724.877899998798966, 4544246.832900000736117 ], [ -91731.15639999974519, 4544266.958100004121661 ], [ -91733.979599999263883, 4544463.046700002625585 ], [ -91708.878399999812245, 4544624.562300002202392 ], [ -91662.344399999827147, 4544961.840700000524521 ], [ -91621.884899999015033, 4545161.268000001087785 ], [ -91556.82979999948293, 4545458.694199997931719 ], [ -91478.446600000374019, 4545770.075899997726083 ], [ -91409.100300000049174, 4546133.773299999535084 ], [ -91373.347300000488758, 4546280.562699999660254 ], [ -91288.95160000026226, 4546659.543400002643466 ], [ -91232.876200000755489, 4546898.221699999645352 ], [ -91227.00550000090152, 4546937.521700002253056 ], [ -91225.585099999792874, 4546947.019900001585484 ], [ -91204.536999999545515, 4547087.901499999687076 ], [ -91174.807099999859929, 4547284.249800002202392 ], [ -91106.981900000013411, 4547642.810400001704693 ], [ -91035.070499999448657, 4548043.639500001445413 ], [ -90990.84559999871999, 4548381.071700001135468 ], [ -90981.531999999657273, 4548497.175799999386072 ], [ -90981.192999998107553, 4548501.387800000607967 ], [ -90973.338200000114739, 4548599.268000001087785 ], [ -90959.766999999061227, 4548768.455399999395013 ], [ -90957.913099999539554, 4548791.583200002089143 ], [ -90924.795799999497831, 4549001.514300001785159 ], [ -90888.24930000025779, 4549295.1721 ], [ -90840.687999999150634, 4549762.517900001257658 ], [ -90822.961099999025464, 4549913.873600002378225 ], [ -90772.677000000141561, 4550255.986700000241399 ], [ -90745.530199999921024, 4550398.575999999418855 ], [ -90720.267099997960031, 4550514.928600000217557 ], [ -90707.55559999961406, 4550665.639200003817677 ], [ -90654.589399999938905, 4550960.489800004288554 ], [ -90621.595399999059737, 4551239.180300001055002 ], [ -90610.368699999526143, 4551334.033399999141693 ], [ -90609.956899997778237, 4551337.539200002327561 ], [ -90559.148799998685718, 4551567.250100001692772 ], [ -90508.649400000460446, 4551724.677700001746416 ], [ -90485.294999998994172, 4551787.42879999987781 ], [ -90436.209300000220537, 4551919.268400000408292 ], [ -90388.45579999871552, 4552047.545200001448393 ], [ -90165.849600000306964, 4552595.815900001674891 ], [ -90152.577399999834597, 4552636.759199999272823 ], [ -90121.17090000025928, 4552745.063799999654293 ], [ -90137.427699998952448, 4552949.072700001299381 ], [ -90184.507599999196827, 4553281.141200002282858 ], [ -90225.575899999588728, 4553598.79670000448823 ], [ -90239.412999999709427, 4553661.495999999344349 ], [ -90255.99210000038147, 4553736.608200002461672 ], [ -90278.885499998927116, 4553840.340199999511242 ], [ -90291.297199999913573, 4554100.052200002595782 ], [ -90290.069999999366701, 4554204.524600001052022 ], [ -90289.898699999786913, 4554218.858400002121925 ], [ -90288.418899999931455, 4554344.723500000312924 ], [ -90279.623599997721612, 4554472.38090000115335 ], [ -90280.10499999858439, 4554668.304199999198318 ], [ -90261.064100000075996, 4554809.249600000679493 ], [ -90184.390700000338256, 4555041.828199999406934 ], [ -90155.553099999204278, 4555140.564299998804927 ], [ -90083.703700000420213, 4555386.522400001063943 ], [ -90077.244500000029802, 4555408.635800000280142 ], [ -90056.183600000105798, 4555480.745000001043081 ], [ -89968.308299999684095, 4555875.797000002115965 ], [ -89886.751099999062717, 4556280.609600001946092 ], [ -89872.974499999545515, 4556359.633400002494454 ], [ -89844.088800000026822, 4556697.592499999329448 ], [ -89843.212500000372529, 4556709.041500004008412 ], [ -89837.644100000150502, 4556913.530600000172853 ], [ -89836.392499998211861, 4557164.657700000330806 ], [ -89837.443899999372661, 4557401.256400002166629 ], [ -89836.406999999657273, 4557754.044700000435114 ], [ -89836.276600000448525, 4557799.059099998325109 ], [ -89835.997600000351667, 4557895.550300002098083 ], [ -89842.552899998612702, 4558138.533400002866983 ], [ -89843.672099999152124, 4558257.545400001108646 ], [ -89880.1612000009045, 4558472.285600002855062 ], [ -89915.771499999798834, 4558733.600400002673268 ], [ -89959.800800000317395, 4559067.929600002244115 ], [ -89962.099599999375641, 4559085.419399999082088 ], [ -89964.73509999923408, 4559105.439800001680851 ], [ -89967.222599999047816, 4559120.494400002062321 ], [ -89968.251299999654293, 4559126.722200002521276 ], [ -90051.872699998319149, 4559633.83390000090003 ], [ -90112.933399999514222, 4559864.258900001645088 ], [ -90140.217699999921024, 4559975.744699997827411 ], [ -90239.930100001394749, 4560220.498500000685453 ], [ -90286.280899998731911, 4560380.144900003448129 ], [ -90288.098099999129772, 4560386.405200002714992 ], [ -90343.561099999584258, 4560577.457900002598763 ], [ -90436.625, 4560817.08870000205934 ], [ -90552.664499999023974, 4561027.988800000399351 ], [ -90581.070299998857081, 4561123.230900000780821 ], [ -90674.869400000199676, 4561250.973600000143051 ], [ -90740.533999999985099, 4561339.219799999147654 ], [ -90789.439100000075996, 4561404.951999999582767 ], [ -90828.523400000296533, 4561457.475300000980496 ], [ -91007.386699998751283, 4561673.446700001135468 ], [ -91125.018399998545647, 4561813.763699999079108 ], [ -91350.150799999944866, 4562076.508800003677607 ], [ -91562.229799999855459, 4562315.031900001689792 ], [ -91672.751299999654293, 4562436.932100001722574 ], [ -91747.493699999526143, 4562570.360100002959371 ], [ -91876.343500000424683, 4562730.841900000348687 ], [ -92001.987199999392033, 4562870.119800001382828 ], [ -92069.446399999782443, 4563007.710900003090501 ], [ -92073.17269999999553, 4563014.898100001737475 ], [ -92074.620999999344349, 4563017.692200003191829 ], [ -92123.357900000177324, 4563111.7939 ], [ -92166.654699998907745, 4563196.264000002294779 ], [ -92245.982299998402596, 4563355.727100003510714 ], [ -92363.776100000366569, 4563541.099500000476837 ], [ -92543.200400000438094, 4563779.70690000243485 ], [ -92655.238999999128282, 4563913.377500001341105 ], [ -92717.581099999137223, 4563989.979900002479553 ], [ -92854.658900001086295, 4564194.414100000634789 ], [ -92863.60080000013113, 4564207.748500002548099 ], [ -92878.272900000214577, 4564229.630300000309944 ], [ -92992.071699999272823, 4564405.4024 ], [ -93045.921699999831617, 4564537.3902000002563 ], [ -93170.279299998655915, 4564762.87300000153482 ], [ -93197.829499999061227, 4564838.514200003817677 ], [ -93217.325799997895956, 4564892.053100001066923 ], [ -93274.764899999834597, 4565140.904500000178814 ], [ -93349.97169999871403, 4565402.632200000807643 ], [ -93353.708699999377131, 4565425.390500001609325 ], [ -93384.442200000397861, 4565612.579500000923872 ], [ -93410.89329999871552, 4566006.204200001433492 ], [ -93431.81279999949038, 4566378.4693 ], [ -93484.232699998654425, 4566673.235800001770258 ], [ -93505.502399999648333, 4566791.4112 ], [ -93522.068999999202788, 4566883.379300002008677 ], [ -93531.075100000016391, 4566933.385800002142787 ], [ -93577.473399999551475, 4567071.859600001946092 ], [ -93641.802599998190999, 4567220.899900000542402 ], [ -93715.901999999769032, 4567363.616499999538064 ], [ -93744.375900000333786, 4567491.517100002616644 ], [ -93802.151999998837709, 4567600.457800000905991 ], [ -93892.975700000301003, 4567737.339199999347329 ], [ -93974.115399998612702, 4567845.56530000269413 ], [ -94098.400299998931587, 4567974.666000001132488 ], [ -94107.32969999872148, 4567983.941500000655651 ], [ -94156.900100000202656, 4568035.441600002348423 ], [ -94299.922799997963011, 4568091.967200003564358 ], [ -94455.277699999511242, 4568134.36600000038743 ], [ -94517.375199999660254, 4568151.307700000703335 ], [ -94631.827399998903275, 4568182.542200000956655 ], [ -94653.791999998502433, 4568184.483500001952052 ], [ -94875.223399999551475, 4568204.030899999663234 ], [ -95037.93959999922663, 4568245.595200002193451 ], [ -95211.616799999959767, 4568297.242600001394749 ], [ -95460.448999999091029, 4568375.079500000923872 ], [ -95574.981900000013411, 4568417.862999999895692 ], [ -95679.672899999655783, 4568456.9726 ], [ -95812.851999999023974, 4568506.723600003868341 ], [ -96150.286599999293685, 4568618.670800000429153 ], [ -96369.582299998961389, 4568685.13880000077188 ], [ -96547.034399999305606, 4568716.05970000103116 ], [ -96724.553999999538064, 4568779.63880000077188 ], [ -96929.361200000159442, 4568887.091099999845028 ], [ -97154.17259999923408, 4569073.902499999850988 ], [ -97162.264099999330938, 4569080.627400001510978 ], [ -97282.61089999973774, 4569180.638000002130866 ], [ -97284.462799999862909, 4569182.1765 ], [ -97146.489999999292195, 4569524.815200002864003 ], [ -97100.208700000308454, 4569654.555299999192357 ], [ -97009.650999998673797, 4569851.20070000179112 ], [ -96885.304799998179078, 4570064.170299999415874 ], [ -96818.278200000524521, 4570257.782600000500679 ], [ -96788.707899999804795, 4570449.317600002512336 ], [ -96771.238699998706579, 4570567.0559 ], [ -96780.195600000210106, 4570684.651499999687076 ], [ -96802.520999998785555, 4570845.101100001484156 ], [ -96833.356599998660386, 4570984.159300001338124 ], [ -96890.323699998669326, 4571104.7094 ], [ -96976.184599999338388, 4571245.920700000599027 ], [ -97022.670699999667704, 4571349.428200002759695 ], [ -97046.987300000153482, 4571402.413600001484156 ], [ -97115.330899999476969, 4571493.437200002372265 ], [ -97208.715499999001622, 4571593.186500001698732 ], [ -97300.986700000241399, 4571709.186000000685453 ], [ -97366.462000000290573, 4571838.845499999821186 ], [ -97368.889600000344217, 4571843.650399999693036 ], [ -97397.396099999547005, 4571900.10670000128448 ], [ -97403.295999999158084, 4572017.124299999326468 ], [ -97395.342499999329448, 4572165.843699999153614 ], [ -97375.158399999141693, 4572255.403100000694394 ], [ -97374.68259999807924, 4572256.9397 ], [ -97370.439399999566376, 4572270.765100002288818 ], [ -97323.974999997764826, 4572422.125400001183152 ], [ -97229.779400000348687, 4572772.445199998095632 ], [ -97190.525399998761714, 4572935.323200004175305 ], [ -97155.997899999842048, 4573063.54590000025928 ], [ -97150.944899999536574, 4573102.843900000676513 ], [ -97131.371299997903407, 4573318.39160000346601 ], [ -97169.932199999690056, 4573728.579800002276897 ], [ -97175.216499999165535, 4573784.777700003236532 ], [ -97177.049899999983609, 4573804.331600001081824 ], [ -97223.251800000667572, 4574139.813200000673532 ], [ -97238.739299999549985, 4574252.258000003173947 ], [ -97250.011299999430776, 4574334.146500004455447 ], [ -97378.121799998916686, 4574842.1216000020504 ], [ -97401.145799999125302, 4574981.315800001844764 ], [ -97409.113499999046326, 4575034.855500001460314 ], [ -97413.804399998858571, 4575066.347800001502037 ], [ -97421.839799999259412, 4575120.354400001466274 ], [ -97493.482200001366436, 4575433.179500000551343 ], [ -97572.216499999165535, 4575576.232300000265241 ], [ -97676.969499998725951, 4575646.450899999588728 ], [ -97853.314500000327826, 4575735.6261 ], [ -97903.321000000461936, 4575751.999100001528859 ], [ -98019.601099997758865, 4575784.446900000795722 ], [ -98225.369400000199676, 4575877.986600002273917 ], [ -98408.565399999730289, 4575960.636099999770522 ], [ -98648.757799999788404, 4576028.570700000971556 ], [ -98822.762400000356138, 4576075.599600000306964 ], [ -98956.708599998615682, 4576115.717500001192093 ], [ -98975.609699998982251, 4576121.376599999144673 ], [ -99197.493400000035763, 4576187.838900001719594 ], [ -99289.528399999253452, 4576226.368599999696016 ], [ -99413.971799999475479, 4576278.4712999984622 ], [ -99437.762500000186265, 4576288.433800004422665 ], [ -99592.62529999949038, 4576376.118000002577901 ], [ -99697.459999999031425, 4576478.998700000345707 ], [ -99900.568099998869002, 4576644.660900002345443 ], [ -100252.542299999855459, 4576883.606300001963973 ], [ -100268.998599998652935, 4576892.156400000676513 ], [ -100299.389200000092387, 4576907.950700003653765 ], [ -100407.891999999061227, 4576964.328099999576807 ], [ -100545.7195999994874, 4576994.863000001758337 ], [ -100727.166699999943376, 4577035.414100000634789 ], [ -100845.304399999789894, 4577080.91100000217557 ], [ -101154.641099998727441, 4577228.272100003436208 ], [ -101628.513299999758601, 4577459.092300003394485 ], [ -101632.98439999949187, 4577461.271500000730157 ], [ -101896.970899999141693, 4577589.878799999132752 ], [ -102151.728799999691546, 4577717.1414 ], [ -102329.435899999924004, 4577819.931700000539422 ], [ -102383.750899999402463, 4577851.441600000485778 ], [ -102579.991299998946488, 4577966.038500001654029 ], [ -103219.673599998466671, 4578462.826400004327297 ], [ -103367.09879999794066, 4578557.00450000166893 ], [ -103539.728499999269843, 4578657.59180000051856 ], [ -103702.920599998906255, 4578759.86009999923408 ], [ -103797.967699999921024, 4578936.712899999693036 ], [ -103813.95619999896735, 4578969.396300001069903 ], [ -103855.686099998652935, 4579054.672300001606345 ], [ -103880.00349999871105, 4579104.368400003761053 ], [ -103886.220399999059737, 4579117.080100001767278 ], [ -103949.17119999974966, 4579245.74520000256598 ], [ -103977.311899999156594, 4579378.308599999174476 ], [ -103980.162399999797344, 4579471.806100001558661 ], [ -103980.263699999079108, 4579672.412100002169609 ], [ -103996.048099999316037, 4579916.083500001579523 ], [ -104035.267099998891354, 4580191.69819999858737 ], [ -104081.953400000929832, 4580393.196700001135468 ], [ -104133.020999998785555, 4580488.713400000706315 ], [ -104183.741100000217557, 4580565.263600001111627 ], [ -104249.10010000038892, 4580640.358700001612306 ], [ -104409.490100000053644, 4580749.428700001910329 ], [ -104580.509800000116229, 4580873.236400002613664 ], [ -104674.546299999579787, 4580963.721999999135733 ], [ -104813.556699999608099, 4581078.317099999636412 ], [ -105002.897300000302494, 4581240.712300000712276 ], [ -105238.500399999320507, 4581451.139100002124906 ], [ -105334.78349999897182, 4581537.367400001734495 ], [ -105475.90809999871999, 4581663.825500000268221 ], [ -105623.235999999567866, 4581797.833000000566244 ], [ -105821.335299999453127, 4581985.515900002792478 ], [ -106140.225399998947978, 4582331.837700001895428 ], [ -106373.977699997834861, 4582560.295800002291799 ], [ -106453.966699999757111, 4582634.647299999371171 ], [ -106520.230299999937415, 4582696.230100000277162 ], [ -106590.926599999889731, 4582761.936800003051758 ], [ -106761.543700000271201, 4582925.380000004544854 ], [ -106895.353999999351799, 4583013.961799999698997 ], [ -107003.07880000025034, 4583080.9792 ], [ -107059.110299998894334, 4583115.838899999856949 ], [ -107118.975300000049174, 4583153.085200000554323 ], [ -107363.485799999907613, 4583293.658900002017617 ], [ -107464.394799999892712, 4583359.3487 ], [ -107673.592400000430644, 4583497.433200001716614 ], [ -107961.018399999476969, 4583691.958500001579523 ], [ -108246.255800000391901, 4583884.343400001525879 ], [ -108485.003099999390543, 4584040.844200000166893 ], [ -108756.707799999043345, 4584260.28290000371635 ], [ -109042.430499999783933, 4584445.7072 ], [ -109151.353699998930097, 4584508.980599999427795 ], [ -109225.381799998693168, 4584553.355500003322959 ], [ -109411.95749999769032, 4584667.267000002786517 ], [ -109544.330599999986589, 4584776.745900003239512 ], [ -109551.535499998368323, 4584783.653300002217293 ], [ -109611.504800000227988, 4584841.098300002515316 ], [ -109741.196699999272823, 4584965.3429000005126 ], [ -109834.330599999055266, 4585102.428700003772974 ], [ -109933.160399999469519, 4585190.928899999707937 ], [ -110035.195099999196827, 4585300.641200002282858 ], [ -110129.521499999798834, 4585454.139000002294779 ], [ -110176.865599999204278, 4585578.720299998298287 ], [ -110214.835500000044703, 4585737.6381 ], [ -110206.557500000111759, 4585975.653899999335408 ], [ -110205.444899998605251, 4586007.583200003951788 ], [ -110202.503599999472499, 4586061.985500000417233 ], [ -110197.143399999476969, 4586160.960600001737475 ], [ -110200.60939999949187, 4586312.8279 ], [ -110214.75859999936074, 4586579.7314 ], [ -110228.266800000332296, 4586855.928899999707937 ], [ -110233.440799999982119, 4586901.302699999883771 ], [ -110238.047699999064207, 4586941.681700004264712 ], [ -110238.327499998733401, 4586944.133300004526973 ], [ -110253.635099998675287, 4587078.366300001740456 ], [ -110260.176599999889731, 4587135.7292 ], [ -110322.136499998159707, 4587352.30460000038147 ], [ -110410.691399998962879, 4587521.730700002983212 ], [ -110594.311300000175834, 4587800.392600001767278 ], [ -110685.051300000399351, 4587904.660400001332164 ], [ -110728.543100000359118, 4587933.825500000268221 ], [ -110921.74349999986589, 4588011.660399999469519 ], [ -111025.160700000822544, 4588012.226200001314282 ], [ -111239.320599998347461, 4587985.095100004225969 ], [ -111427.523900000378489, 4587995.814600000157952 ], [ -111557.697399999946356, 4588002.515700001269579 ], [ -111676.806300000287592, 4588034.100099999457598 ], [ -111971.359699998050928, 4588159.509800001978874 ], [ -112137.201999998651445, 4588257.322100000455976 ], [ -112302.717100000940263, 4588359.776900002732873 ], [ -112564.914200000464916, 4588496.736100001260638 ], [ -112585.571700000204146, 4588507.526599999517202 ], [ -112678.665099998936057, 4588556.148800002411008 ], [ -112782.945400000549853, 4588611.541200000792742 ], [ -112891.699599999934435, 4588669.317299999296665 ], [ -113173.627199998125434, 4588819.098900001496077 ], [ -113370.939699999056756, 4588900.435100002214313 ], [ -113782.679599998518825, 4589085.295600002631545 ], [ -114059.152199999429286, 4589202.45469999872148 ], [ -114356.487699999473989, 4589333.326699998229742 ], [ -114387.343599999323487, 4589346.907500004395843 ], [ -114486.987500000745058, 4589390.768900003284216 ], [ -114574.01619999948889, 4589440.595700001344085 ], [ -114656.700899998657405, 4589487.92259999923408 ], [ -114695.653300000354648, 4589510.222799999639392 ], [ -114812.670700000599027, 4589571.995700003579259 ], [ -114934.335199998691678, 4589634.096600003540516 ], [ -115139.968700000084937, 4589730.012800002470613 ], [ -115359.270499998703599, 4589864.205099998041987 ], [ -115649.650699999183416, 4590049.981799999251962 ], [ -115950.58009999897331, 4590285.488600002601743 ], [ -115996.826299999840558, 4590330.76970000192523 ], [ -116004.948800000362098, 4590338.719900000840425 ], [ -116008.964200000278652, 4590342.653200002387166 ], [ -116012.636599999852479, 4590346.247400000691414 ], [ -116068.538799999281764, 4590400.985600000247359 ], [ -116181.366799999028444, 4590523.125900000333786 ], [ -116252.087700000032783, 4590647.010199999436736 ], [ -116306.111999997869134, 4590877.042600000277162 ], [ -116315.340599998831749, 4591012.995000001043081 ], [ -116371.803999999538064, 4591140.554100001230836 ], [ -116442.563799999654293, 4591364.75420000217855 ], [ -116563.81389999948442, 4591634.447100002318621 ], [ -116615.41739999782294, 4591899.318099999800324 ], [ -116650.116899998858571, 4592004.366499997675419 ], [ -116661.480499997735023, 4592075.316800000146031 ], [ -116671.271099999547005, 4592136.47749999910593 ], [ -116751.052299998700619, 4592398.637000001966953 ], [ -116851.66749999858439, 4592629.578700002282858 ], [ -116931.674299999140203, 4592754.106000002473593 ], [ -116967.998100000433624, 4592795.855300003662705 ], [ -117010.708800000138581, 4592844.93779999949038 ], [ -117033.215099999681115, 4592870.798000002279878 ], [ -117199.029999999329448, 4593036.286700000986457 ], [ -117414.722799998708069, 4593188.89920000359416 ], [ -117575.535899998620152, 4593258.388399999588728 ], [ -117787.099099999293685, 4593336.066299999132752 ], [ -117877.947800001129508, 4593377.632600001990795 ], [ -117970.381099998950958, 4593419.917500000447035 ], [ -118033.562699998728931, 4593448.828300001099706 ], [ -118220.39229999948293, 4593513.1216000020504 ], [ -118637.533900000154972, 4593654.071500001475215 ], [ -118641.7458999985829, 4593655.399000000208616 ], [ -118743.421599999070168, 4593687.590200003236532 ], [ -118986.796100000850856, 4593764.636300001293421 ], [ -119212.976799998432398, 4593838.164400001987815 ], [ -119241.660799999721348, 4593847.489399999380112 ], [ -119260.569500000216067, 4593853.6349 ], [ -119493.526200000196695, 4593925.801300002261996 ], [ -119803.093700000084937, 4594003.293700000271201 ], [ -120045.555499999783933, 4594106.448300004005432 ], [ -120287.15259999781847, 4594188.55150000192225 ], [ -120368.719299999065697, 4594215.233500003814697 ], [ -120407.250899999402463, 4594227.841499999165535 ], [ -120411.827600000426173, 4594229.337400004267693 ], [ -120461.858999998308718, 4594245.713099997490644 ], [ -120567.731700000353158, 4594280.354599999263883 ], [ -120844.480599999427795, 4594360.229000002145767 ], [ -121182.299999998882413, 4594467.678400002419949 ], [ -121364.341099998913705, 4594533.981899999082088 ], [ -121600.166499999351799, 4594632.017300002276897 ], [ -121827.8295, 4594747.283400001004338 ], [ -121868.629000000655651, 4594769.846200000494719 ], [ -121888.215900000184774, 4594781.401800001040101 ], [ -121889.870000000111759, 4594782.375399999320507 ], [ -122096.8445999994874, 4594904.475299999117851 ], [ -122228.349600000306964, 4594992.93129999935627 ], [ -122351.919299999251962, 4595094.835699999704957 ], [ -122498.519199999980628, 4595268.336300000548363 ], [ -122583.587199999019504, 4595353.566900001838803 ], [ -122718.025400000624359, 4595500.556000001728535 ], [ -122837.9079, 4595627.584800001233816 ], [ -122842.156000000424683, 4595632.092800002545118 ], [ -122941.855500000528991, 4595737.739399999380112 ], [ -123025.381999999284744, 4595807.087300000712276 ], [ -123074.905699999071658, 4595848.427700001746416 ], [ -123259.110899998806417, 4596007.085200002416968 ], [ -123424.054699999280274, 4596151.531600002199411 ], [ -123591.100899999961257, 4596265.791600000113249 ], [ -123692.745799999684095, 4596347.508400002494454 ], [ -123824.571999998763204, 4596431.322300000116229 ], [ -123928.314399999566376, 4596482.860400000587106 ], [ -124002.580999999307096, 4596510.716600002720952 ], [ -124018.051699999719858, 4596516.518000001087785 ], [ -124142.058400000445545, 4596563.034800004214048 ], [ -124310.265699999406934, 4596593.391100002452731 ], [ -124503.050699999555945, 4596639.448100002482533 ], [ -124729.371199999004602, 4596706.493899999186397 ], [ -124869.554100000299513, 4596737.232800003141165 ], [ -124876.855099999345839, 4596738.70240000076592 ], [ -124927.723600000143051, 4596748.939300000667572 ], [ -125099.650299998931587, 4596783.551300000399351 ], [ -125317.968100000172853, 4596831.383899999782443 ], [ -125473.416399999521673, 4596861.141699999570847 ], [ -125606.272899999283254, 4596882.259800000116229 ], [ -125745.267400000244379, 4596893.730000000447035 ], [ -125938.152100000530481, 4596904.801400002092123 ], [ -126193.727999999187887, 4596920.223700001835823 ], [ -126546.988599999807775, 4596940.101300001144409 ], [ -126895.442999999970198, 4596961.975900003686547 ], [ -127195.302599999122322, 4596978.141900001093745 ], [ -127306.156999999657273, 4596991.7303 ], [ -127319.873999998904765, 4596993.411100000143051 ], [ -127371.130599999800324, 4596999.693200001493096 ], [ -127628.447099999524653, 4597057.239299999549985 ], [ -127914.177299998700619, 4597142.417900001630187 ], [ -128034.921599999070168, 4597150.806400001049042 ], [ -128086.332599999383092, 4597149.714400000870228 ], [ -128265.22580000013113, 4597127.144700003787875 ], [ -128283.500700000673532, 4597125.708400001749396 ], [ -128290.483799998648465, 4597125.158400001004338 ], [ -128375.487399999983609, 4597118.474500000476837 ], [ -128494.102900001220405, 4597056.717700002714992 ], [ -128578.95469999872148, 4597111.61540000140667 ], [ -128665.801099998876452, 4597171.313500000163913 ], [ -128856.07179999910295, 4597287.195200001820922 ], [ -129072.054800000973046, 4597402.528600003570318 ], [ -129295.963100001215935, 4597504.41499999910593 ], [ -129529.486699999310076, 4597602.307700000703335 ], [ -129816.644399998709559, 4597734.260399997234344 ], [ -129913.028500000946224, 4597766.178099997341633 ], [ -130071.186099998652935, 4597821.060699999332428 ], [ -130303.880000000819564, 4597908.113000001758337 ], [ -130314.953199999406934, 4597912.6081000007689 ], [ -130341.708099999465048, 4597923.481600003316998 ], [ -130567.112599999643862, 4598015.07010000012815 ], [ -130857.112700000405312, 4598111.11400000192225 ], [ -130861.330399999395013, 4598112.517600001767278 ], [ -131142.814500001259148, 4598225.404999999329448 ], [ -131448.164699998684227, 4598330.629400001838803 ], [ -131742.390199999324977, 4598428.077400002628565 ], [ -131800.394100000150502, 4598446.350600000470877 ], [ -131840.35090000089258, 4598458.935200002044439 ], [ -131945.894200000911951, 4598492.188200002536178 ], [ -132009.841799999587238, 4598512.33559999987483 ], [ -132036.941299999132752, 4598520.879899999126792 ], [ -132294.983099998906255, 4598601.809699999168515 ], [ -132576.084699998609722, 4598686.678900003433228 ], [ -132661.313199998810887, 4598712.11849999986589 ], [ -132668.463999999687076, 4598714.248400000855327 ], [ -132820.685800000093877, 4598759.679800001904368 ], [ -132971.520799999125302, 4598805.166999999433756 ], [ -133009.044999999925494, 4598810.93160000257194 ], [ -133092.2807, 4598822.890900000929832 ], [ -133265.792700000107288, 4598834.9496 ], [ -133271.525500000454485, 4598833.690500000491738 ], [ -133291.965999999083579, 4598829.1919 ], [ -133346.355899998918176, 4598817.220800001174212 ], [ -133442.691599999554455, 4598807.57940000295639 ], [ -133478.89130000025034, 4598801.272099999710917 ], [ -133544.826699999161065, 4598789.777200002223253 ], [ -133624.569799998775125, 4598775.887199999764562 ], [ -133890.84389999974519, 4598738.391600001603365 ], [ -133958.066400000825524, 4598743.657999999821186 ], [ -133969.272699998691678, 4598744.534800000488758 ], [ -134155.409099999815226, 4598759.112000001594424 ], [ -134289.474600001238286, 4598777.871800001710653 ], [ -134302.540199998766184, 4598779.698400000110269 ], [ -134453.516200001351535, 4598800.829300001263618 ], [ -134562.987499998882413, 4598817.443800002336502 ], [ -134572.767099999822676, 4598818.929600002244115 ], [ -134652.098399998620152, 4598830.964999999850988 ], [ -134730.34669999871403, 4598813.069700000807643 ], [ -134820.36119999922812, 4598793.660599999129772 ], [ -134840.990199998952448, 4598790.497800003737211 ], [ -134861.06599999871105, 4598787.415000000968575 ], [ -134861.596799999475479, 4598787.333100002259016 ], [ -134867.373100000433624, 4598786.449400002136827 ], [ -134987.819399999454618, 4598767.968000002205372 ], [ -135098.524500000290573, 4598743.51490000449121 ], [ -135135.692200001329184, 4598735.304400000721216 ], [ -135172.665799998678267, 4598727.144999999552965 ], [ -135331.320299999788404, 4598693.83669999986887 ], [ -135380.534999999217689, 4598679.715700002387166 ], [ -135397.528699999675155, 4598674.843800002709031 ], [ -135540.838499998673797, 4598633.727099999785423 ], [ -135621.914300000295043, 4598590.218299999833107 ], [ -135649.136399999260902, 4598575.609299998730421 ], [ -135668.705000000074506, 4598565.1053 ], [ -135669.07869999948889, 4598564.911299999803305 ], [ -135671.723199999891222, 4598563.488200001418591 ], [ -135757.074199998751283, 4598443.410500001162291 ], [ -135849.974700000137091, 4598281.862100001424551 ], [ -135882.839999998919666, 4598211.8108000010252 ], [ -135897.067499999888241, 4598138.645700000226498 ], [ -135897.148999999277294, 4598138.237000001594424 ], [ -135915.521599999628961, 4598043.737200001254678 ], [ -135977.552899999544024, 4597796.161600003018975 ], [ -135980.767300000414252, 4597783.341500002890825 ], [ -135983.329699999652803, 4597773.102700004354119 ], [ -136016.559799998998642, 4597630.743600003421307 ], [ -136059.636899999342859, 4597454.262299999594688 ], [ -136070.752999998629093, 4597408.723899999633431 ], [ -136072.009199999272823, 4597403.586900001391768 ], [ -136114.944899999536574, 4597256.606800001114607 ], [ -136150.280999999493361, 4597127.609400004148483 ], [ -136168.893299999646842, 4597032.738800000399351 ], [ -136172.029299998655915, 4597016.757300002500415 ], [ -136181.620899999514222, 4596967.845499999821186 ], [ -136258.652999999001622, 4596665.184200001880527 ], [ -136271.129999999888241, 4596627.919600000604987 ], [ -136283.166499999351799, 4596591.954500000923872 ], [ -136320.495299998670816, 4596480.46760000102222 ], [ -136400.295499999076128, 4596238.664000002667308 ], [ -136419.0110999988392, 4596148.600100001320243 ], [ -136421.327600000426173, 4596137.452500002458692 ], [ -136422.949600000865757, 4596127.295000001788139 ], [ -136450.162299999035895, 4595957.449700001627207 ], [ -136488.996099999174476, 4595753.182500002905726 ], [ -136492.377400000579655, 4595735.366600001230836 ], [ -136505.320600000210106, 4595667.265800001099706 ], [ -136563.435899999924004, 4595388.448100002482533 ], [ -136568.343900000676513, 4595364.926699999719858 ], [ -136575.320000000298023, 4595331.444600000977516 ], [ -136646.34639999922365, 4595014.357300002127886 ], [ -136660.195099999196827, 4594922.329200003296137 ], [ -136661.754399999044836, 4594911.9375 ], [ -136717.841799999587238, 4594539.145900001749396 ], [ -136723.845499999821186, 4594499.197700003162026 ], [ -136737.369199999608099, 4594409.31279999949038 ], [ -136757.263099999167025, 4594213.660499999299645 ], [ -136760.082300000824034, 4594185.919500004500151 ], [ -136766.818599998950958, 4594119.678600000217557 ], [ -136786.298899998888373, 4593906.355900000780821 ], [ -136791.877499999478459, 4593792.39670000039041 ], [ -136793.259099999442697, 4593772.539000002667308 ], [ -136796.150800000876188, 4593730.845200002193451 ], [ -136801.71339999884367, 4593650.74349999986589 ], [ -136808.391900000162423, 4593438.414800001308322 ], [ -136810.568799999542534, 4593369.087899999693036 ], [ -136817.160699999891222, 4593159.452000001445413 ], [ -136813.45170000102371, 4593044.85390000231564 ], [ -136813.431699998676777, 4593043.354100001975894 ], [ -136812.862100000493228, 4593002.320300003513694 ], [ -136809.18889999948442, 4592736.5472999997437 ], [ -136804.739199999719858, 4592647.890100000426173 ], [ -136802.461799999698997, 4592602.429199999198318 ], [ -136797.447699999436736, 4592502.386600002646446 ], [ -136792.015799999237061, 4592233.566400004550815 ], [ -136791.508100000210106, 4592208.317600002512336 ], [ -136790.082900000736117, 4592137.853100001811981 ], [ -136780.403900001198053, 4591941.167800003662705 ], [ -136779.861799999140203, 4591921.060400001704693 ], [ -136779.598399999551475, 4591911.351700002327561 ], [ -136773.235299998894334, 4591674.657199999317527 ], [ -136788.678999998606741, 4591519.38880000077188 ], [ -136814.264700001105666, 4591435.513399999588728 ], [ -136820.53940000012517, 4591414.936700001358986 ], [ -136824.924200000241399, 4591400.56560000218451 ], [ -136884.817200000397861, 4591243.7105 ], [ -136934.677799999713898, 4591130.49860000051558 ], [ -136965.009899999946356, 4591079.0777000002563 ], [ -136980.469999998807907, 4591052.874500002712011 ], [ -136998.145600000396371, 4591022.900399999693036 ], [ -137026.203399999067187, 4590987.943300001323223 ], [ -137026.629800000227988, 4590987.413200002163649 ], [ -137058.595300000160933, 4590947.585100002586842 ], [ -137062.008099999278784, 4590943.329199999570847 ], [ -137086.25029999949038, 4590915.574100000783801 ], [ -137094.38389999885112, 4590906.268999999389052 ], [ -137139.261899999342859, 4590854.891500001773238 ], [ -137148.375799998641014, 4590844.461600003764033 ], [ -137171.460400000214577, 4590818.042500000447035 ], [ -137173.116199999116361, 4590816.144600002095103 ], [ -137192.96650000102818, 4590793.421900000423193 ], [ -137195.635900000110269, 4590790.364399999380112 ], [ -137217.402900000102818, 4590765.456399999558926 ], [ -137217.993999999947846, 4590764.7818 ], [ -137233.942400000058115, 4590746.52170000039041 ], [ -137235.606399999931455, 4590744.617000000551343 ], [ -137236.915599999018013, 4590743.120100000873208 ], [ -137249.769299999810755, 4590728.175200004130602 ], [ -137251.173200000077486, 4590726.55040000192821 ], [ -137266.64989999961108, 4590708.559100000187755 ], [ -137269.637299998663366, 4590705.083000002428889 ], [ -137270.051600000821054, 4590704.604800004512072 ], [ -137270.111499999649823, 4590704.700900001451373 ], [ -137361.176800000481308, 4590598.864900000393391 ], [ -137361.700499999336898, 4590598.093499999493361 ], [ -137371.439600001089275, 4590586.779900001361966 ], [ -137389.096299999393523, 4590560.677500002086163 ], [ -137446.840699999593198, 4590475.342000000178814 ], [ -137548.365899999625981, 4590333.730400001630187 ], [ -137557.813799999654293, 4590320.551600001752377 ], [ -137617.359699998982251, 4590237.491400001570582 ], [ -137685.471999999135733, 4590130.213900001719594 ], [ -137762.491499998606741, 4589995.546300001442432 ], [ -137770.283999999053776, 4589940.470099998638034 ], [ -137770.469499998725951, 4589939.139100002124906 ], [ -137771.646999998949468, 4589930.848500000312924 ], [ -137764.801799998618662, 4589827.698899999260902 ], [ -137734.507699999026954, 4589692.58669999986887 ], [ -137648.43879999872297, 4589453.270600000396371 ], [ -137637.987399999052286, 4589368.533099999651313 ], [ -137623.10289999935776, 4589290.308599999174476 ], [ -137615.982300000265241, 4589252.893500000238419 ], [ -137595.239199998788536, 4589143.888499999418855 ], [ -137590.55489999987185, 4589043.2281 ], [ -137583.454400001093745, 4588977.395800003781915 ], [ -137581.64060000050813, 4588902.595300002023578 ], [ -137610.772900000214577, 4588788.0833 ], [ -137613.730600001290441, 4588776.480700001120567 ], [ -137643.140799999237061, 4588722.523499999195337 ], [ -137693.032999999821186, 4588656.01320000179112 ], [ -137699.705500000156462, 4588647.106499997898936 ], [ -137819.076900000683963, 4588541.046499999240041 ], [ -137917.419200000353158, 4588446.877499999478459 ], [ -137944.048999999649823, 4588421.374300001189113 ], [ -137959.279999999329448, 4588409.692099999636412 ], [ -137966.696299999020994, 4588404.0 ], [ -138050.034100000746548, 4588340.058200001716614 ], [ -138237.868900000117719, 4588222.409300001338124 ], [ -138460.959499998949468, 4588067.539800001308322 ], [ -138632.725399998947978, 4587929.360799998044968 ], [ -138680.028599998913705, 4587891.298800000920892 ], [ -138693.278899999335408, 4587880.64610000140965 ], [ -139106.563699998892844, 4587540.616700002923608 ], [ -139145.484899998642504, 4587517.262800000607967 ], [ -139169.08659999910742, 4587503.0998 ], [ -139259.954499999061227, 4587448.581900000572205 ], [ -139577.419300000183284, 4587211.5789 ], [ -139675.730200000107288, 4587123.066200003027916 ], [ -139723.271199999377131, 4587080.276499999687076 ], [ -139868.625099999830127, 4586949.421400001272559 ], [ -139929.018899999558926, 4586892.709799999371171 ], [ -140080.589700000360608, 4586750.405899997800589 ], [ -140098.492200000211596, 4586733.59740000218153 ], [ -140377.82289999909699, 4586471.354400003328919 ], [ -140613.27180000115186, 4586272.996300002560019 ], [ -141076.224499999545515, 4585889.722699999809265 ], [ -141294.446699999272823, 4585704.169700002297759 ], [ -141821.652399999089539, 4585269.33809999935329 ], [ -142024.395899999886751, 4585138.711500000208616 ], [ -142135.895899999886751, 4585078.771200001239777 ], [ -142350.740100000984967, 4584941.9824 ], [ -142485.696999998763204, 4584842.695200001820922 ], [ -142491.683399999514222, 4584838.292999997735023 ], [ -142626.14740000013262, 4584739.378900000825524 ], [ -142955.393600000068545, 4584500.842399999499321 ], [ -143239.7034, 4584270.851099999621511 ], [ -143535.235399998724461, 4584013.636600002646446 ], [ -143806.030399999581277, 4583743.035399999469519 ], [ -143936.852299999445677, 4583640.091400001198053 ], [ -144051.299100001342595, 4583638.687700001522899 ], [ -144295.157200000248849, 4583655.595100002363324 ], [ -144521.244199998676777, 4583659.598300004377961 ], [ -145121.740399999544024, 4583682.551600001752377 ], [ -146081.918999999761581, 4583735.104399999603629 ], [ -146435.434500000439584, 4583752.613100001588464 ], [ -146836.95060000102967, 4583770.070000000298023 ], [ -147068.296500000171363, 4583780.143999999389052 ], [ -147428.690799999982119, 4583797.055400002747774 ], [ -147625.024299998767674, 4583806.277799997478724 ], [ -148008.079999999143183, 4583824.282800000160933 ], [ -148189.40019999910146, 4583834.523099998012185 ], [ -149014.737800000235438, 4583880.063399998471141 ], [ -149361.077799999155104, 4583902.24129999987781 ], [ -149456.199500001035631, 4583908.333500001579523 ], [ -150221.166000000201166, 4583949.690300000831485 ], [ -151019.456999999471009, 4583981.691100003197789 ], [ -151140.63539999909699, 4583983.425100000575185 ], [ -151169.045499999076128, 4583983.834000002592802 ], [ -151231.625799998641014, 4583984.72890000231564 ], [ -151408.919899999164045, 4583969.017400002107024 ], [ -151480.083700000308454, 4584017.334100002422929 ], [ -151496.032599998638034, 4584028.170000001788139 ], [ -151496.965199999511242, 4584028.799400001764297 ], [ -151660.681200000457466, 4584150.401599999517202 ], [ -151720.718399998731911, 4584194.993900002911687 ], [ -151729.284899999387562, 4584201.355699999257922 ], [ -152176.154399999417365, 4584533.327000001445413 ], [ -152366.598899999633431, 4584656.714000001549721 ], [ -152385.95299999974668, 4584669.252000000327826 ], [ -153152.219899999909103, 4585165.80630000308156 ], [ -153295.163599998690188, 4585256.0702 ], [ -153614.131499999202788, 4585457.506300002336502 ], [ -153964.970700000412762, 4585679.089299999177456 ], [ -154136.067599999718368, 4585787.167099999263883 ], [ -155118.94990000128746, 4586422.488600002601743 ], [ -155636.975599998608232, 4586775.147700002416968 ], [ -156088.459699998609722, 4587082.566800002008677 ], [ -156443.766800000332296, 4587310.266799999400973 ], [ -157426.777900000102818, 4587931.664400001987815 ], [ -157462.223099999129772, 4587954.068500000983477 ], [ -157472.322799999266863, 4587960.461799999698997 ], [ -157784.796600000932813, 4588166.529800001531839 ], [ -158414.227800000458956, 4588581.31560000218451 ], [ -158810.225100001320243, 4588828.191600004211068 ], [ -159112.707299998961389, 4589026.261500000953674 ], [ -159390.399100000970066, 4589203.898700002580881 ], [ -159535.456199999898672, 4589294.3277000002563 ], [ -159977.179600001312792, 4589569.719900000840425 ], [ -160042.627000000327826, 4589612.541400000452995 ], [ -160164.726400000043213, 4589692.438200004398823 ], [ -160335.629200001247227, 4589785.992700001224875 ], [ -160401.035399999469519, 4589864.224199999123812 ], [ -160549.000700000673532, 4590041.220400001853704 ], [ -160978.602300000376999, 4590577.540200002491474 ], [ -161111.139000000432134, 4590746.28460000269115 ], [ -161165.686499999836087, 4590815.732799997553229 ], [ -161261.696600000374019, 4590937.982300003990531 ], [ -161657.421499999240041, 4591457.962400000542402 ], [ -161938.396099999547005, 4591788.969100002199411 ], [ -161956.470999999903142, 4591810.268400002270937 ], [ -162091.123199999332428, 4591968.907999997958541 ], [ -162242.753100000321865, 4592156.85980000346899 ], [ -162296.597500001080334, 4592223.609500002115965 ], [ -162424.253400000743568, 4592381.84630000218749 ], [ -162485.393599999137223, 4592509.80320000089705 ], [ -162578.256699998863041, 4592819.699100000783801 ], [ -162644.027799999341369, 4593047.146299999207258 ], [ -162667.373100000433624, 4593127.879899997264147 ], [ -162768.358000000938773, 4593477.139000000432134 ], [ -162870.246100000105798, 4593825.015000000596046 ], [ -162917.384100000374019, 4594017.47520000115037 ], [ -162945.245699999853969, 4594131.237400000914931 ], [ -162984.814200000837445, 4594292.807299997657537 ], [ -163075.570700000971556, 4594632.904200002551079 ], [ -163128.577100000344217, 4594676.269700003787875 ], [ -163168.709399999119341, 4594669.722300000488758 ], [ -163267.17369999922812, 4594544.893100000917912 ], [ -163494.244699999690056, 4594257.05290000140667 ], [ -163547.532400000840425, 4594189.501700004562736 ], [ -163600.864500000141561, 4594060.15960000269115 ], [ -163603.416299998760223, 4593922.611000001430511 ], [ -163637.135899999178946, 4593269.036699997261167 ], [ -163657.782100000418723, 4593139.750400001183152 ], [ -163705.402499999850988, 4593059.027499999850988 ], [ -163780.881799999624491, 4593003.108300000429153 ], [ -163781.696999999694526, 4593002.508900001645088 ], [ -163932.361800000071526, 4592933.41469999961555 ], [ -163935.182099999859929, 4592934.082100002095103 ], [ -164068.763899998739362, 4593070.250600002706051 ], [ -164148.364400000311434, 4593134.139699999243021 ], [ -164190.468299998901784, 4593200.083000000566244 ], [ -164200.898100000806153, 4593268.681700000539422 ], [ -164210.98439999949187, 4593334.968499999493361 ], [ -164238.545999999158084, 4593516.212500000372529 ], [ -164291.61570000089705, 4593760.326200000941753 ], [ -164311.781600000336766, 4593974.144600000232458 ], [ -164360.726900001056492, 4594252.089500002563 ], [ -164370.045299999415874, 4594304.977700002491474 ], [ -164385.436900001019239, 4594392.424700001254678 ], [ -164413.184899998828769, 4594497.058499999344349 ], [ -164495.420999999158084, 4594724.527100002393126 ], [ -164532.718899998813868, 4594792.474700001999736 ], [ -164624.09110000077635, 4595022.911800000816584 ], [ -164743.242899999022484, 4595290.294700002297759 ], [ -164822.440799999982119, 4595494.209300002083182 ], [ -164825.536999999545515, 4595502.209300003945827 ], [ -164841.572399999015033, 4595543.698800001293421 ], [ -164935.311199999414384, 4595786.250000001862645 ], [ -164955.012099999934435, 4595837.21399999782443 ], [ -165046.600200000219047, 4596098.020700002089143 ], [ -165116.450300000607967, 4596268.605499999597669 ], [ -165080.326700000092387, 4596522.942800004035234 ], [ -165059.468099999241531, 4596664.833599999547005 ], [ -165026.76380000077188, 4596820.266900001093745 ], [ -165002.851099998690188, 4597063.699999999254942 ], [ -164944.731499998830259, 4597295.427100002765656 ], [ -164903.901099999435246, 4597466.866900002583861 ], [ -164858.874400001019239, 4597655.94789999909699 ], [ -164826.063000000081956, 4597793.719800001010299 ], [ -164839.382699999026954, 4597904.353000001981854 ], [ -164918.815499999560416, 4597970.565899999812245 ], [ -165036.996600000187755, 4598083.819599999114871 ], [ -165156.953399999067187, 4598171.5252 ], [ -165279.915499999187887, 4598182.408700002357364 ], [ -165423.94440000038594, 4598192.416300002485514 ], [ -165616.921699998900294, 4598203.494100000709295 ], [ -165764.240200000815094, 4598199.732100004330277 ], [ -165835.708400000818074, 4598179.022099999710917 ], [ -165884.993999999016523, 4598007.369599999859929 ], [ -165924.998100000433624, 4597903.130599999800324 ], [ -165970.502200000919402, 4597784.551699999719858 ], [ -166047.208399999886751, 4597554.118300000205636 ], [ -166071.363599998876452, 4597486.120800001546741 ], [ -166094.082700000144541, 4597422.169300001114607 ], [ -166131.36949999909848, 4597317.194299999624491 ], [ -166149.80659999884665, 4597152.741800000891089 ], [ -166239.096499999053776, 4596741.107400001958013 ], [ -166271.337799998931587, 4596680.319499999284744 ], [ -166335.997699999250472, 4596656.798000000417233 ], [ -166373.785100000910461, 4596694.930100001394749 ], [ -166425.430800001136959, 4596747.050299998372793 ], [ -166510.386500000022352, 4596834.649900000542402 ], [ -166557.217799998819828, 4596913.688700003549457 ], [ -166573.976300001144409, 4596942.63910000026226 ], [ -166620.410699998959899, 4597031.331700002774596 ], [ -166653.40059999935329, 4597094.361900001764297 ], [ -166724.741399998776615, 4597240.243800001218915 ], [ -166764.161299999803305, 4597334.66300000064075 ], [ -166808.872399999760091, 4597443.642800001427531 ], [ -166879.104700000025332, 4597642.275300001725554 ], [ -166923.957600000314415, 4597792.038700001314282 ], [ -166928.367499999701977, 4597806.767999997362494 ], [ -166884.968399999663234, 4597927.469699999317527 ], [ -166822.394200000911951, 4598088.861400000751019 ], [ -166744.159299999475479, 4598303.034800002351403 ], [ -166739.088000000454485, 4598316.919300001114607 ], [ -166692.665500000119209, 4598444.0022 ], [ -166636.671699998900294, 4598577.83049999922514 ], [ -166616.339599999599159, 4598702.476500004529953 ], [ -166606.267400000244379, 4598813.821000000461936 ], [ -166663.050899999216199, 4598836.440900001674891 ], [ -166748.743999999016523, 4598879.748299999162555 ], [ -166810.337600000202656, 4598900.375600000843406 ], [ -166826.548799999989569, 4598897.684600001201034 ], [ -166828.308099999092519, 4598897.392699997872114 ], [ -166859.935199999250472, 4598892.149300001561642 ], [ -166910.491399998776615, 4598869.986100001260638 ], [ -166918.596499999053776, 4598856.246200002729893 ], [ -166929.015100000426173, 4598838.594499999657273 ], [ -166997.388900000602007, 4598761.64610000140965 ], [ -167096.006899999454618, 4598619.097200002521276 ], [ -167212.878500000573695, 4598482.491100002080202 ], [ -167295.195199999958277, 4598406.515600001439452 ], [ -167346.624600000679493, 4598405.416400000452995 ], [ -167393.633200000040233, 4598434.362500002607703 ], [ -167473.228800000622869, 4598498.2522 ], [ -167536.24519999884069, 4598565.661599999293685 ], [ -167531.107299999333918, 4598620.263600002974272 ], [ -167527.302500000223517, 4598660.750100001692772 ], [ -167516.284900000318885, 4598886.413799999281764 ], [ -167490.999499999918044, 4599115.756800001487136 ], [ -167485.187599999830127, 4599199.387500001117587 ], [ -167478.246399998664856, 4599299.284599998965859 ], [ -167498.954800000414252, 4599370.761 ], [ -167561.418299999088049, 4599412.44849999807775 ], [ -167573.041399999521673, 4599414.437300002202392 ], [ -167599.130700000561774, 4599418.889400003477931 ], [ -167607.553000000305474, 4599420.325500002130866 ], [ -167654.340699999593198, 4599418.907999999821186 ], [ -167667.165099998936057, 4599403.524000002071261 ], [ -167687.448400001041591, 4599379.193499999120831 ], [ -167710.881599999964237, 4599310.792600002139807 ], [ -167754.058699999935925, 4599159.728400001302361 ], [ -167791.72819999884814, 4598987.268900001421571 ], [ -167820.737299999222159, 4598861.866900002583861 ], [ -167847.135999999009073, 4598747.787800000980496 ], [ -167851.790900000371039, 4598727.658700000494719 ], [ -167867.222399999387562, 4598640.027400003746152 ], [ -167874.005499999970198, 4598542.452300000935793 ], [ -167924.394699999131262, 4598051.3462999984622 ], [ -167951.292800000868738, 4597824.697600001469254 ], [ -167964.921900000423193, 4597682.75139999948442 ], [ -167975.372499999590218, 4597587.742799999192357 ], [ -168002.95399999897927, 4597325.195499999448657 ], [ -168014.125799999572337, 4597218.831500001251698 ], [ -168016.758299998939037, 4597193.7719 ], [ -168063.631000000983477, 4596720.82209999859333 ], [ -168096.751199998892844, 4596344.955500001087785 ], [ -168102.995799998752773, 4596278.534499999135733 ], [ -168126.330699998885393, 4596030.321000002324581 ], [ -168141.453099999576807, 4595869.515699997544289 ], [ -168182.605799999088049, 4595445.182700000703335 ], [ -168209.178199999965727, 4595157.813200002536178 ], [ -168220.13990000076592, 4595039.272800002247095 ], [ -168226.384100000374019, 4594961.472000000998378 ], [ -168235.923700001090765, 4594842.683500003069639 ], [ -168254.797500000335276, 4594607.490299999713898 ], [ -168294.00800000037998, 4594211.034399999305606 ], [ -168377.252700000070035, 4594188.8048 ], [ -168512.903399999253452, 4594151.537300001829863 ], [ -168640.677299999631941, 4594160.414899999275804 ], [ -168723.011299999430776, 4594192.140000000596046 ], [ -168758.898699998855591, 4594205.974100003018975 ], [ -168851.729699999094009, 4594247.441099999472499 ], [ -168924.362499999813735, 4594310.842299999669194 ], [ -169035.742899999022484, 4594421.291799999773502 ], [ -169270.128100000321865, 4594642.995400002226233 ], [ -169546.553099999204278, 4594897.977600002661347 ], [ -169597.924700000323355, 4594945.179099999368191 ], [ -169680.716499999165535, 4595021.249600002542138 ], [ -169743.543200001120567, 4595078.978500001132488 ], [ -169829.61739999987185, 4595158.080299999564886 ], [ -169926.032300000078976, 4595248.818399999290705 ], [ -170029.086199999786913, 4595344.685600003227592 ], [ -170162.283900000154972, 4595409.966999998316169 ], [ -170418.028499999083579, 4595525.775000002235174 ], [ -170431.298999999649823, 4595535.827000001445413 ], [ -170533.353699998930097, 4595613.159099999815226 ], [ -170533.992600001394749, 4595884.768899999558926 ], [ -170534.349999999627471, 4596014.447000000625849 ], [ -170536.140100001357496, 4596278.667100001126528 ], [ -170546.040699999779463, 4596357.000900000333786 ], [ -170561.747700000181794, 4596481.209500001743436 ], [ -170586.658700000494719, 4596582.036800000816584 ], [ -170593.252899998798966, 4596608.74269999936223 ], [ -170596.36500000115484, 4596621.343900000676513 ], [ -170622.547499999403954, 4596632.546399999409914 ], [ -170648.511599999852479, 4596643.645300002768636 ], [ -170659.722799999639392, 4596645.13090000115335 ], [ -170722.529099999926984, 4596653.457300001755357 ], [ -170864.602599998936057, 4596688.76659999974072 ], [ -171009.380400001071393, 4596724.746000001206994 ], [ -171958.22690000012517, 4596944.753400003537536 ], [ -172188.970300000160933, 4597002.2116 ], [ -172324.064400000497699, 4597034.4493000023067 ], [ -172358.236100001260638, 4597042.59910000115633 ], [ -172854.674999998882413, 4597160.958799999207258 ], [ -172857.218299999833107, 4597161.566299999132752 ], [ -172858.556699998676777, 4597161.887600002810359 ], [ -172867.696700000204146, 4597164.062700001522899 ], [ -172966.202100000344217, 4597187.557300003245473 ], [ -173125.813000000081956, 4597223.59010000154376 ], [ -173205.238599998876452, 4597241.519500004127622 ], [ -173633.339799999259412, 4597329.633600000292063 ], [ -173875.189299999736249, 4597376.785199999809265 ], [ -174032.589700000360608, 4597429.747700000181794 ], [ -174545.86949999909848, 4597529.927200002595782 ], [ -174658.711699998937547, 4597552.813599998131394 ], [ -174918.994800001382828, 4597608.081700004637241 ], [ -175434.260999999009073, 4597718.599500000476837 ], [ -175973.10359999909997, 4597824.315500000491738 ], [ -176142.326700000092387, 4597857.613099999725819 ], [ -176387.581100000068545, 4597908.586300002411008 ], [ -176882.107800000347197, 4598015.334900002926588 ], [ -177446.336499999277294, 4598126.918500002473593 ], [ -177740.660400000400841, 4598191.736000003293157 ], [ -178335.101099999621511, 4598305.427200002595782 ], [ -178380.25929999910295, 4598314.40990000218153 ], [ -178415.01450000051409, 4598321.319299999624491 ], [ -178846.034299999475479, 4598407.061700003221631 ], [ -179200.966799998655915, 4598477.682099999859929 ], [ -179663.789800000376999, 4598570.551100004464388 ], [ -180304.547699999064207, 4598689.808400001376867 ], [ -180905.815199999138713, 4598806.316600000485778 ], [ -181389.715699998661876, 4598898.323899999260902 ], [ -181517.214399999938905, 4598927.004900002852082 ], [ -181552.50999999884516, 4598934.942800000309944 ], [ -181615.000699998810887, 4598949.003000002354383 ], [ -181736.591400000266731, 4598977.767500001937151 ], [ -181749.679299999028444, 4598980.871799999848008 ], [ -181950.35850000102073, 4599028.349100003018975 ], [ -182390.665500001050532, 4599143.014300001785159 ], [ -182752.391600000672042, 4599212.519500000402331 ], [ -182922.403900001198053, 4599252.359000001102686 ], [ -183097.053199999034405, 4599292.519600000232458 ], [ -183503.25650000013411, 4599360.448100000619888 ], [ -183750.446000000461936, 4599409.654500002041459 ], [ -183796.824300001375377, 4599418.886399999260902 ], [ -183797.144799998961389, 4599418.954600004479289 ], [ -183917.787700000219047, 4599442.972300000488758 ], [ -184193.711899999529123, 4599504.182300001382828 ], [ -184313.310600000433624, 4599526.131400000303984 ], [ -184327.778300000354648, 4599528.787799999117851 ], [ -184541.835399999283254, 4599568.078700000420213 ], [ -185164.747899998910725, 4599709.4485 ], [ -185496.445799998939037, 4599774.54079999960959 ], [ -185781.455199999734759, 4599832.790200004354119 ], [ -185944.791400000452995, 4599860.195200003683567 ], [ -185985.841699999757111, 4599866.989900002256036 ], [ -186046.855299999006093, 4599877.095100002363324 ], [ -186096.545400000177324, 4599884.98280000127852 ], [ -186111.967800000682473, 4599887.430600000545382 ], [ -186694.442900000140071, 4599939.558700002729893 ], [ -186776.893399999476969, 4599947.547499999403954 ], [ -186820.981699999421835, 4599951.818 ], [ -187121.191899999044836, 4599980.904899999499321 ], [ -187933.355999998748302, 4600053.719800001010299 ], [ -188383.677000000141561, 4600092.036100003868341 ], [ -188417.554199999198318, 4600094.397600002586842 ], [ -188767.089800000190735, 4600118.697700003162026 ], [ -188990.100700001232326, 4600136.950200002640486 ], [ -188991.964799999259412, 4600137.0976 ], [ -189335.921099998988211, 4600165.256799999624491 ], [ -189368.817500000819564, 4600167.544399999082088 ], [ -189604.909699998795986, 4600183.9649 ], [ -189635.691399998962879, 4600186.105100000277162 ], [ -190017.813299999572337, 4600231.352399999275804 ], [ -190714.624499998986721, 4600284.477000001817942 ], [ -191150.856800001114607, 4600324.151500001549721 ], [ -191283.712499999441206, 4600335.745100000873208 ], [ -191545.419399999082088, 4600358.594700001180172 ], [ -191731.182299999520183, 4600372.862800000235438 ], [ -191865.94510000012815, 4600383.2179000005126 ], [ -192350.817700000479817, 4600428.612000003457069 ], [ -192875.519600001163781, 4600472.105399999767542 ], [ -193249.987299999222159, 4600493.47440000064671 ], [ -193728.379399999044836, 4600531.408399999141693 ], [ -194211.259800000116229, 4600571.994599999859929 ], [ -194360.347599999979138, 4600579.445800002664328 ], [ -194569.621600000187755, 4600589.91579999960959 ], [ -194791.901600000448525, 4600607.588900001719594 ], [ -194821.585799998603761, 4600609.948800003156066 ], [ -194883.097299999557436, 4600614.844699999317527 ], [ -195016.657300001010299, 4600625.468900002539158 ], [ -195036.40889999922365, 4600627.0417 ], [ -195561.777200000360608, 4600661.2412 ], [ -195939.769600001163781, 4600699.203599998727441 ], [ -196336.018499999307096, 4600728.784 ], [ -196397.424800000153482, 4600733.372000001370907 ], [ -196905.883799999952316, 4600775.739100003615022 ], [ -197115.952100000344217, 4600743.640799999237061 ], [ -197205.235700000077486, 4600735.8377 ], [ -197715.816499999724329, 4600579.860800001770258 ], [ -197840.434100000187755, 4600544.959899999201298 ], [ -197989.702199999243021, 4600503.157400000840425 ], [ -198430.280299998819828, 4600359.795700000599027 ], [ -198430.283200001344085, 4600359.792600002139807 ], [ -198575.084800001233816, 4600312.679100001230836 ], [ -198625.476800000295043, 4600295.108200002461672 ], [ -198642.14259999897331, 4600289.297300001606345 ], [ -198680.082599999383092, 4600276.068900004029274 ], [ -198976.841500000096858, 4600172.605799999088049 ], [ -199111.180699999444187, 4600125.773500001057982 ], [ -199470.384899999015033, 4600000.536000000312924 ], [ -199490.572900000028312, 4599993.49800000153482 ], [ -199563.513899999670684, 4599968.069800002500415 ], [ -200113.398400001227856, 4599784.453400002792478 ], [ -200467.864299998618662, 4599657.305800000205636 ], [ -200533.369400000199676, 4599634.1897 ], [ -200538.097000000067055, 4599632.521500000730157 ], [ -201164.533300000242889, 4599411.495899999514222 ], [ -201372.06279999949038, 4599334.484100000932813 ], [ -201392.915599999949336, 4599326.746300002560019 ], [ -201641.572300000116229, 4599234.483500001952052 ], [ -201884.242099999450147, 4599150.140900000929832 ], [ -201925.254300000146031, 4599135.887700000777841 ], [ -202218.327499998733401, 4599034.042099999263883 ], [ -202586.584800000302494, 4598910.181800002232194 ], [ -202755.537899998947978, 4598855.233200000599027 ], [ -202758.491499998606741, 4598854.272700002416968 ], [ -203207.828200000338256, 4598708.157600000500679 ], [ -203260.035800000652671, 4598690.064700001850724 ], [ -203314.019199999980628, 4598671.356699999421835 ], [ -203608.01380000077188, 4598569.481699999421835 ], [ -203637.934799998998642, 4598559.114200001582503 ], [ -203662.506299999542534, 4598550.600400000810623 ], [ -203798.193899999372661, 4598501.862199999392033 ], [ -204218.195299999788404, 4598351.0197 ], [ -204657.963999999687076, 4598206.434299999848008 ], [ -204673.967000000178814, 4598200.878599999472499 ], [ -204715.389899999834597, 4598186.498600002378225 ], [ -204734.901900000870228, 4598179.725100001320243 ], [ -205280.191200000233948, 4597990.454600004479289 ], [ -205542.0168999992311, 4597905.015900002792478 ], [ -205556.621299998834729, 4597900.250600000843406 ], [ -205758.122099999338388, 4597834.505100000649691 ], [ -205872.904099999926984, 4597802.216600002720952 ], [ -205877.313900000415742, 4597800.976200001314282 ], [ -206017.76420000102371, 4597761.470200000330806 ], [ -206286.021300001069903, 4597766.104100000113249 ], [ -206495.840599998831749, 4597756.471400000154972 ], [ -206508.601800000295043, 4597755.88570000231266 ], [ -206569.575000000186265, 4597752.57460000179708 ], [ -206904.793899999000132, 4597734.380100002512336 ], [ -207041.129399999044836, 4597729.050000002607703 ], [ -207485.575199999846518, 4597711.692100001499057 ], [ -207665.998799999244511, 4597703.213800001889467 ], [ -207671.207799999974668, 4597703.072500001639128 ], [ -207751.174999999813735, 4597700.904600001871586 ], [ -208173.762799999676645, 4597689.462900001555681 ], [ -208500.432200000621378, 4597681.906200001016259 ], [ -208593.01799999922514, 4597679.767100002616644 ], [ -208627.58600000012666, 4597678.968800002709031 ], [ -208933.848599999211729, 4597674.566299999132752 ], [ -209291.570699999108911, 4597669.069700002670288 ], [ -209472.483200000599027, 4597653.618200002238154 ], [ -209536.337099999189377, 4597652.0793999992311 ], [ -209580.830299998633564, 4597651.007500004023314 ], [ -209588.756999999284744, 4597650.816600000485778 ], [ -209771.9375, 4597646.40680000372231 ], [ -210345.443100000731647, 4597627.881900001317263 ], [ -210586.468199999071658, 4597621.279700003564358 ], [ -210688.21610000077635, 4597617.624000001698732 ], [ -210709.97169999871403, 4597616.842500001192093 ], [ -210874.466400000266731, 4597610.935900000855327 ], [ -211404.139399999752641, 4597584.692200001329184 ], [ -211643.72789999935776, 4597576.881500003859401 ], [ -211646.132000000216067, 4597576.80320000462234 ], [ -212113.441800000146031, 4597561.591500002890825 ], [ -212410.904599999077618, 4597549.5691 ], [ -212669.950999999418855, 4597534.285500001162291 ], [ -212685.082099999301136, 4597533.392999997362494 ], [ -212774.42189999949187, 4597528.124300001189113 ], [ -212983.78249999973923, 4597540.341399999335408 ], [ -213083.509300000034273, 4597516.909800000488758 ], [ -213224.106900000944734, 4597510.333000000566244 ], [ -213248.509599999524653, 4597512.510399997234344 ], [ -213257.582500000484288, 4597513.320000000298023 ], [ -213460.877399999648333, 4597531.462500000372529 ], [ -213654.354100000113249, 4597570.603700002655387 ], [ -213769.498300000093877, 4597611.849600000306964 ], [ -213826.569899998605251, 4597632.329900003969669 ], [ -214287.790500001050532, 4597799.155600000172853 ], [ -214307.104700000025332, 4597806.519000001251698 ], [ -214311.545599998906255, 4597808.212000001221895 ], [ -214370.074899999424815, 4597830.526300001889467 ], [ -214370.93959999922663, 4597830.856000004336238 ], [ -214382.82289999909699, 4597835.386600000783801 ], [ -214383.757799998857081, 4597835.743000002577901 ], [ -214594.969900000840425, 4597916.273399999365211 ], [ -214703.559999998658895, 4597970.5168999992311 ], [ -214717.2341, 4597977.347600003704429 ], [ -214733.990600000135601, 4597985.718100002035499 ], [ -214768.784400000236928, 4598003.099300000816584 ], [ -214946.443699998781085, 4598112.769500002264977 ], [ -214990.505799999460578, 4598139.970400001853704 ], [ -215197.149600000120699, 4598292.144300002604723 ], [ -215645.391600000672042, 4598732.062100002542138 ], [ -215706.275999999605119, 4598797.02450000308454 ], [ -215745.046299999579787, 4598844.09940000064671 ], [ -216376.425799999386072, 4599471.939899999648333 ], [ -216675.427999999374151, 4599740.323699999600649 ], [ -216925.330799999646842, 4599977.432800002396107 ], [ -217063.270599999465048, 4600108.319299999624491 ], [ -217239.376899998635054, 4600301.157700000330806 ], [ -217239.375399999320507, 4600301.160400003194809 ], [ -217432.256800000555813, 4600512.382600001990795 ], [ -217764.087000000290573, 4600846.124199999496341 ], [ -218097.885099999606609, 4601187.578600000590086 ], [ -218180.58729999884963, 4601272.179400002583861 ], [ -218446.238999999128282, 4601549.932199999690056 ], [ -218718.145999999716878, 4601842.356300001963973 ], [ -218954.777700000442564, 4602096.85950000025332 ], [ -219158.473199999891222, 4602358.630100000649691 ], [ -219272.037200000137091, 4602539.38399999961257 ], [ -219331.947300000116229, 4602618.304100001230836 ], [ -219517.040900001302361, 4602878.785199999809265 ], [ -219712.525700000114739, 4603191.373400002717972 ], [ -219830.248900000937283, 4603379.430700000375509 ], [ -220082.414199999533594, 4603817.436500001698732 ], [ -220483.604799998924136, 4604497.067400000989437 ], [ -220631.002699999138713, 4604694.908400001004338 ], [ -220744.234400000423193, 4604846.903900001198053 ], [ -220899.689100001007318, 4605063.288000002503395 ], [ -221367.90639999974519, 4605719.569100001826882 ], [ -221480.054599999450147, 4605853.515599999576807 ], [ -221497.697100000455976, 4605870.900500001385808 ], [ -221571.85950000025332, 4605943.9983000010252 ], [ -221717.200299999676645, 4606082.476600002497435 ], [ -221788.731900000013411, 4606150.643900001421571 ], [ -221911.627399999648333, 4606264.316400002688169 ], [ -222236.800900000147521, 4606592.96340000256896 ], [ -222317.392199999652803, 4606671.014700001105666 ], [ -222404.696000001393259, 4606755.566800002008677 ], [ -222486.275300000794232, 4606834.582300001755357 ], [ -222894.35259999986738, 4607229.043299999088049 ], [ -222897.745100000873208, 4607232.316199999302626 ], [ -222904.431300000287592, 4607238.556400001049042 ], [ -223268.43779999949038, 4607578.157600000500679 ], [ -223685.685499999672174, 4607959.950799999758601 ], [ -223900.171399999409914, 4608133.73900000192225 ], [ -224148.338800000026822, 4608293.520500000566244 ], [ -224954.595400000922382, 4608858.925799999386072 ], [ -225186.654800000600517, 4609015.251400001347065 ], [ -225541.557399999350309, 4609252.556800002232194 ], [ -225925.590499999932945, 4609440.493400001898408 ], [ -226187.168899999931455, 4609575.519899999722838 ], [ -226690.019500000402331, 4609818.451600002124906 ], [ -226648.052099999971688, 4609795.52140000462532 ], [ -226982.526599999517202, 4609963.308100003749132 ], [ -227372.864399999380112, 4610160.379900002852082 ], [ -227963.447900000028312, 4610435.138700000941753 ], [ -228312.399299999698997, 4610590.281699998304248 ], [ -228537.211899999529123, 4610683.038799999281764 ], [ -228848.5773, 4610825.341600000858307 ], [ -229047.332599999383092, 4610916.186400001868606 ], [ -229200.573099998757243, 4610986.2331000007689 ], [ -229671.83420000039041, 4611196.622000001370907 ], [ -230353.31459999922663, 4611508.104600002989173 ], [ -230550.068500000052154, 4611594.956499999389052 ], [ -230568.007399999536574, 4611602.874200003221631 ], [ -230593.617499998770654, 4611613.001500003039837 ], [ -230596.720900000073016, 4611615.551399998366833 ], [ -230598.99239999987185, 4611616.554400004446507 ], [ -230708.998100000433624, 4611665.113500002771616 ], [ -230728.320099999196827, 4611673.641699999570847 ], [ -230768.076999998651445, 4611691.1974 ], [ -231066.865800000727177, 4611828.833500001579523 ], [ -231438.266099998727441, 4611997.226500000804663 ], [ -231664.275899999774992, 4612106.42400000244379 ], [ -232171.230700000189245, 4612307.630100000649691 ], [ -232616.06349999923259, 4612495.171299999579787 ], [ -233134.381699999794364, 4612734.550599999725819 ], [ -233229.687400000169873, 4612784.663100000470877 ], [ -233239.166299999691546, 4612789.651000000536442 ], [ -233255.490500000305474, 4612796.805300001055002 ], [ -233266.601800001226366, 4612801.671400001272559 ], [ -233314.11089999973774, 4612826.30460000038147 ], [ -233403.275600001215935, 4612872.544099999591708 ], [ -233410.2182, 4612876.145099999383092 ], [ -233432.456099999137223, 4612887.667500000447035 ], [ -233514.022599998861551, 4612932.028800001367927 ], [ -233615.103699999861419, 4612975.877399997785687 ], [ -233638.252000001259148, 4612995.8581000007689 ], [ -233645.729899998754263, 4613001.446000000461936 ], [ -233721.593099999241531, 4613058.177999999374151 ], [ -234170.548099999316037, 4613421.226500004529953 ], [ -234447.071000000461936, 4613643.7664 ], [ -234548.184299999848008, 4613734.916999999433756 ], [ -234784.968200000934303, 4613924.314799999818206 ], [ -234952.756300000473857, 4614064.509800000116229 ], [ -235254.257100000046194, 4614330.847200000658631 ], [ -235562.737300000153482, 4614597.672700000926852 ], [ -235815.692000000737607, 4614823.251700004562736 ], [ -236020.408200001344085, 4615003.407400002703071 ], [ -236262.324199999682605, 4615186.159100001677871 ], [ -236352.622199999168515, 4615264.883600002154708 ], [ -236739.297099999152124, 4615616.601199999451637 ], [ -237016.846000000834465, 4615857.919699998572469 ], [ -237078.097999999299645, 4615910.785700002685189 ], [ -237201.827200000174344, 4616017.598900001496077 ], [ -237197.183400000445545, 4616064.210300002247095 ], [ -237196.757800000719726, 4616068.514800000935793 ], [ -237196.753199999220669, 4616068.559800000861287 ], [ -237196.740199999883771, 4616068.687300002202392 ], [ -237207.597599999047816, 4616022.5833 ], [ -237376.055200001224875, 4616168.014500001445413 ], [ -237485.335699999704957, 4616276.101300001144409 ], [ -237681.237300000153482, 4616448.635299999266863 ], [ -237877.108099999837577, 4616617.678300004452467 ], [ -237987.555599998682737, 4616712.990600002929568 ], [ -238271.7610999988392, 4616959.4543999992311 ], [ -238425.438600000925362, 4617101.010900001972914 ], [ -238906.40809999871999, 4617541.103500002995133 ], [ -238965.533999999985099, 4617588.954500000923872 ], [ -239039.105700000189245, 4617648.492000002413988 ], [ -239235.49449999909848, 4617814.066000003367662 ], [ -239443.944299999624491, 4618041.225600000470877 ], [ -239673.809100000187755, 4618262.872600004076958 ], [ -239828.188100000843406, 4618427.858400002121925 ], [ -240071.995199999772012, 4618674.259600002318621 ], [ -240314.889799999073148, 4618919.769500004127622 ], [ -240433.144500001333654, 4619033.159100001677871 ], [ -240549.293499998748302, 4619176.785000000149012 ], [ -240570.85429999884218, 4619201.573100002482533 ], [ -240581.33460000064224, 4619213.633300000801682 ], [ -240646.625799998641014, 4619288.719200002029538 ], [ -240671.726100000552833, 4619343.497700003907084 ], [ -240707.451500000432134, 4619421.468200001865625 ], [ -240844.683400000445545, 4619664.698799999430776 ], [ -240999.172800000756979, 4619895.113200001418591 ], [ -241132.184999998658895, 4620098.324200004339218 ], [ -241460.235500000417233, 4620553.484400000423193 ], [ -241617.148299998603761, 4620749.020999999716878 ], [ -241812.67030000127852, 4620993.9814000017941 ], [ -242022.793899999000132, 4621230.622700002044439 ], [ -242176.469600001350045, 4621372.200400000438094 ], [ -242198.837899999693036, 4621389.562400000169873 ], [ -242404.761300000362098, 4621549.358200002461672 ], [ -242630.515000000596046, 4621695.967399999499321 ], [ -242753.735699999146163, 4621779.501199997961521 ], [ -242837.997700001113117, 4621836.629100002348423 ], [ -243160.866499999538064, 4622064.78940000012517 ], [ -243221.278199998661876, 4622108.582900000736117 ], [ -243222.466299999505281, 4622109.440200001001358 ], [ -243727.984999999403954, 4622475.907700000330806 ], [ -244182.849499998614192, 4622788.064899999648333 ], [ -244725.672500000335276, 4623183.295400001108646 ], [ -244789.404199998825788, 4623233.979000000283122 ], [ -244901.160600000061095, 4623342.939700001850724 ], [ -244966.418699999339879, 4623445.633000001311302 ], [ -244986.982699998654425, 4623492.370700001716614 ], [ -245109.588199999183416, 4623771.078200003132224 ], [ -245256.922899998724461, 4624103.822100000455976 ], [ -245432.177899998612702, 4624514.895600002259016 ], [ -245481.779500000178814, 4624631.256100004538894 ], [ -245667.600399998947978, 4625048.475900001823902 ], [ -245760.771099998615682, 4625248.960700001567602 ], [ -245775.859199999831617, 4625281.439500000327826 ], [ -245870.729500000365078, 4625485.602400001138449 ], [ -245914.51420000102371, 4625661.574200000613928 ], [ -245898.276599999517202, 4625793.629599999636412 ], [ -245861.471800000406802, 4626052.757400000467896 ], [ -245835.071999998763204, 4626229.3766999989748 ], [ -245804.436499998904765, 4626434.323999997228384 ], [ -245756.249400000087917, 4626729.870400004088879 ], [ -245738.545699998736382, 4626838.453600000590086 ], [ -245718.554700000211596, 4626961.0767 ], [ -245716.805699999444187, 4626970.815500002354383 ], [ -245678.167399998754263, 4627186.252200003713369 ], [ -245648.96169999986887, 4627349.082300001755357 ], [ -245641.977500000037253, 4627387.998600002378225 ], [ -245688.400299998931587, 4627659.963000001385808 ], [ -245688.874899999238551, 4627665.187899999320507 ], [ -245732.795899999327958, 4628142.818199999630451 ], [ -245734.581000000238419, 4628162.244200000539422 ], [ -245736.183799999766052, 4628179.699100002646446 ], [ -245725.949099998921156, 4628326.192700004205108 ], [ -245671.637000000104308, 4628434.554000003263354 ], [ -245637.950500000268221, 4628508.818800002336502 ], [ -245628.748200000263751, 4628529.106300001963973 ], [ -245592.726999999023974, 4628608.521600002422929 ], [ -245551.653299999423325, 4628699.068900004029274 ], [ -245547.32880000025034, 4628708.598099999129772 ], [ -245499.317999999970198, 4628810.29280000180006 ], [ -245267.561499999836087, 4629301.239199997857213 ], [ -245062.435300000011921, 4629728.519899999722838 ], [ -244691.405000001192093, 4630490.017400000244379 ], [ -244653.801799999549985, 4630563.966300001367927 ], [ -244560.213499999605119, 4630748.001500003039837 ], [ -244398.815999999642372, 4631065.388700000941753 ], [ -244202.613100000657141, 4631465.249099999666214 ], [ -244182.856200001202524, 4631580.696599999442697 ], [ -244111.60149999987334, 4631797.68720000050962 ], [ -244037.76039999909699, 4632018.334300000220537 ], [ -244018.02309999987483, 4632077.335799999535084 ], [ -243978.664699998684227, 4632194.956199999898672 ], [ -243822.894699999131262, 4632651.383200000971556 ], [ -243642.498499999754131, 4633192.535299999639392 ], [ -243367.686499998904765, 4634014.478000001981854 ], [ -243333.235000001266599, 4634115.785100001841784 ], [ -243241.178499999456108, 4634386.48509999923408 ], [ -243197.166000001132488, 4634516.099199999123812 ], [ -243104.121499999426305, 4634790.081800002604723 ], [ -243095.729500000365078, 4634814.788100004196167 ], [ -243038.107599998824298, 4634984.4605 ], [ -242892.234299999661744, 4635399.508200000971556 ], [ -242738.443900000303984, 4635860.729499999433756 ], [ -242598.191599999554455, 4636262.145199999213219 ], [ -242532.699799998663366, 4636457.623700000345707 ], [ -242497.747099999338388, 4636561.977800002321601 ], [ -242341.209100000560284, 4637029.241699999198318 ], [ -242261.732200001366436, 4637196.5822 ], [ -242051.888000001199543, 4637357.12920000217855 ], [ -241881.889200000092387, 4637515.79530000127852 ], [ -241707.849599999375641, 4637632.117300001904368 ], [ -241489.399199998937547, 4637815.431399999186397 ], [ -241276.64919999986887, 4637991.3421 ], [ -241246.201099999248981, 4638016.52250000089407 ], [ -241179.384799999184906, 4638071.769000001251698 ], [ -241058.676399999298155, 4638170.630500003695488 ], [ -240656.388899998739362, 4638500.110400004312396 ], [ -240540.91990000102669, 4638580.81730000115931 ], [ -240490.653799999505281, 4638533.12780000269413 ], [ -240118.063100000843406, 4638179.698300002142787 ], [ -239610.246499999426305, 4638368.637800002470613 ], [ -239415.1570999994874, 4638441.228700002655387 ], [ -239157.420799999497831, 4638551.689999999478459 ], [ -239158.569799999706447, 4638575.405200004577637 ], [ -239168.622699999250472, 4638782.456800004467368 ], [ -239170.323900000192225, 4638817.618400001898408 ], [ -239177.689099999144673, 4638969.333000000566244 ], [ -239188.023400000296533, 4639182.339700002223253 ], [ -239187.736800000071526, 4639234.219200002029538 ], [ -239187.112499998882413, 4639347.412499999627471 ], [ -239186.027599999681115, 4639544.349600000306964 ], [ -239150.649199998937547, 4639547.343700002878904 ], [ -238868.727400000207126, 4639571.197300000116229 ], [ -238727.391200000420213, 4639554.289100000634789 ], [ -238738.442500000819564, 4639611.203700000420213 ], [ -238753.14299999922514, 4639686.929700002074242 ], [ -238841.464599998667836, 4639793.587400002405047 ], [ -238898.223099999129772, 4639884.007500002160668 ], [ -238856.808299999684095, 4639945.984300004318357 ], [ -238846.019400000572205, 4639962.131999999284744 ], [ -238755.473899998702109, 4640053.916700001806021 ], [ -238653.619699998758733, 4640167.125399999320507 ], [ -238629.81180000025779, 4640193.586100002750754 ], [ -238593.320499999448657, 4640234.147900003939867 ], [ -238524.049199999310076, 4640296.904700001701713 ], [ -238416.191299999132752, 4640394.636900000274181 ], [ -238259.121799998916686, 4640535.503300001844764 ], [ -238139.380000000819564, 4640643.93610000051558 ], [ -238103.798399998806417, 4640673.17340000346303 ], [ -237908.817200000397861, 4640833.39130000025034 ], [ -237708.226599999703467, 4640961.860900001600385 ], [ -237511.063900000415742, 4641041.503400001674891 ], [ -237408.744100000709295, 4641070.79619999974966 ], [ -237338.631500001065433, 4641090.866599999368191 ], [ -237301.248000000603497, 4641101.57149999961257 ], [ -237157.676900000311434, 4641149.923000002279878 ], [ -237057.541199999861419, 4641145.243400001898408 ], [ -236938.756599999032915, 4641106.546399999409914 ], [ -236774.085299999453127, 4641022.5822 ], [ -236613.540400000289083, 4640912.909499999135733 ], [ -236606.680200001224875, 4640908.223200000822544 ], [ -236564.492700000293553, 4640879.395500002428889 ], [ -236339.364599999040365, 4640791.200900001451373 ], [ -236241.396100000478327, 4640789.007300002500415 ], [ -236147.193299999460578, 4640850.652799999341369 ], [ -236109.169600000604987, 4640875.536899998784065 ], [ -236106.111699999310076, 4640897.561800003051758 ], [ -236103.525299998931587, 4640916.260500000789762 ], [ -236100.603400000371039, 4640937.332900002598763 ], [ -236097.873999998904765, 4640941.241699999198318 ], [ -236092.200099999085069, 4640952.985800001770258 ], [ -236089.191499998793006, 4640963.207699999213219 ], [ -236089.229100000113249, 4640978.726399999111891 ], [ -236091.164099999703467, 4640993.481699999421835 ], [ -236091.939799998886883, 4640999.926100000739098 ], [ -236112.246700000949204, 4641168.700400002300739 ], [ -236113.893699999898672, 4641174.924900002777576 ], [ -236168.725599999539554, 4641325.95750000141561 ], [ -236176.338899999856949, 4641351.564800001680851 ], [ -236325.855000001378357, 4641445.530500000342727 ], [ -236288.413300001062453, 4641691.368900001049042 ], [ -236272.906200001016259, 4641801.345000000670552 ], [ -236256.129999998956919, 4642011.369200000539422 ], [ -236256.916900000534952, 4642049.737700002267957 ], [ -236007.776000000536442, 4642081.897099999710917 ], [ -236043.110199999064207, 4642317.143200000748038 ], [ -236001.440299999900162, 4642463.005999999120831 ], [ -235743.729700000956655, 4643509.052699999883771 ], [ -235744.901499999687076, 4643509.664100000634789 ], [ -235975.487499999813735, 4643631.529200002551079 ], [ -236045.480400000698864, 4643668.520900003612041 ], [ -236048.83530000038445, 4643670.293299999088049 ], [ -235998.168999999761581, 4643715.776200000196695 ], [ -235819.463100001215935, 4643876.17790000140667 ], [ -235625.35939999949187, 4644012.09430000372231 ], [ -235623.45409999974072, 4644049.019300000742078 ], [ -235618.88329999987036, 4644137.807700000703335 ], [ -235616.690599999390543, 4644235.782700000330806 ], [ -235647.624900000169873, 4644461.6233000010252 ], [ -235654.099199999123812, 4644484.6349 ], [ -235655.213899999856949, 4644509.599000001326203 ], [ -235653.572700001299381, 4644514.938400000333786 ], [ -235663.750300000421703, 4644664.29670000448823 ], [ -235617.873800000175834, 4644702.041900001466274 ], [ -235569.532700000330806, 4644741.804199999198318 ], [ -235538.698400000110269, 4644770.890800001099706 ], [ -235451.946000001393259, 4644852.713899999856949 ], [ -235363.243300000205636, 4644951.63740000128746 ], [ -235370.957399999722838, 4645008.2466000020504 ], [ -235417.21690000128001, 4645081.5811 ], [ -235522.540500000119209, 4645245.50560000166297 ], [ -235675.794999998994172, 4645492.223799999803305 ], [ -235705.805499998852611, 4645562.078100003302097 ], [ -235709.938500000163913, 4645571.716900002211332 ], [ -235758.466799999587238, 4645700.136 ], [ -235762.238899999298155, 4645710.114700000733137 ], [ -235812.418299999088049, 4645842.912799999117851 ], [ -235823.417100000195205, 4645871.073000002652407 ], [ -235830.641699998639524, 4645889.571200001984835 ], [ -235840.221000000834465, 4645914.091600000858307 ], [ -235865.895299999974668, 4645979.837100001052022 ], [ -235901.950600000098348, 4646068.781799998134375 ], [ -235957.525299998931587, 4646205.88260000012815 ], [ -236118.293299999088049, 4646612.005100002512336 ], [ -236297.538500000722706, 4647054.4682 ], [ -236490.548899999819696, 4647535.565600000321865 ], [ -236554.078900001011789, 4647693.945800002664328 ], [ -236610.165199999697506, 4647831.346999997273088 ], [ -236747.47690000012517, 4648167.781600002199411 ], [ -236890.078399999067187, 4648532.918500004336238 ], [ -237102.97059999871999, 4649061.867800002917647 ], [ -237172.17189999949187, 4649234.671300001442432 ], [ -237194.423700001090765, 4649290.241800002753735 ], [ -237310.512399999424815, 4649567.074999997392297 ], [ -237386.992399998940527, 4649642.533700000494719 ], [ -237451.529699999839067, 4649710.421700002625585 ], [ -237463.148299999535084, 4649722.642699999734759 ], [ -237593.838399999774992, 4649857.983899999409914 ], [ -237759.441999999806285, 4650028.480599999427795 ], [ -237931.530799999833107, 4650206.446200001984835 ], [ -238104.972299998626113, 4650398.520600002259016 ], [ -238245.490100000053644, 4650560.255500001832843 ], [ -238259.250099999830127, 4650575.889000002294779 ], [ -238418.598699999973178, 4650756.982100002467632 ], [ -238571.762900000438094, 4650938.295 ], [ -238691.81010000128299, 4651058.86540000140667 ], [ -238870.422099999152124, 4651277.010199999436736 ], [ -239050.016200000420213, 4651481.2111000046134 ], [ -239354.389499998651445, 4651871.733600001782179 ], [ -239456.361499999649823, 4652016.747600002214313 ], [ -239552.311200000345707, 4652147.277799997478724 ], [ -239648.316899999976158, 4652277.8893 ], [ -239773.1139000011608, 4652436.977199997752905 ], [ -239952.84499999973923, 4652666.103400001302361 ], [ -240106.376000000163913, 4652875.482300000265241 ], [ -240341.889999999664724, 4653181.740900000557303 ], [ -240564.104700000025332, 4653477.728700004518032 ], [ -240569.703599999658763, 4653485.00590000115335 ], [ -240716.123200000263751, 4653675.327299997210503 ], [ -240844.205999999307096, 4653837.0384 ], [ -240858.978499999269843, 4653855.983200000599027 ], [ -241035.458200000226498, 4654085.613900002092123 ], [ -241182.012299999594688, 4654294.510500004515052 ], [ -241321.871700000949204, 4654465.554300002753735 ], [ -241328.858199998736382, 4654474.167199999094009 ], [ -241444.445099999196827, 4654616.6908 ], [ -241486.861999998800457, 4654678.084500001743436 ], [ -241565.375699998810887, 4654791.0768 ], [ -241734.529399999417365, 4655010.909199999645352 ], [ -241911.831500001251698, 4655247.677600001916289 ], [ -242085.804399999789894, 4655462.075100000947714 ], [ -242124.040099998936057, 4655509.201700001955032 ], [ -242251.601400000043213, 4655666.41779999807477 ], [ -242282.879099998623133, 4655720.023700000718236 ], [ -242392.354400000534952, 4655891.27000000141561 ], [ -242484.535600000061095, 4656042.613500000908971 ], [ -242516.604599999263883, 4656103.092199999839067 ], [ -242614.51450000051409, 4656287.742500001564622 ], [ -242842.473399999551475, 4656668.265100002288818 ], [ -243004.635599999688566, 4656974.448899999260902 ], [ -243101.725700000301003, 4657200.589999999850988 ], [ -243155.94639999885112, 4657328.182700004428625 ], [ -243244.201999998651445, 4657535.331400001421571 ], [ -243426.052400000393391, 4657973.372000001370907 ], [ -243487.513500000350177, 4658129.565400000661612 ], [ -243557.00859999936074, 4658290.983200002461672 ], [ -243581.924700001254678, 4658348.837400002405047 ], [ -243673.064000000245869, 4658614.607100000604987 ], [ -243729.542999999597669, 4658775.123400004580617 ], [ -243786.789099998772144, 4658917.808599999174476 ], [ -243845.948099998757243, 4659068.701600002124906 ], [ -243919.420300000347197, 4659265.144300000742078 ], [ -243959.206499999389052, 4659357.619100000709295 ], [ -243983.690000000409782, 4659414.534500000998378 ], [ -244049.1512999990955, 4659581.677300000563264 ], [ -244171.240599999204278, 4659904.385700000450015 ], [ -244234.043700000271201, 4660074.701400000602007 ], [ -244335.947599998675287, 4660320.205200001597404 ], [ -244418.406899998895824, 4660543.311500001698732 ], [ -244464.361200000159442, 4660654.021600002422929 ], [ -244487.279299998655915, 4660721.696600003167987 ], [ -244517.893000000156462, 4660812.098200000822544 ], [ -244524.344700000248849, 4660831.150000000372529 ], [ -244540.153400000184774, 4661005.178700001910329 ], [ -244544.019099999219179, 4661124.453600000590086 ], [ -244678.073799999430776, 4661278.444399997591972 ], [ -244775.243900000117719, 4661357.329800002276897 ], [ -244763.323300001211464, 4661380.115700002759695 ], [ -244741.200099999085069, 4661408.973099999129772 ], [ -244736.817799999378622, 4661424.957499999552965 ], [ -244732.530399999581277, 4661439.59090000204742 ], [ -244721.462499999441206, 4661465.695300003513694 ], [ -244701.695399998687208, 4661495.804400000721216 ], [ -244693.661000001244247, 4661525.109099999070168 ], [ -244682.981399999000132, 4661553.413100000470877 ], [ -244649.716499999165535, 4661628.735200002789497 ], [ -244625.36629999987781, 4661685.4046 ], [ -244572.91260000038892, 4661755.575900001451373 ], [ -244483.596599999815226, 4661859.54140000231564 ], [ -244461.545199998654425, 4661883.515799999237061 ], [ -244336.900200000032783, 4661941.55040000192821 ], [ -244234.224200000055134, 4661988.367200000211596 ], [ -244195.297699999064207, 4662005.18100000359118 ], [ -244092.484600000083447, 4662084.8443 ], [ -243987.214399999938905, 4662141.525299999862909 ], [ -243933.450099999085069, 4662160.825500000268221 ], [ -243880.511199998669326, 4662176.110600000247359 ], [ -243791.430499999783933, 4662195.642800003290176 ], [ -243755.126099999062717, 4662209.925300000235438 ], [ -243668.187899999320507, 4662264.636400001123548 ], [ -243555.352199998684227, 4662355.541999999433756 ], [ -243521.530299999751151, 4662380.860500000417233 ], [ -243509.951499999500811, 4662398.782300002872944 ], [ -243507.213400000706315, 4662418.412100002169609 ], [ -243533.996600001119077, 4662485.464699998497963 ], [ -243546.754999998956919, 4662504.826500000432134 ], [ -243568.463800000958145, 4662520.473300002515316 ], [ -243597.00999999884516, 4662558.595300000160933 ], [ -243614.099899999797344, 4662585.864800002425909 ], [ -243625.815499999560416, 4662604.610300000756979 ], [ -243626.984899999573827, 4662615.010900000110269 ], [ -243621.090999999083579, 4662625.458100004121661 ], [ -243527.882799999788404, 4662699.821599999442697 ], [ -243399.167899999767542, 4662811.875700000673532 ], [ -243330.972900000400841, 4662870.347999999299645 ], [ -243321.657200000248849, 4662875.395200001075864 ], [ -243305.32289999909699, 4662868.272600000724196 ], [ -243277.096299999393523, 4662848.931200001388788 ], [ -243220.093999999575317, 4662809.871999999508262 ], [ -243177.567300000227988, 4662781.356700003147125 ], [ -243111.856200000271201, 4662746.594800002872944 ], [ -242999.49349999986589, 4662687.915500000119209 ], [ -242959.662100001238286, 4662667.664300002157688 ], [ -242905.9012999990955, 4662640.331600001081824 ], [ -242818.300000000745058, 4662600.229100001975894 ], [ -242743.870800000615418, 4662569.742200003936887 ], [ -242624.221599999815226, 4662518.153899999335408 ], [ -242572.303399998694658, 4662495.7668999992311 ], [ -242540.521399999968708, 4662480.4983000010252 ], [ -242522.707299998961389, 4662478.973999999463558 ], [ -242506.942699999548495, 4662498.502000002190471 ], [ -242477.826199999079108, 4662537.999299999326468 ], [ -242453.46989999897778, 4662571.586100000888109 ], [ -242417.613399999216199, 4662606.536299999803305 ], [ -242368.554999998770654, 4662640.015000002458692 ], [ -242349.657900000922382, 4662653.891900001093745 ], [ -242338.9205, 4662667.828800002112985 ], [ -242323.661500001326203, 4662687.634800001978874 ], [ -242298.89780000038445, 4662719.292000001296401 ], [ -242274.533200000412762, 4662745.275100000202656 ], [ -242248.201200000941753, 4662772.20580000244081 ], [ -242240.553199999034405, 4662784.430099999532104 ], [ -242218.780700000934303, 4662816.026200000196695 ], [ -242176.278499999083579, 4662879.834400001913309 ], [ -242143.026599999517202, 4662931.802600001916289 ], [ -242102.852700000628829, 4662989.52930000051856 ], [ -242079.988699999637902, 4663028.923000000417233 ], [ -242045.081699999049306, 4663085.119100000709295 ], [ -242012.521999999880791, 4663134.963600002229214 ], [ -241996.780500000342727, 4663158.023100003600121 ], [ -241991.091599998995662, 4663161.695900002494454 ], [ -241982.700600000098348, 4663165.17879999987781 ], [ -241906.7652000002563, 4663132.956399999558926 ], [ -241806.484999999403954, 4663091.690700002014637 ], [ -241720.497899999842048, 4663044.098799999803305 ], [ -241638.065600000321865, 4663000.0153 ], [ -241568.967299998737872, 4662990.268400000408292 ], [ -241515.96269999910146, 4662979.480600001290441 ], [ -241477.214499999769032, 4662991.220599999651313 ], [ -241395.104099999181926, 4663042.150400001555681 ], [ -241338.262699999846518, 4663115.8586 ], [ -241332.551700000651181, 4663120.581800002604723 ], [ -241357.109500001184642, 4663140.138400001451373 ], [ -241370.388999999500811, 4663150.975700000301003 ], [ -241443.291500000283122, 4663210.457600001245737 ] ] ] ] } }
]
}
